[1594056348] -- 06/07/2020 19:25:48 * Initiating (main,compress)
[1594056390] -- 06/07/2020 19:26:30 * Initiating (datatrans,convertdb)
[1594056518] -- 06/07/2020 19:28:38 * Initiating (datatrans,convertdb)
[1594056576] -- 06/07/2020 19:29:36 * Initiating (datatrans,convertdb)
[1594056599] -- 06/07/2020 19:29:59 * Initiating (datatrans,convertdb)
[1594056599] -- 06/07/2020 19:29:59 * Finished (datatrans,convertdb)
						This took about 0 seconds, peak mem usage: 22.74 Mb
[1594056924] -- 06/07/2020 19:35:24 * Initiating (main,compress)
[1594056967] -- 06/07/2020 19:36:07 * Initiating (main,compress)
[1594057001] -- 06/07/2020 19:36:41 * Initiating (main,compress)
[1594057015] -- 06/07/2020 19:36:55 * Initiating (main,compress)
[1594057033] -- 06/07/2020 19:37:13 * Initiating (main,compress)
[1594057048] -- 06/07/2020 19:37:28 * Initiating (main,compress)
[1594057059] -- 06/07/2020 19:37:39 * Initiating (main,compress)
[1594057072] -- 06/07/2020 19:37:52 * Initiating (main,compress)
[1594057107] -- 06/07/2020 19:38:27 * Initiating (main,compress)
[1594057119] -- 06/07/2020 19:38:39 * Initiating (main,compress)
[1594057150] -- 06/07/2020 19:39:10 * Initiating (datatrans,convertdb)
[1594057150] -- 06/07/2020 19:39:10 * Finished (datatrans,convertdb)
						This took about 0 seconds, peak mem usage: 22.74 Mb
[1594057159] -- 06/07/2020 19:39:19 * Initiating (main,compress)
[1594114642] -- 07/07/2020 11:37:22 * Initiating (main,compress)
[1594114689] -- 07/07/2020 11:38:09 * Initiating (main,compress)
[1594114738] -- 07/07/2020 11:38:58 * Initiating (main,compress)
[1594115023] -- 07/07/2020 11:43:43 * Initiating (main,compress)
[1594115023] -- 07/07/2020 11:43:43 * Finished (main,compress)
						This took about 0 seconds, peak mem usage: 67.58 Mb
[1594115171] -- 07/07/2020 11:46:11 * Initiating (main,compress)
[1594115171] -- 07/07/2020 11:46:11 * Finished (main,compress)
						This took about 0 seconds, peak mem usage: 67.59 Mb
[1594115240] -- 07/07/2020 11:47:20 * Initiating (datatrans,convertdb)
[1594115240] -- 07/07/2020 11:47:20 * Finished (datatrans,convertdb)
						This took about 0 seconds, peak mem usage: 22.74 Mb
[1594115426] -- 07/07/2020 11:50:26 * Initiating (main,compress)
[1594115426] -- 07/07/2020 11:50:26 * Finished (main,compress)
						This took about 0 seconds, peak mem usage: 67.57 Mb
[1594115758] -- 07/07/2020 11:55:58 * Initiating (main,compress)
[1594115758] -- 07/07/2020 11:55:58 * Finished (main,compress)
						This took about 0 seconds, peak mem usage: 67.58 Mb
[1594115786] -- 07/07/2020 11:56:26 * Initiating (main,compress)
[1594115786] -- 07/07/2020 11:56:26 * Finished (main,compress)
						This took about 0 seconds, peak mem usage: 67.58 Mb
[1594116570] -- 07/07/2020 12:09:30 * Initiating (main,analysedb)
[1594116570] -- 07/07/2020 12:09:30 * Finished (main,analysedb)
						This took about 0 seconds, peak mem usage: 22.77 Mb
[1594116613] -- 07/07/2020 12:10:13 * Initiating (main,compress)
[1594116633] -- 07/07/2020 12:10:33 * Initiating (main,compress)
[1594116633] -- 07/07/2020 12:10:33 * Finished (main,compress)
						This took about 0 seconds, peak mem usage: 69.96 Mb
[1594121520] -- 07/07/2020 13:32:00 * Initiating (main,compress)
[1594121520] -- 07/07/2020 13:32:03 * Finished (main,compress)
						This took about 3 seconds, peak mem usage: 80.45 Mb
[1594121748] -- 07/07/2020 13:35:48 * Initiating (main,compress)
[1594121748] -- 07/07/2020 13:35:50 * Finished (main,compress)
						This took about 2 seconds, peak mem usage: 80.46 Mb
[1594122019] -- 07/07/2020 13:40:19 * Initiating (mine,frequent)
[1594122019] -- 07/07/2020 13:40:20 * Finished (mine,frequent)
						This took about 1 seconds, peak mem usage: 32.71 Mb
[1594122830] -- 07/07/2020 13:53:50 * Initiating (main,compress)
[1594122830] -- 07/07/2020 13:53:53 * Finished (main,compress)
						This took about 3 seconds, peak mem usage: 23.80 Mb
[1594163797] -- 08/07/2020 01:16:37 * Initiating (main,compress)
[1594163797] -- 08/07/2020 01:16:39 * Finished (main,compress)
						This took about 2 seconds, peak mem usage: 23.80 Mb
[1594164218] -- 08/07/2020 01:23:38 * Initiating (main,compress)
[1594164218] -- 08/07/2020 01:23:38 * Finished (main,compress)
						This took about 0 seconds, peak mem usage: 70.36 Mb
[1594164407] -- 08/07/2020 01:26:47 * Initiating (main,compress)
[1594164407] -- 08/07/2020 01:26:47 * Finished (main,compress)
						This took about 0 seconds, peak mem usage: 70.36 Mb
[1594165078] -- 08/07/2020 01:37:58 * Initiating (main,compress)
[1594165078] -- 08/07/2020 01:37:58 * Finished (main,compress)
						This took about 0 seconds, peak mem usage: 70.35 Mb
[1594165111] -- 08/07/2020 01:38:31 * Initiating (main,compress)
[1594165111] -- 08/07/2020 01:38:31 * Finished (main,compress)
						This took about 0 seconds, peak mem usage: 70.36 Mb
[1594166293] -- 08/07/2020 01:58:13 * Initiating (datatrans,convertdb)
[1594166338] -- 08/07/2020 01:58:58 * Initiating (datatrans,convertdb)
[1594166420] -- 08/07/2020 02:00:20 * Initiating (datatrans,convertdb)
[1594166480] -- 08/07/2020 02:01:20 * Initiating (datatrans,convertdb)
[1594166756] -- 08/07/2020 02:05:56 * Initiating (main,compress)
[1594166756] -- 08/07/2020 02:05:57 * Finished (main,compress)
						This took about 1 seconds, peak mem usage: 944.79 Mb
[1594193110] -- 08/07/2020 09:25:10 * Initiating (datatrans,convertdb)
[1594193536] -- 08/07/2020 09:32:16 * Initiating (datatrans,convertdb)
[1594194326] -- 08/07/2020 09:45:26 * Initiating (datatrans,convertdb)
[1594194326] -- 08/07/2020 09:45:26 * Finished (datatrans,convertdb)
						This took about 0 seconds, peak mem usage: 22.74 Mb
[1594194564] -- 08/07/2020 09:49:24 * Initiating (datatrans,convertdb)
[1594194564] -- 08/07/2020 09:49:29 * Finished (datatrans,convertdb)
						This took about 5 seconds, peak mem usage: 46.64 Mb
[1594194595] -- 08/07/2020 09:49:55 * Initiating (datatrans,convertdb)
[1594194595] -- 08/07/2020 09:49:55 * Finished (datatrans,convertdb)
						This took about 0 seconds, peak mem usage: 23.73 Mb
[1594194706] -- 08/07/2020 09:51:46 * Initiating (datatrans,convertdb)
[1594194706] -- 08/07/2020 09:51:46 * Finished (datatrans,convertdb)
						This took about 0 seconds, peak mem usage: 21.95 Mb
[1594194724] -- 08/07/2020 09:52:04 * Initiating (datatrans,convertdb)
[1594194724] -- 08/07/2020 09:52:06 * Finished (datatrans,convertdb)
						This took about 2 seconds, peak mem usage: 41.14 Mb
[1594194745] -- 08/07/2020 09:52:25 * Initiating (datatrans,convertdb)
[1594194745] -- 08/07/2020 09:52:26 * Finished (datatrans,convertdb)
						This took about 1 seconds, peak mem usage: 22.73 Mb
[1594194766] -- 08/07/2020 09:52:46 * Initiating (datatrans,convertdb)
[1594194766] -- 08/07/2020 09:52:46 * Finished (datatrans,convertdb)
						This took about 0 seconds, peak mem usage: 22.74 Mb
[1594194798] -- 08/07/2020 09:53:18 * Initiating (datatrans,convertdb)
[1594194798] -- 08/07/2020 09:53:26 * Finished (datatrans,convertdb)
						This took about 8 seconds, peak mem usage: 57.37 Mb
[1594194934] -- 08/07/2020 09:55:34 * Initiating (main,compress)
[1594194934] -- 08/07/2020 09:55:43 * Finished (main,compress)
						This took about 9 seconds, peak mem usage: 79.42 Mb
[1594195020] -- 08/07/2020 09:57:00 * Initiating (main,compress)
[1594195020] -- 08/07/2020 09:57:02 * Finished (main,compress)
						This took about 2 seconds, peak mem usage: 72.51 Mb
[1594195073] -- 08/07/2020 09:57:53 * Initiating (main,compress)
[1594195073] -- 08/07/2020 09:58:11 * Finished (main,compress)
						This took about 18 seconds, peak mem usage: 69.71 Mb
[1594195176] -- 08/07/2020 09:59:36 * Initiating (main,compress)
[1594195176] -- 08/07/2020 10:52:39 * Finished (main,compress)
						This took about 3183 seconds, peak mem usage: 274.52 Mb
[1595380777] -- 22/07/2020 03:19:37 * Initiating (main,compress)
[1595380777] -- 22/07/2020 03:19:39 * Finished (main,compress)
						This took about 2 seconds, peak mem usage: 70.04 Mb
[1595380779] -- 22/07/2020 03:19:39 * Initiating (main,compress)
[1595380779] -- 22/07/2020 03:19:41 * Finished (main,compress)
						This took about 2 seconds, peak mem usage: 70.34 Mb
[1595380847] -- 22/07/2020 03:20:47 * Initiating (main,compress)
[1595380847] -- 22/07/2020 03:20:48 * Finished (main,compress)
						This took about 1 seconds, peak mem usage: 70.05 Mb
[1595380848] -- 22/07/2020 03:20:48 * Initiating (main,compress)
[1595380848] -- 22/07/2020 03:20:50 * Finished (main,compress)
						This took about 2 seconds, peak mem usage: 70.34 Mb
[1595386685] -- 22/07/2020 04:58:05 * Initiating (main,compress)
[1595386685] -- 22/07/2020 04:58:08 * Finished (main,compress)
						This took about 3 seconds, peak mem usage: 73.39 Mb
[1595414996] -- 22/07/2020 12:49:56 * Initiating (main,compress)
[1595419311] -- 22/07/2020 14:01:51 * Initiating (datatrans,convertdb)
[1595419361] -- 22/07/2020 14:02:41 * Initiating (datatrans,convertdb)
[1595419552] -- 22/07/2020 14:05:52 * Initiating (datatrans,convertdb)
[1595419552] -- 22/07/2020 14:06:00 * Finished (datatrans,convertdb)
						This took about 8 seconds, peak mem usage: 57.37 Mb
[1595420716] -- 22/07/2020 14:25:16 * Initiating (datatrans,convertdb)
[1595420716] -- 22/07/2020 14:25:16 * Initiating (datatrans,convertdb)
[1595420842] -- 22/07/2020 14:27:22 * Initiating (datatrans,convertdb)
[1595421091] -- 22/07/2020 14:31:31 * Initiating (datatrans,convertdb)
[1595421200] -- 22/07/2020 14:33:20 * Initiating (datatrans,convertdb)
[1595421200] -- 22/07/2020 14:33:20 * Finished (datatrans,convertdb)
						This took about 0 seconds, peak mem usage: 31.00 Mb
[1595425264] -- 22/07/2020 15:41:04 * Initiating (main,compress)
[1595425264] -- 22/07/2020 16:34:20 * Finished (main,compress)
						This took about 3196 seconds, peak mem usage: 274.74 Mb
[1595428460] -- 22/07/2020 16:34:20 * Initiating (main,compress)
[1595428460] -- 22/07/2020 18:41:38 * Finished (main,compress)
						This took about 7638 seconds, peak mem usage: 529.11 Mb
[1595436098] -- 22/07/2020 18:41:38 * Initiating (main,compress)
[1595436098] -- 22/07/2020 21:37:34 * Finished (main,compress)
						This took about 10556 seconds, peak mem usage: 743.20 Mb
[1595446654] -- 22/07/2020 21:37:34 * Initiating (main,compress)
[1595446654] -- 22/07/2020 21:37:34 * Initiating (main,compress)
[1595446654] -- 22/07/2020 21:37:34 * Initiating (main,compress)
[1595446654] -- 22/07/2020 21:37:34 * Initiating (main,compress)
[1595446654] -- 22/07/2020 21:37:36 * Finished (main,compress)
						This took about 2 seconds, peak mem usage: 127.88 Mb
[1595446656] -- 22/07/2020 21:37:36 * Initiating (main,compress)
[1595446656] -- 22/07/2020 21:37:40 * Finished (main,compress)
						This took about 4 seconds, peak mem usage: 139.74 Mb
[1595446660] -- 22/07/2020 21:37:40 * Initiating (main,compress)
[1595446660] -- 22/07/2020 21:37:48 * Finished (main,compress)
						This took about 8 seconds, peak mem usage: 145.02 Mb
[1595938795] -- 28/07/2020 14:19:55 * Initiating (main,compress)
[1595938795] -- 28/07/2020 14:19:55 * Initiating (main,compress)
[1595938795] -- 28/07/2020 14:19:55 * Initiating (main,compress)
[1595939086] -- 28/07/2020 14:24:46 * Initiating (main,compress)
[1595939086] -- 28/07/2020 14:24:46 * Initiating (main,compress)
[1595939086] -- 28/07/2020 14:24:46 * Initiating (main,compress)
[1595939160] -- 28/07/2020 14:26:00 * Initiating (main,compress)
[1595939160] -- 28/07/2020 14:26:00 * Initiating (main,compress)
[1595939160] -- 28/07/2020 14:26:00 * Initiating (main,compress)
[1595939238] -- 28/07/2020 14:27:18 * Initiating (main,compress)
[1595939238] -- 28/07/2020 14:27:18 * Initiating (main,compress)
[1595939238] -- 28/07/2020 14:27:18 * Initiating (main,compress)
[1595939521] -- 28/07/2020 14:32:01 * Initiating (main,compress)
[1595939521] -- 28/07/2020 14:35:02 * Finished (main,compress)
						This took about 181 seconds, peak mem usage: 349.07 Mb
[1595939702] -- 28/07/2020 14:35:02 * Initiating (main,compress)
[1595939702] -- 28/07/2020 14:49:41 * Finished (main,compress)
						This took about 879 seconds, peak mem usage: 1017.75 Mb
[1595940581] -- 28/07/2020 14:49:41 * Initiating (main,compress)
[1595940581] -- 28/07/2020 17:01:07 * Finished (main,compress)
						This took about 7886 seconds, peak mem usage: 2164.77 Mb
[1596240485] -- 01/08/2020 02:08:05 * Initiating (main,compress)
[1596240485] -- 01/08/2020 02:08:44 * Finished (main,compress)
						This took about 39 seconds, peak mem usage: 116.84 Mb
[1596240525] -- 01/08/2020 02:08:45 * Initiating (main,compress)
[1596240525] -- 01/08/2020 02:09:37 * Finished (main,compress)
						This took about 52 seconds, peak mem usage: 122.90 Mb
[1596240578] -- 01/08/2020 02:09:38 * Initiating (main,compress)
[1596240578] -- 01/08/2020 02:12:29 * Finished (main,compress)
						This took about 171 seconds, peak mem usage: 135.43 Mb
[1596240755] -- 01/08/2020 02:12:35 * Initiating (main,compress)
[1596240755] -- 04/08/2020 18:15:58 * Finished (main,compress)
						This took about 317003 seconds, peak mem usage: 219.51 Mb
[1602961777] -- 17/10/2020 21:09:37 * Initiating (datatrans,convertdb)
[1602961777] -- 17/10/2020 21:09:38 * Finished (datatrans,convertdb)
						This took about 1 seconds, peak mem usage: 22.74 Mb
[1602961837] -- 17/10/2020 21:10:37 * Initiating (main,compress)
[1602961837] -- 17/10/2020 21:16:43 * Finished (main,compress)
						This took about 366 seconds, peak mem usage: 1033.95 Mb
[1602962210] -- 17/10/2020 21:16:50 * Initiating (main,compress)
[1602962210] -- 17/10/2020 22:33:33 * Finished (main,compress)
						This took about 4603 seconds, peak mem usage: 2164.71 Mb
[1602966813] -- 17/10/2020 22:33:33 * Initiating (main,compress)
[1602966813] -- 18/10/2020 04:27:22 * Finished (main,compress)
						This took about 21229 seconds, peak mem usage: 2165.51 Mb
[1659111943] -- 29/07/2022 18:25:43 * Initiating (datatrans,convertdb)
[1659111943] -- 29/07/2022 18:25:43 * Finished (datatrans,convertdb)
						This took about 0 seconds, peak mem usage: 21.95 Mb
[1659113052] -- 29/07/2022 18:44:12 * Initiating (main,compress)
[1659113052] -- 29/07/2022 18:44:13 * Finished (main,compress)
						This took about 1 seconds, peak mem usage: 113.58 Mb
[1659113053] -- 29/07/2022 18:44:13 * Initiating (main,compress)
[1659113053] -- 29/07/2022 18:44:13 * Finished (main,compress)
						This took about 0 seconds, peak mem usage: 113.58 Mb
[1659113241] -- 29/07/2022 18:47:21 * Initiating (datatrans,convertdb)
[1659113241] -- 29/07/2022 18:47:21 * Finished (datatrans,convertdb)
						This took about 0 seconds, peak mem usage: 21.95 Mb
[1659113248] -- 29/07/2022 18:47:28 * Initiating (main,compress)
[1659113248] -- 29/07/2022 18:47:29 * Finished (main,compress)
						This took about 1 seconds, peak mem usage: 113.58 Mb
[1659113437] -- 29/07/2022 18:50:37 * Initiating (datatrans,convertdb)
[1659113437] -- 29/07/2022 18:50:37 * Finished (datatrans,convertdb)
						This took about 0 seconds, peak mem usage: 21.95 Mb
[1659113652] -- 29/07/2022 18:54:12 * Initiating (main,compress)
[1659113652] -- 29/07/2022 18:54:12 * Finished (main,compress)
						This took about 0 seconds, peak mem usage: 113.58 Mb
[1752155775] -- 10/07/2025 09:56:15 * Finished (main,compress)
						This took about 0 seconds, peak mem usage: 8.30 Mb
[1752155796] -- 10/07/2025 09:56:36 * Finished (main,compress)
						This took about 0 seconds, peak mem usage: 8.30 Mb
[1752155821] -- 10/07/2025 09:57:01 * Finished (main,compress)
						This took about 0 seconds, peak mem usage: 8.30 Mb
[1752155837] -- 10/07/2025 09:57:17 * Finished (main,compress)
						This took about 0 seconds, peak mem usage: 8.30 Mb
[1752156610] -- 10/07/2025 10:10:10 * Finished (main,compress)
						This took about 0 seconds, peak mem usage: 8.30 Mb
[1752156630] -- 10/07/2025 10:10:30 * Finished (main,compress)
						This took about 0 seconds, peak mem usage: 8.30 Mb
[1752156651] -- 10/07/2025 10:10:51 * Finished (main,compress)
						This took about 0 seconds, peak mem usage: 8.30 Mb
[1752156670] -- 10/07/2025 10:11:10 * Finished (main,compress)
						This took about 0 seconds, peak mem usage: 8.30 Mb
[1752156758] -- 10/07/2025 10:12:38 * Finished (main,compress)
						This took about 0 seconds, peak mem usage: 8.30 Mb
[1752156803] -- 10/07/2025 10:13:23 * Finished (main,compress)
						This took about 0 seconds, peak mem usage: 8.30 Mb
[1752156828] -- 10/07/2025 10:13:48 * Finished (main,compress)
						This took about 0 seconds, peak mem usage: 8.30 Mb
[1752156902] -- 10/07/2025 10:15:02 * Finished (main,compress)
						This took about 0 seconds, peak mem usage: 8.30 Mb
[1752156909] -- 10/07/2025 10:15:09 * Finished (main,compress)
						This took about 0 seconds, peak mem usage: 8.30 Mb
[1752156943] -- 10/07/2025 10:15:43 * Finished (main,compress)
						This took about 0 seconds, peak mem usage: 8.30 Mb
[1752156963] -- 10/07/2025 10:16:03 * Finished (main,compress)
						This took about 0 seconds, peak mem usage: 8.30 Mb
[1752157039] -- 10/07/2025 10:17:19 * Finished (main,compress)
						This took about 0 seconds, peak mem usage: 8.30 Mb
[1752157077] -- 10/07/2025 10:17:57 * Finished (main,compress)
						This took about 0 seconds, peak mem usage: 8.30 Mb
[1752157106] -- 10/07/2025 10:18:26 * Finished (main,compress)
						This took about 0 seconds, peak mem usage: 8.30 Mb
[1752157370] -- 10/07/2025 10:22:50 * Finished (main,compress)
						This took about 0 seconds, peak mem usage: 8.30 Mb
[1752157480] -- 10/07/2025 10:24:40 * Finished (main,compress)
						This took about 0 seconds, peak mem usage: 8.30 Mb
[1752157541] -- 10/07/2025 10:25:41 * Finished (main,compress)
						This took about 0 seconds, peak mem usage: 8.30 Mb
[1752157562] -- 10/07/2025 10:26:02 * Finished (main,compress)
						This took about 0 seconds, peak mem usage: 8.30 Mb
[1752157573] -- 10/07/2025 10:26:13 * Finished (main,compress)
						This took about 0 seconds, peak mem usage: 8.30 Mb
[1752157656] -- 10/07/2025 10:27:36 * Finished (main,compress)
						This took about 0 seconds, peak mem usage: 8.30 Mb
[1752157736] -- 10/07/2025 10:28:56 * Finished (main,compress)
						This took about 0 seconds, peak mem usage: 8.30 Mb
[1752157798] -- 10/07/2025 10:29:58 * Finished (main,compress)
						This took about 0 seconds, peak mem usage: 8.30 Mb
[1752157919] -- 10/07/2025 10:31:59 * Finished (main,compress)
						This took about 0 seconds, peak mem usage: 8.30 Mb
[1752157962] -- 10/07/2025 10:32:42 * Finished (main,compress)
						This took about 0 seconds, peak mem usage: 8.30 Mb
[1752157988] -- 10/07/2025 10:33:08 * Finished (main,compress)
						This took about 0 seconds, peak mem usage: 8.30 Mb
[1752158102] -- 10/07/2025 10:35:02 * Finished (main,compress)
						This took about 0 seconds, peak mem usage: 8.30 Mb
[1752158199] -- 10/07/2025 10:36:39 * Finished (main,compress)
						This took about 0 seconds, peak mem usage: 8.30 Mb
[1752158199] -- 10/07/2025 10:36:39 * Finished (main,compress)
						This took about 0 seconds, peak mem usage: 8.30 Mb
[1752158200] -- 10/07/2025 10:36:40 * Finished (main,compress)
						This took about 0 seconds, peak mem usage: 8.30 Mb
[1752158200] -- 10/07/2025 10:36:40 * Finished (main,compress)
						This took about 0 seconds, peak mem usage: 8.30 Mb
[1752158200] -- 10/07/2025 10:36:40 * Finished (main,compress)
						This took about 0 seconds, peak mem usage: 8.30 Mb
[1752158200] -- 10/07/2025 10:36:40 * Finished (main,compress)
						This took about 0 seconds, peak mem usage: 8.30 Mb
[1752158200] -- 10/07/2025 10:36:40 * Finished (main,compress)
						This took about 0 seconds, peak mem usage: 8.30 Mb
[1752158200] -- 10/07/2025 10:36:40 * Finished (main,compress)
						This took about 0 seconds, peak mem usage: 8.30 Mb
[1752158291] -- 10/07/2025 10:38:11 * Finished (main,compress)
						This took about 0 seconds, peak mem usage: 8.30 Mb
[1752158297] -- 10/07/2025 10:38:17 * Finished (main,compress)
						This took about 0 seconds, peak mem usage: 8.30 Mb
[1752158297] -- 10/07/2025 10:38:17 * Finished (main,compress)
						This took about 0 seconds, peak mem usage: 8.30 Mb
[1752158297] -- 10/07/2025 10:38:17 * Finished (main,compress)
						This took about 0 seconds, peak mem usage: 8.30 Mb
[1752158297] -- 10/07/2025 10:38:17 * Finished (main,compress)
						This took about 0 seconds, peak mem usage: 8.30 Mb
[1752158297] -- 10/07/2025 10:38:17 * Finished (main,compress)
						This took about 0 seconds, peak mem usage: 8.30 Mb
[1752158297] -- 10/07/2025 10:38:17 * Finished (main,compress)
						This took about 0 seconds, peak mem usage: 8.30 Mb
[1752158395] -- 10/07/2025 10:39:55 * Finished (main,compress)
						This took about 0 seconds, peak mem usage: 8.30 Mb
[1752158395] -- 10/07/2025 10:39:55 * Finished (main,compress)
						This took about 0 seconds, peak mem usage: 8.30 Mb
[1752158395] -- 10/07/2025 10:39:55 * Finished (main,compress)
						This took about 0 seconds, peak mem usage: 8.30 Mb
[1752158395] -- 10/07/2025 10:39:55 * Finished (main,compress)
						This took about 0 seconds, peak mem usage: 8.30 Mb
[1752158396] -- 10/07/2025 10:39:56 * Finished (main,compress)
						This took about 0 seconds, peak mem usage: 8.30 Mb
[1752158396] -- 10/07/2025 10:39:56 * Finished (main,compress)
						This took about 0 seconds, peak mem usage: 8.30 Mb
[1752158396] -- 10/07/2025 10:39:56 * Finished (main,compress)
						This took about 0 seconds, peak mem usage: 8.30 Mb
[1752158396] -- 10/07/2025 10:39:56 * Finished (main,compress)
						This took about 0 seconds, peak mem usage: 8.30 Mb
[1752158396] -- 10/07/2025 10:39:56 * Finished (main,compress)
						This took about 0 seconds, peak mem usage: 8.30 Mb
[1752158396] -- 10/07/2025 10:39:56 * Finished (main,compress)
						This took about 0 seconds, peak mem usage: 8.30 Mb
[1752158396] -- 10/07/2025 10:39:56 * Finished (main,compress)
						This took about 0 seconds, peak mem usage: 8.30 Mb
[1752158396] -- 10/07/2025 10:39:56 * Finished (main,compress)
						This took about 0 seconds, peak mem usage: 8.30 Mb
[1752158396] -- 10/07/2025 10:39:56 * Finished (main,compress)
						This took about 0 seconds, peak mem usage: 8.30 Mb
[1752158396] -- 10/07/2025 10:39:56 * Finished (main,compress)
						This took about 0 seconds, peak mem usage: 8.30 Mb
[1752158397] -- 10/07/2025 10:39:57 * Finished (main,compress)
						This took about 0 seconds, peak mem usage: 8.30 Mb
[1752158397] -- 10/07/2025 10:39:57 * Finished (main,compress)
						This took about 0 seconds, peak mem usage: 8.30 Mb
[1752158397] -- 10/07/2025 10:39:57 * Finished (main,compress)
						This took about 0 seconds, peak mem usage: 8.30 Mb
[1752158397] -- 10/07/2025 10:39:57 * Finished (main,compress)
						This took about 0 seconds, peak mem usage: 8.30 Mb
[1752158397] -- 10/07/2025 10:39:57 * Finished (main,compress)
						This took about 0 seconds, peak mem usage: 8.30 Mb
[1752158397] -- 10/07/2025 10:39:57 * Finished (main,compress)
						This took about 0 seconds, peak mem usage: 8.30 Mb
[1752158593] -- 10/07/2025 10:43:14 * Finished (main,compress)
						This took about 1 seconds, peak mem usage: 241.35 Mb
[1752158598] -- 10/07/2025 10:43:19 * Finished (main,compress)
						This took about 1 seconds, peak mem usage: 259.14 Mb
[1752158607] -- 10/07/2025 10:43:29 * Finished (main,compress)
						This took about 2 seconds, peak mem usage: 259.14 Mb
[1752158619] -- 10/07/2025 10:43:42 * Finished (main,compress)
						This took about 3 seconds, peak mem usage: 259.14 Mb
[1752158635] -- 10/07/2025 10:43:59 * Finished (main,compress)
						This took about 4 seconds, peak mem usage: 271.00 Mb
[1752158655] -- 10/07/2025 10:44:20 * Finished (main,compress)
						This took about 5 seconds, peak mem usage: 259.14 Mb
[1752158680] -- 10/07/2025 10:44:46 * Finished (main,compress)
						This took about 6 seconds, peak mem usage: 259.14 Mb
[1752158710] -- 10/07/2025 10:45:18 * Finished (main,compress)
						This took about 8 seconds, peak mem usage: 259.14 Mb
[1752158746] -- 10/07/2025 10:45:55 * Finished (main,compress)
						This took about 9 seconds, peak mem usage: 259.14 Mb
[1752158787] -- 10/07/2025 10:46:38 * Finished (main,compress)
						This took about 11 seconds, peak mem usage: 259.14 Mb
[1752158834] -- 10/07/2025 10:47:27 * Finished (main,compress)
						This took about 13 seconds, peak mem usage: 259.14 Mb
[1752158886] -- 10/07/2025 10:48:20 * Finished (main,compress)
						This took about 14 seconds, peak mem usage: 259.14 Mb
[1752158938] -- 10/07/2025 10:49:14 * Finished (main,compress)
						This took about 16 seconds, peak mem usage: 259.14 Mb
[1752159010] -- 10/07/2025 10:50:10 * Finished (main,compress)
						This took about 0 seconds, peak mem usage: 271.00 Mb
[1752159014] -- 10/07/2025 10:50:15 * Finished (main,compress)
						This took about 1 seconds, peak mem usage: 253.21 Mb
[1752159022] -- 10/07/2025 10:50:24 * Finished (main,compress)
						This took about 2 seconds, peak mem usage: 253.21 Mb
[1752159034] -- 10/07/2025 10:50:37 * Finished (main,compress)
						This took about 3 seconds, peak mem usage: 259.14 Mb
[1752159051] -- 10/07/2025 10:50:55 * Finished (main,compress)
						This took about 4 seconds, peak mem usage: 253.21 Mb
[1752159072] -- 10/07/2025 10:51:17 * Finished (main,compress)
						This took about 5 seconds, peak mem usage: 253.21 Mb
[1752159096] -- 10/07/2025 10:51:37 * Finished (main,compress)
						This took about 1 seconds, peak mem usage: 235.42 Mb
[1752159101] -- 10/07/2025 10:51:43 * Finished (main,compress)
						This took about 2 seconds, peak mem usage: 241.35 Mb
[1752159111] -- 10/07/2025 10:51:53 * Finished (main,compress)
						This took about 2 seconds, peak mem usage: 247.28 Mb
[1752159125] -- 10/07/2025 10:52:08 * Finished (main,compress)
						This took about 3 seconds, peak mem usage: 247.28 Mb
[1752159143] -- 10/07/2025 10:52:28 * Finished (main,compress)
						This took about 5 seconds, peak mem usage: 265.07 Mb
[1752159165] -- 10/07/2025 10:52:50 * Finished (main,compress)
						This took about 5 seconds, peak mem usage: 265.07 Mb
[1752159190] -- 10/07/2025 10:53:17 * Finished (main,compress)
						This took about 7 seconds, peak mem usage: 265.07 Mb
[1752159220] -- 10/07/2025 10:53:48 * Finished (main,compress)
						This took about 8 seconds, peak mem usage: 265.07 Mb
[1752159255] -- 10/07/2025 10:54:24 * Finished (main,compress)
						This took about 9 seconds, peak mem usage: 265.07 Mb
[1752159294] -- 10/07/2025 10:55:06 * Finished (main,compress)
						This took about 12 seconds, peak mem usage: 265.07 Mb
[1752159340] -- 10/07/2025 10:55:54 * Finished (main,compress)
						This took about 14 seconds, peak mem usage: 265.07 Mb
[1752159391] -- 10/07/2025 10:56:48 * Finished (main,compress)
						This took about 17 seconds, peak mem usage: 265.07 Mb
[1752159448] -- 10/07/2025 10:57:46 * Finished (main,compress)
						This took about 18 seconds, peak mem usage: 265.07 Mb
[1752159509] -- 10/07/2025 10:58:49 * Finished (main,compress)
						This took about 20 seconds, peak mem usage: 265.07 Mb
[1752159576] -- 10/07/2025 10:59:56 * Finished (main,compress)
						This took about 20 seconds, peak mem usage: 265.07 Mb
[1752159647] -- 10/07/2025 11:01:09 * Finished (main,compress)
						This took about 22 seconds, peak mem usage: 265.07 Mb
[1752159723] -- 10/07/2025 11:02:27 * Finished (main,compress)
						This took about 24 seconds, peak mem usage: 265.07 Mb
[1752159805] -- 10/07/2025 11:03:50 * Finished (main,compress)
						This took about 25 seconds, peak mem usage: 265.07 Mb
[1752159891] -- 10/07/2025 11:05:19 * Finished (main,compress)
						This took about 28 seconds, peak mem usage: 265.07 Mb
[1752159982] -- 10/07/2025 11:06:52 * Finished (main,compress)
						This took about 30 seconds, peak mem usage: 265.07 Mb
[1752160249] -- 10/07/2025 11:10:51 * Finished (main,compress)
						This took about 2 seconds, peak mem usage: 2112.21 Mb
[1752160257] -- 10/07/2025 11:10:59 * Finished (main,compress)
						This took about 2 seconds, peak mem usage: 2092.57 Mb
[1752160268] -- 10/07/2025 11:11:10 * Finished (main,compress)
						This took about 2 seconds, peak mem usage: 2133.79 Mb
[1752160282] -- 10/07/2025 11:11:25 * Finished (main,compress)
						This took about 3 seconds, peak mem usage: 2072.21 Mb
[1752160300] -- 10/07/2025 11:11:43 * Finished (main,compress)
						This took about 3 seconds, peak mem usage: 2092.57 Mb
[1752160322] -- 10/07/2025 11:12:04 * Finished (main,compress)
						This took about 2 seconds, peak mem usage: 2133.79 Mb
[1752160346] -- 10/07/2025 11:12:29 * Finished (main,compress)
						This took about 3 seconds, peak mem usage: 2092.57 Mb
[1752160375] -- 10/07/2025 11:12:57 * Finished (main,compress)
						This took about 2 seconds, peak mem usage: 2072.21 Mb
[1752160407] -- 10/07/2025 11:13:29 * Finished (main,compress)
						This took about 2 seconds, peak mem usage: 2092.57 Mb
[1752160443] -- 10/07/2025 11:14:05 * Finished (main,compress)
						This took about 2 seconds, peak mem usage: 2133.79 Mb
[1752160482] -- 10/07/2025 11:14:45 * Finished (main,compress)
						This took about 3 seconds, peak mem usage: 2112.21 Mb
[1752160525] -- 10/07/2025 11:15:28 * Finished (main,compress)
						This took about 3 seconds, peak mem usage: 2092.57 Mb
[1752160571] -- 10/07/2025 11:16:14 * Finished (main,compress)
						This took about 3 seconds, peak mem usage: 2051.32 Mb
[1752160621] -- 10/07/2025 11:17:04 * Finished (main,compress)
						This took about 3 seconds, peak mem usage: 2092.57 Mb
[1752160674] -- 10/07/2025 11:17:57 * Finished (main,compress)
						This took about 3 seconds, peak mem usage: 2112.21 Mb
[1752160731] -- 10/07/2025 11:18:54 * Finished (main,compress)
						This took about 3 seconds, peak mem usage: 2112.21 Mb
[1752160792] -- 10/07/2025 11:19:55 * Finished (main,compress)
						This took about 3 seconds, peak mem usage: 2051.32 Mb
[1752160856] -- 10/07/2025 11:20:59 * Finished (main,compress)
						This took about 3 seconds, peak mem usage: 2112.21 Mb
[1752160924] -- 10/07/2025 11:22:07 * Finished (main,compress)
						This took about 3 seconds, peak mem usage: 2112.21 Mb
[1752160996] -- 10/07/2025 11:23:19 * Finished (main,compress)
						This took about 3 seconds, peak mem usage: 2092.57 Mb
[1752161883] -- 10/07/2025 11:38:03 * Finished (main,compress)
						This took about 0 seconds, peak mem usage: 74.36 Mb
[1752161888] -- 10/07/2025 11:38:08 * Finished (main,compress)
						This took about 0 seconds, peak mem usage: 78.45 Mb
[1752161896] -- 10/07/2025 11:38:16 * Finished (main,compress)
						This took about 0 seconds, peak mem usage: 78.45 Mb
[1752161908] -- 10/07/2025 11:38:28 * Finished (main,compress)
						This took about 0 seconds, peak mem usage: 78.45 Mb
[1752161922] -- 10/07/2025 11:38:43 * Finished (main,compress)
						This took about 1 seconds, peak mem usage: 78.45 Mb
[1752161940] -- 10/07/2025 11:39:01 * Finished (main,compress)
						This took about 1 seconds, peak mem usage: 78.45 Mb
[1752161962] -- 10/07/2025 11:39:23 * Finished (main,compress)
						This took about 1 seconds, peak mem usage: 78.45 Mb
[1752161988] -- 10/07/2025 11:39:50 * Finished (main,compress)
						This took about 2 seconds, peak mem usage: 78.45 Mb
[1752162019] -- 10/07/2025 11:40:21 * Finished (main,compress)
						This took about 2 seconds, peak mem usage: 78.45 Mb
[1752162573] -- 10/07/2025 11:49:33 * Finished (main,compress)
						This took about 0 seconds, peak mem usage: 62.07 Mb
[1752162615] -- 10/07/2025 11:50:15 * Finished (main,compress)
						This took about 0 seconds, peak mem usage: 8.30 Mb
[1752162615] -- 10/07/2025 11:50:15 * Finished (main,compress)
						This took about 0 seconds, peak mem usage: 8.30 Mb
[1752162616] -- 10/07/2025 11:50:16 * Finished (main,compress)
						This took about 0 seconds, peak mem usage: 8.30 Mb
[1752162616] -- 10/07/2025 11:50:16 * Finished (main,compress)
						This took about 0 seconds, peak mem usage: 8.30 Mb
[1752162616] -- 10/07/2025 11:50:16 * Finished (main,compress)
						This took about 0 seconds, peak mem usage: 8.30 Mb
[1752163049] -- 10/07/2025 11:57:29 * Finished (main,compress)
						This took about 0 seconds, peak mem usage: 8.30 Mb
[1752163049] -- 10/07/2025 11:57:29 * Finished (main,compress)
						This took about 0 seconds, peak mem usage: 8.30 Mb
[1752163049] -- 10/07/2025 11:57:29 * Finished (main,compress)
						This took about 0 seconds, peak mem usage: 8.30 Mb
[1752163050] -- 10/07/2025 11:57:30 * Finished (main,compress)
						This took about 0 seconds, peak mem usage: 8.30 Mb
[1752163050] -- 10/07/2025 11:57:30 * Finished (main,compress)
						This took about 0 seconds, peak mem usage: 8.30 Mb
[1752163084] -- 10/07/2025 11:58:04 * Finished (main,compress)
						This took about 0 seconds, peak mem usage: 8.30 Mb
[1752163084] -- 10/07/2025 11:58:04 * Finished (main,compress)
						This took about 0 seconds, peak mem usage: 8.30 Mb
[1752163084] -- 10/07/2025 11:58:04 * Finished (main,compress)
						This took about 0 seconds, peak mem usage: 8.30 Mb
[1752163084] -- 10/07/2025 11:58:04 * Finished (main,compress)
						This took about 0 seconds, peak mem usage: 8.30 Mb
[1752163084] -- 10/07/2025 11:58:04 * Finished (main,compress)
						This took about 0 seconds, peak mem usage: 8.30 Mb
[1752163084] -- 10/07/2025 11:58:04 * Finished (main,compress)
						This took about 0 seconds, peak mem usage: 8.30 Mb
[1752163084] -- 10/07/2025 11:58:04 * Finished (main,compress)
						This took about 0 seconds, peak mem usage: 8.30 Mb
[1752163084] -- 10/07/2025 11:58:04 * Finished (main,compress)
						This took about 0 seconds, peak mem usage: 8.30 Mb
[1752163085] -- 10/07/2025 11:58:05 * Finished (main,compress)
						This took about 0 seconds, peak mem usage: 8.30 Mb
[1752163085] -- 10/07/2025 11:58:05 * Finished (main,compress)
						This took about 0 seconds, peak mem usage: 8.30 Mb
[1752163085] -- 10/07/2025 11:58:05 * Finished (main,compress)
						This took about 0 seconds, peak mem usage: 8.30 Mb
[1752163085] -- 10/07/2025 11:58:05 * Finished (main,compress)
						This took about 0 seconds, peak mem usage: 8.30 Mb
[1752163085] -- 10/07/2025 11:58:05 * Finished (main,compress)
						This took about 0 seconds, peak mem usage: 8.30 Mb
[1752163085] -- 10/07/2025 11:58:05 * Finished (main,compress)
						This took about 0 seconds, peak mem usage: 8.30 Mb
[1752163085] -- 10/07/2025 11:58:05 * Finished (main,compress)
						This took about 0 seconds, peak mem usage: 8.30 Mb
[1752163085] -- 10/07/2025 11:58:05 * Finished (main,compress)
						This took about 0 seconds, peak mem usage: 8.30 Mb
[1752163086] -- 10/07/2025 11:58:06 * Finished (main,compress)
						This took about 0 seconds, peak mem usage: 8.30 Mb
[1752163086] -- 10/07/2025 11:58:06 * Finished (main,compress)
						This took about 0 seconds, peak mem usage: 8.30 Mb
[1752163086] -- 10/07/2025 11:58:06 * Finished (main,compress)
						This took about 0 seconds, peak mem usage: 8.30 Mb
[1752163086] -- 10/07/2025 11:58:06 * Finished (main,compress)
						This took about 0 seconds, peak mem usage: 8.30 Mb
[1752166084] -- 10/07/2025 12:48:04 * Finished (main,compress)
						This took about 0 seconds, peak mem usage: 8.30 Mb
[1752166085] -- 10/07/2025 12:48:05 * Finished (main,compress)
						This took about 0 seconds, peak mem usage: 8.30 Mb
[1752166183] -- 10/07/2025 12:49:43 * Finished (main,compress)
						This took about 0 seconds, peak mem usage: 8.30 Mb
[1752166194] -- 10/07/2025 12:49:54 * Finished (main,compress)
						This took about 0 seconds, peak mem usage: 8.30 Mb
[1752166195] -- 10/07/2025 12:49:55 * Finished (main,compress)
						This took about 0 seconds, peak mem usage: 8.30 Mb
[1752166238] -- 10/07/2025 12:50:38 * Finished (main,compress)
						This took about 0 seconds, peak mem usage: 8.30 Mb
[1752166238] -- 10/07/2025 12:50:38 * Finished (main,compress)
						This took about 0 seconds, peak mem usage: 8.30 Mb
[1752166282] -- 10/07/2025 12:51:22 * Finished (main,compress)
						This took about 0 seconds, peak mem usage: 8.30 Mb
[1752166282] -- 10/07/2025 12:51:22 * Finished (main,compress)
						This took about 0 seconds, peak mem usage: 8.30 Mb
[1752166297] -- 10/07/2025 12:51:37 * Finished (main,compress)
						This took about 0 seconds, peak mem usage: 8.30 Mb
[1752166298] -- 10/07/2025 12:51:38 * Finished (main,compress)
						This took about 0 seconds, peak mem usage: 8.30 Mb
[1752166311] -- 10/07/2025 12:51:51 * Finished (main,compress)
						This took about 0 seconds, peak mem usage: 8.30 Mb
[1752166311] -- 10/07/2025 12:51:51 * Finished (main,compress)
						This took about 0 seconds, peak mem usage: 8.30 Mb
[1752166336] -- 10/07/2025 12:52:16 * Finished (main,compress)
						This took about 0 seconds, peak mem usage: 8.30 Mb
[1752166336] -- 10/07/2025 12:52:16 * Finished (main,compress)
						This took about 0 seconds, peak mem usage: 8.30 Mb
[1752166338] -- 10/07/2025 12:52:18 * Finished (main,compress)
						This took about 0 seconds, peak mem usage: 8.30 Mb
[1752166339] -- 10/07/2025 12:52:19 * Finished (main,compress)
						This took about 0 seconds, peak mem usage: 8.30 Mb
[1752166470] -- 10/07/2025 12:54:30 * Finished (main,compress)
						This took about 0 seconds, peak mem usage: 8.30 Mb
[1752166470] -- 10/07/2025 12:54:30 * Finished (main,compress)
						This took about 0 seconds, peak mem usage: 8.30 Mb
[1752166494] -- 10/07/2025 12:54:54 * Finished (main,compress)
						This took about 0 seconds, peak mem usage: 8.30 Mb
[1752166494] -- 10/07/2025 12:54:54 * Finished (main,compress)
						This took about 0 seconds, peak mem usage: 8.30 Mb
[1752166843] -- 10/07/2025 13:00:43 * Finished (main,compress)
						This took about 0 seconds, peak mem usage: 8.30 Mb
[1752166843] -- 10/07/2025 13:00:43 * Finished (main,compress)
						This took about 0 seconds, peak mem usage: 8.30 Mb
[1752166934] -- 10/07/2025 13:02:14 * Finished (main,compress)
						This took about 0 seconds, peak mem usage: 8.30 Mb
[1752166934] -- 10/07/2025 13:02:14 * Finished (main,compress)
						This took about 0 seconds, peak mem usage: 8.30 Mb
[1752166934] -- 10/07/2025 13:02:14 * Finished (main,compress)
						This took about 0 seconds, peak mem usage: 8.30 Mb
[1752166934] -- 10/07/2025 13:02:14 * Finished (main,compress)
						This took about 0 seconds, peak mem usage: 8.30 Mb
[1752166934] -- 10/07/2025 13:02:14 * Finished (main,compress)
						This took about 0 seconds, peak mem usage: 8.30 Mb
[1752166934] -- 10/07/2025 13:02:14 * Finished (main,compress)
						This took about 0 seconds, peak mem usage: 8.30 Mb
[1752166934] -- 10/07/2025 13:02:14 * Finished (main,compress)
						This took about 0 seconds, peak mem usage: 8.30 Mb
[1752166935] -- 10/07/2025 13:02:15 * Finished (main,compress)
						This took about 0 seconds, peak mem usage: 8.30 Mb
[1752166935] -- 10/07/2025 13:02:15 * Finished (main,compress)
						This took about 0 seconds, peak mem usage: 8.30 Mb
[1752166935] -- 10/07/2025 13:02:15 * Finished (main,compress)
						This took about 0 seconds, peak mem usage: 8.30 Mb
[1752166935] -- 10/07/2025 13:02:15 * Finished (main,compress)
						This took about 0 seconds, peak mem usage: 8.30 Mb
[1752166935] -- 10/07/2025 13:02:15 * Finished (main,compress)
						This took about 0 seconds, peak mem usage: 8.30 Mb
[1752166935] -- 10/07/2025 13:02:15 * Finished (main,compress)
						This took about 0 seconds, peak mem usage: 8.30 Mb
[1752166935] -- 10/07/2025 13:02:15 * Finished (main,compress)
						This took about 0 seconds, peak mem usage: 8.30 Mb
[1752166936] -- 10/07/2025 13:02:16 * Finished (main,compress)
						This took about 0 seconds, peak mem usage: 8.30 Mb
[1752166936] -- 10/07/2025 13:02:16 * Finished (main,compress)
						This took about 0 seconds, peak mem usage: 8.30 Mb
[1752166936] -- 10/07/2025 13:02:16 * Finished (main,compress)
						This took about 0 seconds, peak mem usage: 8.30 Mb
[1752166936] -- 10/07/2025 13:02:16 * Finished (main,compress)
						This took about 0 seconds, peak mem usage: 8.30 Mb
[1752166936] -- 10/07/2025 13:02:16 * Finished (main,compress)
						This took about 0 seconds, peak mem usage: 8.30 Mb
[1752166936] -- 10/07/2025 13:02:16 * Finished (main,compress)
						This took about 0 seconds, peak mem usage: 8.30 Mb
[1752167154] -- 10/07/2025 13:05:54 * Finished (main,compress)
						This took about 0 seconds, peak mem usage: 8.30 Mb
[1752167154] -- 10/07/2025 13:05:54 * Finished (main,compress)
						This took about 0 seconds, peak mem usage: 8.30 Mb
[1752167154] -- 10/07/2025 13:05:54 * Finished (main,compress)
						This took about 0 seconds, peak mem usage: 8.30 Mb
[1752167154] -- 10/07/2025 13:05:54 * Finished (main,compress)
						This took about 0 seconds, peak mem usage: 8.30 Mb
[1752167155] -- 10/07/2025 13:05:55 * Finished (main,compress)
						This took about 0 seconds, peak mem usage: 8.30 Mb
[1752167155] -- 10/07/2025 13:05:55 * Finished (main,compress)
						This took about 0 seconds, peak mem usage: 8.30 Mb
[1752167155] -- 10/07/2025 13:05:55 * Finished (main,compress)
						This took about 0 seconds, peak mem usage: 8.30 Mb
[1752167205] -- 10/07/2025 13:06:45 * Finished (main,compress)
						This took about 0 seconds, peak mem usage: 8.30 Mb
[1752167205] -- 10/07/2025 13:06:45 * Finished (main,compress)
						This took about 0 seconds, peak mem usage: 8.30 Mb
[1752167205] -- 10/07/2025 13:06:45 * Finished (main,compress)
						This took about 0 seconds, peak mem usage: 8.30 Mb
[1752167205] -- 10/07/2025 13:06:45 * Finished (main,compress)
						This took about 0 seconds, peak mem usage: 8.30 Mb
[1752167205] -- 10/07/2025 13:06:45 * Finished (main,compress)
						This took about 0 seconds, peak mem usage: 8.30 Mb
[1752167205] -- 10/07/2025 13:06:45 * Finished (main,compress)
						This took about 0 seconds, peak mem usage: 8.30 Mb
[1752167205] -- 10/07/2025 13:06:45 * Finished (main,compress)
						This took about 0 seconds, peak mem usage: 8.30 Mb
[1752167205] -- 10/07/2025 13:06:45 * Finished (main,compress)
						This took about 0 seconds, peak mem usage: 8.30 Mb
[1752167206] -- 10/07/2025 13:06:46 * Finished (main,compress)
						This took about 0 seconds, peak mem usage: 8.30 Mb
[1752167206] -- 10/07/2025 13:06:46 * Finished (main,compress)
						This took about 0 seconds, peak mem usage: 8.30 Mb
[1752167206] -- 10/07/2025 13:06:46 * Finished (main,compress)
						This took about 0 seconds, peak mem usage: 8.30 Mb
[1752167206] -- 10/07/2025 13:06:46 * Finished (main,compress)
						This took about 0 seconds, peak mem usage: 8.30 Mb
[1752167206] -- 10/07/2025 13:06:46 * Finished (main,compress)
						This took about 0 seconds, peak mem usage: 8.30 Mb
[1752167206] -- 10/07/2025 13:06:46 * Finished (main,compress)
						This took about 0 seconds, peak mem usage: 8.30 Mb
[1752167206] -- 10/07/2025 13:06:46 * Finished (main,compress)
						This took about 0 seconds, peak mem usage: 8.30 Mb
[1752167206] -- 10/07/2025 13:06:46 * Finished (main,compress)
						This took about 0 seconds, peak mem usage: 8.30 Mb
[1752167206] -- 10/07/2025 13:06:46 * Finished (main,compress)
						This took about 0 seconds, peak mem usage: 8.30 Mb
[1752167206] -- 10/07/2025 13:06:46 * Finished (main,compress)
						This took about 0 seconds, peak mem usage: 8.30 Mb
[1752167207] -- 10/07/2025 13:06:47 * Finished (main,compress)
						This took about 0 seconds, peak mem usage: 8.30 Mb
[1752167217] -- 10/07/2025 13:06:57 * Finished (main,compress)
						This took about 0 seconds, peak mem usage: 8.30 Mb
[1752167217] -- 10/07/2025 13:06:57 * Finished (main,compress)
						This took about 0 seconds, peak mem usage: 8.30 Mb
[1752167218] -- 10/07/2025 13:06:58 * Finished (main,compress)
						This took about 0 seconds, peak mem usage: 8.30 Mb
[1752167218] -- 10/07/2025 13:06:58 * Finished (main,compress)
						This took about 0 seconds, peak mem usage: 8.30 Mb
[1752167218] -- 10/07/2025 13:06:58 * Finished (main,compress)
						This took about 0 seconds, peak mem usage: 8.30 Mb
[1752167218] -- 10/07/2025 13:06:58 * Finished (main,compress)
						This took about 0 seconds, peak mem usage: 8.30 Mb
[1752167218] -- 10/07/2025 13:06:58 * Finished (main,compress)
						This took about 0 seconds, peak mem usage: 8.30 Mb
[1752167218] -- 10/07/2025 13:06:58 * Finished (main,compress)
						This took about 0 seconds, peak mem usage: 8.30 Mb
[1752167218] -- 10/07/2025 13:06:58 * Finished (main,compress)
						This took about 0 seconds, peak mem usage: 8.30 Mb
[1752167218] -- 10/07/2025 13:06:58 * Finished (main,compress)
						This took about 0 seconds, peak mem usage: 8.30 Mb
[1752167218] -- 10/07/2025 13:06:58 * Finished (main,compress)
						This took about 0 seconds, peak mem usage: 8.30 Mb
[1752167218] -- 10/07/2025 13:06:58 * Finished (main,compress)
						This took about 0 seconds, peak mem usage: 8.30 Mb
[1752167219] -- 10/07/2025 13:06:59 * Finished (main,compress)
						This took about 0 seconds, peak mem usage: 8.30 Mb
[1752167219] -- 10/07/2025 13:06:59 * Finished (main,compress)
						This took about 0 seconds, peak mem usage: 8.30 Mb
[1752167219] -- 10/07/2025 13:06:59 * Finished (main,compress)
						This took about 0 seconds, peak mem usage: 8.30 Mb
[1752167219] -- 10/07/2025 13:06:59 * Finished (main,compress)
						This took about 0 seconds, peak mem usage: 8.30 Mb
[1752167219] -- 10/07/2025 13:06:59 * Finished (main,compress)
						This took about 0 seconds, peak mem usage: 8.30 Mb
[1752167219] -- 10/07/2025 13:06:59 * Finished (main,compress)
						This took about 0 seconds, peak mem usage: 8.30 Mb
[1752167219] -- 10/07/2025 13:06:59 * Finished (main,compress)
						This took about 0 seconds, peak mem usage: 8.30 Mb
[1752167219] -- 10/07/2025 13:06:59 * Finished (main,compress)
						This took about 0 seconds, peak mem usage: 8.30 Mb
[1752167308] -- 10/07/2025 13:08:28 * Finished (main,compress)
						This took about 0 seconds, peak mem usage: 8.30 Mb
[1752167308] -- 10/07/2025 13:08:28 * Finished (main,compress)
						This took about 0 seconds, peak mem usage: 8.30 Mb
[1752167308] -- 10/07/2025 13:08:28 * Finished (main,compress)
						This took about 0 seconds, peak mem usage: 8.30 Mb
[1752167308] -- 10/07/2025 13:08:28 * Finished (main,compress)
						This took about 0 seconds, peak mem usage: 8.30 Mb
[1752167308] -- 10/07/2025 13:08:28 * Finished (main,compress)
						This took about 0 seconds, peak mem usage: 8.30 Mb
[1752167309] -- 10/07/2025 13:08:29 * Finished (main,compress)
						This took about 0 seconds, peak mem usage: 8.30 Mb
[1752167309] -- 10/07/2025 13:08:29 * Finished (main,compress)
						This took about 0 seconds, peak mem usage: 8.30 Mb
[1752167309] -- 10/07/2025 13:08:29 * Finished (main,compress)
						This took about 0 seconds, peak mem usage: 8.30 Mb
[1752167309] -- 10/07/2025 13:08:29 * Finished (main,compress)
						This took about 0 seconds, peak mem usage: 8.30 Mb
[1752167309] -- 10/07/2025 13:08:29 * Finished (main,compress)
						This took about 0 seconds, peak mem usage: 8.30 Mb
[1752167309] -- 10/07/2025 13:08:29 * Finished (main,compress)
						This took about 0 seconds, peak mem usage: 8.30 Mb
[1752167309] -- 10/07/2025 13:08:29 * Finished (main,compress)
						This took about 0 seconds, peak mem usage: 8.30 Mb
[1752167309] -- 10/07/2025 13:08:29 * Finished (main,compress)
						This took about 0 seconds, peak mem usage: 8.30 Mb
[1752167309] -- 10/07/2025 13:08:29 * Finished (main,compress)
						This took about 0 seconds, peak mem usage: 8.30 Mb
[1752167309] -- 10/07/2025 13:08:29 * Finished (main,compress)
						This took about 0 seconds, peak mem usage: 8.30 Mb
[1752167309] -- 10/07/2025 13:08:29 * Finished (main,compress)
						This took about 0 seconds, peak mem usage: 8.30 Mb
[1752167310] -- 10/07/2025 13:08:30 * Finished (main,compress)
						This took about 0 seconds, peak mem usage: 8.30 Mb
[1752167310] -- 10/07/2025 13:08:30 * Finished (main,compress)
						This took about 0 seconds, peak mem usage: 8.30 Mb
[1752167310] -- 10/07/2025 13:08:30 * Finished (main,compress)
						This took about 0 seconds, peak mem usage: 8.30 Mb
[1752167310] -- 10/07/2025 13:08:30 * Finished (main,compress)
						This took about 0 seconds, peak mem usage: 8.30 Mb
[1752167324] -- 10/07/2025 13:08:44 * Finished (main,compress)
						This took about 0 seconds, peak mem usage: 8.30 Mb
[1752167324] -- 10/07/2025 13:08:44 * Finished (main,compress)
						This took about 0 seconds, peak mem usage: 8.30 Mb
[1752167324] -- 10/07/2025 13:08:44 * Finished (main,compress)
						This took about 0 seconds, peak mem usage: 8.30 Mb
[1752167324] -- 10/07/2025 13:08:44 * Finished (main,compress)
						This took about 0 seconds, peak mem usage: 8.30 Mb
[1752167324] -- 10/07/2025 13:08:44 * Finished (main,compress)
						This took about 0 seconds, peak mem usage: 8.30 Mb
[1752167325] -- 10/07/2025 13:08:45 * Finished (main,compress)
						This took about 0 seconds, peak mem usage: 8.30 Mb
[1752167325] -- 10/07/2025 13:08:45 * Finished (main,compress)
						This took about 0 seconds, peak mem usage: 8.30 Mb
[1752167325] -- 10/07/2025 13:08:45 * Finished (main,compress)
						This took about 0 seconds, peak mem usage: 8.30 Mb
[1752167325] -- 10/07/2025 13:08:45 * Finished (main,compress)
						This took about 0 seconds, peak mem usage: 8.30 Mb
[1752170507] -- 10/07/2025 14:01:47 * Finished (main,compress)
						This took about 0 seconds, peak mem usage: 8.30 Mb
[1752170526] -- 10/07/2025 14:02:06 * Finished (main,compress)
						This took about 0 seconds, peak mem usage: 8.30 Mb
[1752170573] -- 10/07/2025 14:02:53 * Finished (main,compress)
						This took about 0 seconds, peak mem usage: 8.30 Mb
[1752170622] -- 10/07/2025 14:03:42 * Finished (main,compress)
						This took about 0 seconds, peak mem usage: 8.30 Mb
[1752170647] -- 10/07/2025 14:04:07 * Finished (main,compress)
						This took about 0 seconds, peak mem usage: 8.30 Mb
[1752170756] -- 10/07/2025 14:05:56 * Finished (main,compress)
						This took about 0 seconds, peak mem usage: 8.30 Mb
[1752170832] -- 10/07/2025 14:07:12 * Finished (main,compress)
						This took about 0 seconds, peak mem usage: 8.30 Mb
[1752170832] -- 10/07/2025 14:07:12 * Finished (main,compress)
						This took about 0 seconds, peak mem usage: 8.30 Mb
[1752170915] -- 10/07/2025 14:08:35 * Finished (main,compress)
						This took about 0 seconds, peak mem usage: 8.30 Mb
[1752170916] -- 10/07/2025 14:08:36 * Finished (main,compress)
						This took about 0 seconds, peak mem usage: 8.30 Mb
[1752170965] -- 10/07/2025 14:09:25 * Finished (main,compress)
						This took about 0 seconds, peak mem usage: 8.30 Mb
[1752170965] -- 10/07/2025 14:09:25 * Finished (main,compress)
						This took about 0 seconds, peak mem usage: 8.30 Mb
[1752170965] -- 10/07/2025 14:09:25 * Finished (main,compress)
						This took about 0 seconds, peak mem usage: 8.30 Mb
[1752170965] -- 10/07/2025 14:09:25 * Finished (main,compress)
						This took about 0 seconds, peak mem usage: 8.30 Mb
[1752170965] -- 10/07/2025 14:09:25 * Finished (main,compress)
						This took about 0 seconds, peak mem usage: 8.30 Mb
[1752170965] -- 10/07/2025 14:09:25 * Finished (main,compress)
						This took about 0 seconds, peak mem usage: 8.30 Mb
[1752170965] -- 10/07/2025 14:09:25 * Finished (main,compress)
						This took about 0 seconds, peak mem usage: 8.30 Mb
[1752170966] -- 10/07/2025 14:09:26 * Finished (main,compress)
						This took about 0 seconds, peak mem usage: 8.30 Mb
[1752170966] -- 10/07/2025 14:09:26 * Finished (main,compress)
						This took about 0 seconds, peak mem usage: 8.30 Mb
[1752170966] -- 10/07/2025 14:09:26 * Finished (main,compress)
						This took about 0 seconds, peak mem usage: 8.30 Mb
[1752170966] -- 10/07/2025 14:09:26 * Finished (main,compress)
						This took about 0 seconds, peak mem usage: 8.30 Mb
[1752170966] -- 10/07/2025 14:09:26 * Finished (main,compress)
						This took about 0 seconds, peak mem usage: 8.30 Mb
[1752170966] -- 10/07/2025 14:09:26 * Finished (main,compress)
						This took about 0 seconds, peak mem usage: 8.30 Mb
[1752170966] -- 10/07/2025 14:09:26 * Finished (main,compress)
						This took about 0 seconds, peak mem usage: 8.30 Mb
[1752170967] -- 10/07/2025 14:09:27 * Finished (main,compress)
						This took about 0 seconds, peak mem usage: 8.30 Mb
[1752170967] -- 10/07/2025 14:09:27 * Finished (main,compress)
						This took about 0 seconds, peak mem usage: 8.30 Mb
[1752170967] -- 10/07/2025 14:09:27 * Finished (main,compress)
						This took about 0 seconds, peak mem usage: 8.30 Mb
[1752170967] -- 10/07/2025 14:09:27 * Finished (main,compress)
						This took about 0 seconds, peak mem usage: 8.30 Mb
[1752170967] -- 10/07/2025 14:09:27 * Finished (main,compress)
						This took about 0 seconds, peak mem usage: 8.30 Mb
[1752170967] -- 10/07/2025 14:09:27 * Finished (main,compress)
						This took about 0 seconds, peak mem usage: 8.30 Mb
[1752171007] -- 10/07/2025 14:10:07 * Finished (main,compress)
						This took about 0 seconds, peak mem usage: 8.30 Mb
[1752171007] -- 10/07/2025 14:10:07 * Finished (main,compress)
						This took about 0 seconds, peak mem usage: 8.30 Mb
[1752171008] -- 10/07/2025 14:10:08 * Finished (main,compress)
						This took about 0 seconds, peak mem usage: 8.30 Mb
[1752171008] -- 10/07/2025 14:10:08 * Finished (main,compress)
						This took about 0 seconds, peak mem usage: 8.30 Mb
[1752171008] -- 10/07/2025 14:10:08 * Finished (main,compress)
						This took about 0 seconds, peak mem usage: 8.30 Mb
[1752171008] -- 10/07/2025 14:10:08 * Finished (main,compress)
						This took about 0 seconds, peak mem usage: 8.30 Mb
[1752171008] -- 10/07/2025 14:10:08 * Finished (main,compress)
						This took about 0 seconds, peak mem usage: 8.30 Mb
[1752171008] -- 10/07/2025 14:10:08 * Finished (main,compress)
						This took about 0 seconds, peak mem usage: 8.30 Mb
[1752171008] -- 10/07/2025 14:10:08 * Finished (main,compress)
						This took about 0 seconds, peak mem usage: 8.30 Mb
[1752171008] -- 10/07/2025 14:10:08 * Finished (main,compress)
						This took about 0 seconds, peak mem usage: 8.30 Mb
[1752171008] -- 10/07/2025 14:10:08 * Finished (main,compress)
						This took about 0 seconds, peak mem usage: 8.30 Mb
[1752171009] -- 10/07/2025 14:10:09 * Finished (main,compress)
						This took about 0 seconds, peak mem usage: 8.30 Mb
[1752171009] -- 10/07/2025 14:10:09 * Finished (main,compress)
						This took about 0 seconds, peak mem usage: 8.30 Mb
[1752171009] -- 10/07/2025 14:10:09 * Finished (main,compress)
						This took about 0 seconds, peak mem usage: 8.30 Mb
[1752171009] -- 10/07/2025 14:10:09 * Finished (main,compress)
						This took about 0 seconds, peak mem usage: 8.30 Mb
[1752171009] -- 10/07/2025 14:10:09 * Finished (main,compress)
						This took about 0 seconds, peak mem usage: 8.30 Mb
[1752171009] -- 10/07/2025 14:10:09 * Finished (main,compress)
						This took about 0 seconds, peak mem usage: 8.30 Mb
[1752171009] -- 10/07/2025 14:10:09 * Finished (main,compress)
						This took about 0 seconds, peak mem usage: 8.30 Mb
[1752171010] -- 10/07/2025 14:10:10 * Finished (main,compress)
						This took about 0 seconds, peak mem usage: 8.30 Mb
[1752171010] -- 10/07/2025 14:10:10 * Finished (main,compress)
						This took about 0 seconds, peak mem usage: 8.30 Mb
[1752171033] -- 10/07/2025 14:10:33 * Finished (main,compress)
						This took about 0 seconds, peak mem usage: 8.30 Mb
[1752171034] -- 10/07/2025 14:10:34 * Finished (main,compress)
						This took about 0 seconds, peak mem usage: 8.30 Mb
[1752171034] -- 10/07/2025 14:10:34 * Finished (main,compress)
						This took about 0 seconds, peak mem usage: 8.30 Mb
[1752171034] -- 10/07/2025 14:10:34 * Finished (main,compress)
						This took about 0 seconds, peak mem usage: 8.30 Mb
[1752171034] -- 10/07/2025 14:10:34 * Finished (main,compress)
						This took about 0 seconds, peak mem usage: 8.30 Mb
[1752171034] -- 10/07/2025 14:10:34 * Finished (main,compress)
						This took about 0 seconds, peak mem usage: 8.30 Mb
[1752171034] -- 10/07/2025 14:10:34 * Finished (main,compress)
						This took about 0 seconds, peak mem usage: 8.30 Mb
[1752171034] -- 10/07/2025 14:10:34 * Finished (main,compress)
						This took about 0 seconds, peak mem usage: 8.30 Mb
[1752171034] -- 10/07/2025 14:10:34 * Finished (main,compress)
						This took about 0 seconds, peak mem usage: 8.30 Mb
[1752171034] -- 10/07/2025 14:10:34 * Finished (main,compress)
						This took about 0 seconds, peak mem usage: 8.30 Mb
[1752171034] -- 10/07/2025 14:10:34 * Finished (main,compress)
						This took about 0 seconds, peak mem usage: 8.30 Mb
[1752171035] -- 10/07/2025 14:10:35 * Finished (main,compress)
						This took about 0 seconds, peak mem usage: 8.30 Mb
[1752171035] -- 10/07/2025 14:10:35 * Finished (main,compress)
						This took about 0 seconds, peak mem usage: 8.30 Mb
[1752171035] -- 10/07/2025 14:10:35 * Finished (main,compress)
						This took about 0 seconds, peak mem usage: 8.30 Mb
[1752171035] -- 10/07/2025 14:10:35 * Finished (main,compress)
						This took about 0 seconds, peak mem usage: 8.30 Mb
[1752171035] -- 10/07/2025 14:10:35 * Finished (main,compress)
						This took about 0 seconds, peak mem usage: 8.30 Mb
[1752171035] -- 10/07/2025 14:10:35 * Finished (main,compress)
						This took about 0 seconds, peak mem usage: 8.30 Mb
[1752171036] -- 10/07/2025 14:10:36 * Finished (main,compress)
						This took about 0 seconds, peak mem usage: 8.30 Mb
[1752171036] -- 10/07/2025 14:10:36 * Finished (main,compress)
						This took about 0 seconds, peak mem usage: 8.30 Mb
[1752171036] -- 10/07/2025 14:10:36 * Finished (main,compress)
						This took about 0 seconds, peak mem usage: 8.30 Mb
[1752171153] -- 10/07/2025 14:12:33 * Finished (main,compress)
						This took about 0 seconds, peak mem usage: 8.30 Mb
[1752171154] -- 10/07/2025 14:12:34 * Finished (main,compress)
						This took about 0 seconds, peak mem usage: 8.30 Mb
[1752171154] -- 10/07/2025 14:12:34 * Finished (main,compress)
						This took about 0 seconds, peak mem usage: 8.30 Mb
[1752171154] -- 10/07/2025 14:12:34 * Finished (main,compress)
						This took about 0 seconds, peak mem usage: 8.30 Mb
[1752171154] -- 10/07/2025 14:12:34 * Finished (main,compress)
						This took about 0 seconds, peak mem usage: 8.30 Mb
[1752171154] -- 10/07/2025 14:12:34 * Finished (main,compress)
						This took about 0 seconds, peak mem usage: 8.30 Mb
[1752171154] -- 10/07/2025 14:12:34 * Finished (main,compress)
						This took about 0 seconds, peak mem usage: 8.30 Mb
[1752171154] -- 10/07/2025 14:12:34 * Finished (main,compress)
						This took about 0 seconds, peak mem usage: 8.30 Mb
[1752171154] -- 10/07/2025 14:12:34 * Finished (main,compress)
						This took about 0 seconds, peak mem usage: 8.30 Mb
[1752171154] -- 10/07/2025 14:12:34 * Finished (main,compress)
						This took about 0 seconds, peak mem usage: 8.30 Mb
[1752171155] -- 10/07/2025 14:12:35 * Finished (main,compress)
						This took about 0 seconds, peak mem usage: 8.30 Mb
[1752171155] -- 10/07/2025 14:12:35 * Finished (main,compress)
						This took about 0 seconds, peak mem usage: 8.30 Mb
[1752171155] -- 10/07/2025 14:12:35 * Finished (main,compress)
						This took about 0 seconds, peak mem usage: 8.30 Mb
[1752171155] -- 10/07/2025 14:12:35 * Finished (main,compress)
						This took about 0 seconds, peak mem usage: 8.30 Mb
[1752171155] -- 10/07/2025 14:12:35 * Finished (main,compress)
						This took about 0 seconds, peak mem usage: 8.30 Mb
[1752171155] -- 10/07/2025 14:12:35 * Finished (main,compress)
						This took about 0 seconds, peak mem usage: 8.30 Mb
[1752171155] -- 10/07/2025 14:12:35 * Finished (main,compress)
						This took about 0 seconds, peak mem usage: 8.30 Mb
[1752171156] -- 10/07/2025 14:12:36 * Finished (main,compress)
						This took about 0 seconds, peak mem usage: 8.30 Mb
[1752171156] -- 10/07/2025 14:12:36 * Finished (main,compress)
						This took about 0 seconds, peak mem usage: 8.30 Mb
[1752171156] -- 10/07/2025 14:12:36 * Finished (main,compress)
						This took about 0 seconds, peak mem usage: 8.30 Mb
[1752171177] -- 10/07/2025 14:12:57 * Finished (main,compress)
						This took about 0 seconds, peak mem usage: 8.30 Mb
[1752171178] -- 10/07/2025 14:12:58 * Finished (main,compress)
						This took about 0 seconds, peak mem usage: 8.30 Mb
[1752171178] -- 10/07/2025 14:12:58 * Finished (main,compress)
						This took about 0 seconds, peak mem usage: 8.30 Mb
[1752171178] -- 10/07/2025 14:12:58 * Finished (main,compress)
						This took about 0 seconds, peak mem usage: 8.30 Mb
[1752171178] -- 10/07/2025 14:12:58 * Finished (main,compress)
						This took about 0 seconds, peak mem usage: 8.30 Mb
[1752171178] -- 10/07/2025 14:12:58 * Finished (main,compress)
						This took about 0 seconds, peak mem usage: 8.30 Mb
[1752171178] -- 10/07/2025 14:12:58 * Finished (main,compress)
						This took about 0 seconds, peak mem usage: 8.30 Mb
[1752171178] -- 10/07/2025 14:12:58 * Finished (main,compress)
						This took about 0 seconds, peak mem usage: 8.30 Mb
[1752171178] -- 10/07/2025 14:12:58 * Finished (main,compress)
						This took about 0 seconds, peak mem usage: 8.30 Mb
[1752171178] -- 10/07/2025 14:12:58 * Finished (main,compress)
						This took about 0 seconds, peak mem usage: 8.30 Mb
[1752171195] -- 10/07/2025 14:13:15 * Finished (main,compress)
						This took about 0 seconds, peak mem usage: 8.30 Mb
[1752171195] -- 10/07/2025 14:13:15 * Finished (main,compress)
						This took about 0 seconds, peak mem usage: 8.30 Mb
[1752171195] -- 10/07/2025 14:13:15 * Finished (main,compress)
						This took about 0 seconds, peak mem usage: 8.30 Mb
[1752171195] -- 10/07/2025 14:13:15 * Finished (main,compress)
						This took about 0 seconds, peak mem usage: 8.30 Mb
[1752171195] -- 10/07/2025 14:13:15 * Finished (main,compress)
						This took about 0 seconds, peak mem usage: 8.30 Mb
[1752171195] -- 10/07/2025 14:13:15 * Finished (main,compress)
						This took about 0 seconds, peak mem usage: 8.30 Mb
[1752171195] -- 10/07/2025 14:13:15 * Finished (main,compress)
						This took about 0 seconds, peak mem usage: 8.30 Mb
[1752171196] -- 10/07/2025 14:13:16 * Finished (main,compress)
						This took about 0 seconds, peak mem usage: 8.30 Mb
[1752171196] -- 10/07/2025 14:13:16 * Finished (main,compress)
						This took about 0 seconds, peak mem usage: 8.30 Mb
[1752171196] -- 10/07/2025 14:13:16 * Finished (main,compress)
						This took about 0 seconds, peak mem usage: 8.30 Mb
[1752171487] -- 10/07/2025 14:18:07 * Finished (main,compress)
						This took about 0 seconds, peak mem usage: 8.30 Mb
[1752171487] -- 10/07/2025 14:18:07 * Finished (main,compress)
						This took about 0 seconds, peak mem usage: 8.30 Mb
[1752171488] -- 10/07/2025 14:18:08 * Finished (main,compress)
						This took about 0 seconds, peak mem usage: 8.30 Mb
[1752171488] -- 10/07/2025 14:18:08 * Finished (main,compress)
						This took about 0 seconds, peak mem usage: 8.30 Mb
[1752171488] -- 10/07/2025 14:18:08 * Finished (main,compress)
						This took about 0 seconds, peak mem usage: 8.30 Mb
[1752171488] -- 10/07/2025 14:18:08 * Finished (main,compress)
						This took about 0 seconds, peak mem usage: 8.30 Mb
[1752171489] -- 10/07/2025 14:18:09 * Finished (main,compress)
						This took about 0 seconds, peak mem usage: 8.30 Mb
[1752171489] -- 10/07/2025 14:18:09 * Finished (main,compress)
						This took about 0 seconds, peak mem usage: 8.30 Mb
[1752171489] -- 10/07/2025 14:18:09 * Finished (main,compress)
						This took about 0 seconds, peak mem usage: 8.30 Mb
[1752171490] -- 10/07/2025 14:18:10 * Finished (main,compress)
						This took about 0 seconds, peak mem usage: 8.30 Mb
[1752171531] -- 10/07/2025 14:18:51 * Finished (main,compress)
						This took about 0 seconds, peak mem usage: 8.30 Mb
[1752171532] -- 10/07/2025 14:18:52 * Finished (main,compress)
						This took about 0 seconds, peak mem usage: 8.30 Mb
[1752171532] -- 10/07/2025 14:18:52 * Finished (main,compress)
						This took about 0 seconds, peak mem usage: 8.30 Mb
[1752171532] -- 10/07/2025 14:18:52 * Finished (main,compress)
						This took about 0 seconds, peak mem usage: 8.30 Mb
[1752171532] -- 10/07/2025 14:18:52 * Finished (main,compress)
						This took about 0 seconds, peak mem usage: 8.30 Mb
[1752171533] -- 10/07/2025 14:18:53 * Finished (main,compress)
						This took about 0 seconds, peak mem usage: 8.30 Mb
[1752171533] -- 10/07/2025 14:18:53 * Finished (main,compress)
						This took about 0 seconds, peak mem usage: 8.30 Mb
[1752171533] -- 10/07/2025 14:18:53 * Finished (main,compress)
						This took about 0 seconds, peak mem usage: 8.30 Mb
[1752171534] -- 10/07/2025 14:18:54 * Finished (main,compress)
						This took about 0 seconds, peak mem usage: 8.30 Mb
[1752171534] -- 10/07/2025 14:18:54 * Finished (main,compress)
						This took about 0 seconds, peak mem usage: 8.30 Mb
[1752171579] -- 10/07/2025 14:19:39 * Finished (main,compress)
						This took about 0 seconds, peak mem usage: 8.30 Mb
[1752171580] -- 10/07/2025 14:19:40 * Finished (main,compress)
						This took about 0 seconds, peak mem usage: 8.30 Mb
[1752171580] -- 10/07/2025 14:19:40 * Finished (main,compress)
						This took about 0 seconds, peak mem usage: 8.30 Mb
[1752171580] -- 10/07/2025 14:19:40 * Finished (main,compress)
						This took about 0 seconds, peak mem usage: 8.30 Mb
[1752171580] -- 10/07/2025 14:19:40 * Finished (main,compress)
						This took about 0 seconds, peak mem usage: 8.30 Mb
[1752171581] -- 10/07/2025 14:19:41 * Finished (main,compress)
						This took about 0 seconds, peak mem usage: 8.30 Mb
[1752171581] -- 10/07/2025 14:19:41 * Finished (main,compress)
						This took about 0 seconds, peak mem usage: 8.30 Mb
[1752171581] -- 10/07/2025 14:19:41 * Finished (main,compress)
						This took about 0 seconds, peak mem usage: 8.30 Mb
[1752171582] -- 10/07/2025 14:19:42 * Finished (main,compress)
						This took about 0 seconds, peak mem usage: 8.30 Mb
[1752171582] -- 10/07/2025 14:19:42 * Finished (main,compress)
						This took about 0 seconds, peak mem usage: 8.30 Mb
[1752171690] -- 10/07/2025 14:21:42 * Finished (main,compress)
						This took about 12 seconds, peak mem usage: 1846.31 Mb
[1752171728] -- 10/07/2025 14:23:31 * Finished (main,compress)
						This took about 83 seconds, peak mem usage: 1783.84 Mb
[1752171870] -- 10/07/2025 14:26:47 * Finished (main,compress)
						This took about 137 seconds, peak mem usage: 1826.31 Mb
[1752172090] -- 10/07/2025 14:30:34 * Finished (main,compress)
						This took about 144 seconds, peak mem usage: 1846.31 Mb
[1752172324] -- 10/07/2025 14:34:40 * Finished (main,compress)
						This took about 156 seconds, peak mem usage: 1805.29 Mb
[1752172581] -- 10/07/2025 14:40:03 * Finished (main,compress)
						This took about 222 seconds, peak mem usage: 1826.31 Mb
[1752172919] -- 10/07/2025 14:45:30 * Finished (main,compress)
						This took about 211 seconds, peak mem usage: 1846.31 Mb
[1752173255] -- 10/07/2025 14:53:53 * Finished (main,compress)
						This took about 378 seconds, peak mem usage: 1805.29 Mb
[1752174186] -- 10/07/2025 15:03:08 * Finished (main,compress)
						This took about 2 seconds, peak mem usage: 2112.21 Mb
[1752174193] -- 10/07/2025 15:03:15 * Finished (main,compress)
						This took about 2 seconds, peak mem usage: 2072.21 Mb
[1752174201] -- 10/07/2025 15:03:23 * Finished (main,compress)
						This took about 2 seconds, peak mem usage: 2072.21 Mb
[1752174211] -- 10/07/2025 15:03:34 * Finished (main,compress)
						This took about 3 seconds, peak mem usage: 2051.32 Mb
[1752174224] -- 10/07/2025 15:03:47 * Finished (main,compress)
						This took about 3 seconds, peak mem usage: 2092.57 Mb
[1752174437] -- 10/07/2025 15:07:17 * Finished (main,compress)
						This took about 0 seconds, peak mem usage: 70.26 Mb
[1752174443] -- 10/07/2025 15:07:23 * Finished (main,compress)
						This took about 0 seconds, peak mem usage: 70.26 Mb
[1752174452] -- 10/07/2025 15:07:32 * Finished (main,compress)
						This took about 0 seconds, peak mem usage: 74.36 Mb
[1752174465] -- 10/07/2025 15:07:46 * Finished (main,compress)
						This took about 1 seconds, peak mem usage: 74.36 Mb
[1752174483] -- 10/07/2025 15:08:04 * Finished (main,compress)
						This took about 1 seconds, peak mem usage: 74.36 Mb
[1752174505] -- 10/07/2025 15:08:26 * Finished (main,compress)
						This took about 1 seconds, peak mem usage: 74.36 Mb
[1752174530] -- 10/07/2025 15:08:52 * Finished (main,compress)
						This took about 2 seconds, peak mem usage: 74.36 Mb
[1752174561] -- 10/07/2025 15:09:22 * Finished (main,compress)
						This took about 1 seconds, peak mem usage: 74.36 Mb
[1752174595] -- 10/07/2025 15:09:56 * Finished (main,compress)
						This took about 1 seconds, peak mem usage: 74.36 Mb
[1752174633] -- 10/07/2025 15:10:34 * Finished (main,compress)
						This took about 1 seconds, peak mem usage: 74.36 Mb
[1752175110] -- 10/07/2025 15:18:30 * Finished (main,compress)
						This took about 0 seconds, peak mem usage: 265.07 Mb
[1752175115] -- 10/07/2025 15:18:36 * Finished (main,compress)
						This took about 1 seconds, peak mem usage: 265.07 Mb
[1752175122] -- 10/07/2025 15:18:44 * Finished (main,compress)
						This took about 2 seconds, peak mem usage: 265.07 Mb
[1752175134] -- 10/07/2025 15:18:56 * Finished (main,compress)
						This took about 2 seconds, peak mem usage: 265.07 Mb
[1752175150] -- 10/07/2025 15:19:13 * Finished (main,compress)
						This took about 3 seconds, peak mem usage: 265.07 Mb
[1752175170] -- 10/07/2025 15:19:35 * Finished (main,compress)
						This took about 5 seconds, peak mem usage: 265.07 Mb
[1752175196] -- 10/07/2025 15:20:03 * Finished (main,compress)
						This took about 7 seconds, peak mem usage: 265.07 Mb
[1752175228] -- 10/07/2025 15:20:36 * Finished (main,compress)
						This took about 8 seconds, peak mem usage: 259.14 Mb
[1752175265] -- 10/07/2025 15:21:15 * Finished (main,compress)
						This took about 10 seconds, peak mem usage: 265.07 Mb
[1752175308] -- 10/07/2025 15:21:59 * Finished (main,compress)
						This took about 11 seconds, peak mem usage: 259.14 Mb
[1752175644] -- 10/07/2025 15:27:25 * Finished (main,compress)
						This took about 1 seconds, peak mem usage: 474.62 Mb
[1752175649] -- 10/07/2025 15:27:30 * Finished (main,compress)
						This took about 1 seconds, peak mem usage: 445.80 Mb
[1752175657] -- 10/07/2025 15:27:39 * Finished (main,compress)
						This took about 2 seconds, peak mem usage: 510.64 Mb
[1752175668] -- 10/07/2025 15:27:50 * Finished (main,compress)
						This took about 2 seconds, peak mem usage: 510.64 Mb
[1752175682] -- 10/07/2025 15:28:04 * Finished (main,compress)
						This took about 2 seconds, peak mem usage: 510.64 Mb
[1752175699] -- 10/07/2025 15:28:22 * Finished (main,compress)
						This took about 3 seconds, peak mem usage: 510.64 Mb
[1752175720] -- 10/07/2025 15:28:43 * Finished (main,compress)
						This took about 3 seconds, peak mem usage: 510.64 Mb
[1752175745] -- 10/07/2025 15:29:08 * Finished (main,compress)
						This took about 3 seconds, peak mem usage: 510.64 Mb
[1752175773] -- 10/07/2025 15:29:37 * Finished (main,compress)
						This took about 4 seconds, peak mem usage: 510.64 Mb
[1752175805] -- 10/07/2025 15:30:08 * Finished (main,compress)
						This took about 3 seconds, peak mem usage: 510.64 Mb
[1752175847] -- 10/07/2025 15:30:47 * Finished (main,compress)
						This took about 0 seconds, peak mem usage: 12.92 Mb
[1752175847] -- 10/07/2025 15:30:47 * Finished (main,compress)
						This took about 0 seconds, peak mem usage: 12.92 Mb
[1752175848] -- 10/07/2025 15:30:48 * Finished (main,compress)
						This took about 0 seconds, peak mem usage: 12.92 Mb
[1752175850] -- 10/07/2025 15:30:50 * Finished (main,compress)
						This took about 0 seconds, peak mem usage: 12.92 Mb
[1752175851] -- 10/07/2025 15:30:51 * Finished (main,compress)
						This took about 0 seconds, peak mem usage: 12.92 Mb
[1752175853] -- 10/07/2025 15:30:53 * Finished (main,compress)
						This took about 0 seconds, peak mem usage: 12.92 Mb
[1752175855] -- 10/07/2025 15:30:56 * Finished (main,compress)
						This took about 1 seconds, peak mem usage: 12.92 Mb
[1752175858] -- 10/07/2025 15:30:58 * Finished (main,compress)
						This took about 0 seconds, peak mem usage: 12.92 Mb
[1752175861] -- 10/07/2025 15:31:01 * Finished (main,compress)
						This took about 0 seconds, peak mem usage: 12.92 Mb
[1752175864] -- 10/07/2025 15:31:04 * Finished (main,compress)
						This took about 0 seconds, peak mem usage: 12.92 Mb
[1752176177] -- 10/07/2025 15:36:17 * Finished (main,compress)
						This took about 0 seconds, peak mem usage: 11.42 Mb
[1752176178] -- 10/07/2025 15:36:18 * Finished (main,compress)
						This took about 0 seconds, peak mem usage: 12.41 Mb
[1752176179] -- 10/07/2025 15:36:19 * Finished (main,compress)
						This took about 0 seconds, peak mem usage: 12.41 Mb
[1752176180] -- 10/07/2025 15:36:20 * Finished (main,compress)
						This took about 0 seconds, peak mem usage: 12.41 Mb
[1752176182] -- 10/07/2025 15:36:22 * Finished (main,compress)
						This took about 0 seconds, peak mem usage: 12.54 Mb
[1752176183] -- 10/07/2025 15:36:23 * Finished (main,compress)
						This took about 0 seconds, peak mem usage: 12.54 Mb
[1752176185] -- 10/07/2025 15:36:25 * Finished (main,compress)
						This took about 0 seconds, peak mem usage: 12.54 Mb
[1752176188] -- 10/07/2025 15:36:28 * Finished (main,compress)
						This took about 0 seconds, peak mem usage: 12.54 Mb
[1752176190] -- 10/07/2025 15:36:30 * Finished (main,compress)
						This took about 0 seconds, peak mem usage: 12.54 Mb
[1752176193] -- 10/07/2025 15:36:33 * Finished (main,compress)
						This took about 0 seconds, peak mem usage: 12.54 Mb
[1752176196] -- 10/07/2025 15:36:36 * Finished (main,compress)
						This took about 0 seconds, peak mem usage: 12.54 Mb
[1752176199] -- 10/07/2025 15:36:39 * Finished (main,compress)
						This took about 0 seconds, peak mem usage: 12.54 Mb
[1752176203] -- 10/07/2025 15:36:43 * Finished (main,compress)
						This took about 0 seconds, peak mem usage: 12.54 Mb
[1752176207] -- 10/07/2025 15:36:47 * Finished (main,compress)
						This took about 0 seconds, peak mem usage: 12.54 Mb
[1752176211] -- 10/07/2025 15:36:51 * Finished (main,compress)
						This took about 0 seconds, peak mem usage: 12.54 Mb
[1752176215] -- 10/07/2025 15:36:55 * Finished (main,compress)
						This took about 0 seconds, peak mem usage: 12.54 Mb
[1752176220] -- 10/07/2025 15:37:00 * Finished (main,compress)
						This took about 0 seconds, peak mem usage: 12.54 Mb
[1752176225] -- 10/07/2025 15:37:05 * Finished (main,compress)
						This took about 0 seconds, peak mem usage: 12.54 Mb
[1752176230] -- 10/07/2025 15:37:10 * Finished (main,compress)
						This took about 0 seconds, peak mem usage: 12.54 Mb
[1752176235] -- 10/07/2025 15:37:15 * Finished (main,compress)
						This took about 0 seconds, peak mem usage: 12.54 Mb
[1752176241] -- 10/07/2025 15:37:21 * Finished (main,compress)
						This took about 0 seconds, peak mem usage: 12.54 Mb
[1752176247] -- 10/07/2025 15:37:27 * Finished (main,compress)
						This took about 0 seconds, peak mem usage: 12.54 Mb
[1752176253] -- 10/07/2025 15:37:33 * Finished (main,compress)
						This took about 0 seconds, peak mem usage: 12.54 Mb
[1752176259] -- 10/07/2025 15:37:39 * Finished (main,compress)
						This took about 0 seconds, peak mem usage: 12.54 Mb
[1752176266] -- 10/07/2025 15:37:46 * Finished (main,compress)
						This took about 0 seconds, peak mem usage: 12.54 Mb
[1752176302] -- 10/07/2025 15:38:22 * Finished (main,compress)
						This took about 0 seconds, peak mem usage: 53.88 Mb
[1752176309] -- 10/07/2025 15:38:29 * Finished (main,compress)
						This took about 0 seconds, peak mem usage: 57.98 Mb
[1752176322] -- 10/07/2025 15:38:43 * Finished (main,compress)
						This took about 1 seconds, peak mem usage: 57.98 Mb
[1752176341] -- 10/07/2025 15:39:01 * Finished (main,compress)
						This took about 0 seconds, peak mem usage: 57.98 Mb
[1752176365] -- 10/07/2025 15:39:25 * Finished (main,compress)
						This took about 0 seconds, peak mem usage: 57.98 Mb
[1752176394] -- 10/07/2025 15:39:55 * Finished (main,compress)
						This took about 1 seconds, peak mem usage: 62.07 Mb
[1752176430] -- 10/07/2025 15:40:30 * Finished (main,compress)
						This took about 0 seconds, peak mem usage: 62.07 Mb
[1752176470] -- 10/07/2025 15:41:11 * Finished (main,compress)
						This took about 1 seconds, peak mem usage: 62.07 Mb
[1752176516] -- 10/07/2025 15:41:57 * Finished (main,compress)
						This took about 1 seconds, peak mem usage: 62.07 Mb
[1752176567] -- 10/07/2025 15:42:48 * Finished (main,compress)
						This took about 1 seconds, peak mem usage: 62.07 Mb
[1752176626] -- 10/07/2025 15:43:46 * Finished (main,compress)
						This took about 0 seconds, peak mem usage: 62.07 Mb
[1752176690] -- 10/07/2025 15:44:50 * Finished (main,compress)
						This took about 0 seconds, peak mem usage: 62.07 Mb
[1752176760] -- 10/07/2025 15:46:00 * Finished (main,compress)
						This took about 0 seconds, peak mem usage: 62.07 Mb
[1752176836] -- 10/07/2025 15:47:17 * Finished (main,compress)
						This took about 1 seconds, peak mem usage: 62.07 Mb
[1752176918] -- 10/07/2025 15:48:39 * Finished (main,compress)
						This took about 1 seconds, peak mem usage: 62.07 Mb
[1752177007] -- 10/07/2025 15:50:07 * Finished (main,compress)
						This took about 0 seconds, peak mem usage: 62.07 Mb
[1752177101] -- 10/07/2025 15:51:42 * Finished (main,compress)
						This took about 1 seconds, peak mem usage: 62.07 Mb
[1752177204] -- 10/07/2025 15:53:24 * Finished (main,compress)
						This took about 0 seconds, peak mem usage: 62.07 Mb
[1752177312] -- 10/07/2025 15:55:13 * Finished (main,compress)
						This took about 1 seconds, peak mem usage: 62.07 Mb
[1752177429] -- 10/07/2025 15:57:09 * Finished (main,compress)
						This took about 0 seconds, peak mem usage: 62.07 Mb
[1752177552] -- 10/07/2025 15:59:13 * Finished (main,compress)
						This took about 1 seconds, peak mem usage: 62.07 Mb
[1752177682] -- 10/07/2025 16:01:23 * Finished (main,compress)
						This took about 1 seconds, peak mem usage: 62.07 Mb
[1752177820] -- 10/07/2025 16:03:41 * Finished (main,compress)
						This took about 1 seconds, peak mem usage: 70.26 Mb
[1752177967] -- 10/07/2025 16:06:08 * Finished (main,compress)
						This took about 1 seconds, peak mem usage: 70.26 Mb
[1752178120] -- 10/07/2025 16:08:41 * Finished (main,compress)
						This took about 1 seconds, peak mem usage: 70.26 Mb
[1752182911] -- 10/07/2025 17:28:32 * Finished (main,compress)
						This took about 1 seconds, peak mem usage: 258.27 Mb
[1752182916] -- 10/07/2025 17:28:37 * Finished (main,compress)
						This took about 1 seconds, peak mem usage: 311.58 Mb
[1752182924] -- 10/07/2025 17:28:46 * Finished (main,compress)
						This took about 2 seconds, peak mem usage: 311.58 Mb
[1752182936] -- 10/07/2025 17:28:58 * Finished (main,compress)
						This took about 2 seconds, peak mem usage: 403.21 Mb
[1752182952] -- 10/07/2025 17:29:14 * Finished (main,compress)
						This took about 2 seconds, peak mem usage: 403.21 Mb
[1752182970] -- 10/07/2025 17:29:33 * Finished (main,compress)
						This took about 3 seconds, peak mem usage: 540.64 Mb
[1752182993] -- 10/07/2025 17:29:55 * Finished (main,compress)
						This took about 2 seconds, peak mem usage: 540.64 Mb
[1752183018] -- 10/07/2025 17:30:22 * Finished (main,compress)
						This took about 4 seconds, peak mem usage: 540.64 Mb
[1752183048] -- 10/07/2025 17:30:51 * Finished (main,compress)
						This took about 3 seconds, peak mem usage: 540.64 Mb
[1752183079] -- 10/07/2025 17:31:22 * Finished (main,compress)
						This took about 3 seconds, peak mem usage: 540.64 Mb
[1752183114] -- 10/07/2025 17:31:58 * Finished (main,compress)
						This took about 4 seconds, peak mem usage: 540.64 Mb
[1752183153] -- 10/07/2025 17:32:37 * Finished (main,compress)
						This took about 4 seconds, peak mem usage: 540.64 Mb
[1752183194] -- 10/07/2025 17:33:18 * Finished (main,compress)
						This took about 4 seconds, peak mem usage: 540.64 Mb
[1752183239] -- 10/07/2025 17:34:04 * Finished (main,compress)
						This took about 5 seconds, peak mem usage: 540.64 Mb
[1752183287] -- 10/07/2025 17:34:52 * Finished (main,compress)
						This took about 5 seconds, peak mem usage: 540.64 Mb
[1752183338] -- 10/07/2025 17:35:43 * Finished (main,compress)
						This took about 5 seconds, peak mem usage: 540.64 Mb
[1752183392] -- 10/07/2025 17:36:37 * Finished (main,compress)
						This took about 5 seconds, peak mem usage: 540.64 Mb
[1752183449] -- 10/07/2025 17:37:35 * Finished (main,compress)
						This took about 6 seconds, peak mem usage: 540.64 Mb
[1752183509] -- 10/07/2025 17:38:35 * Finished (main,compress)
						This took about 6 seconds, peak mem usage: 540.64 Mb
[1752183574] -- 10/07/2025 17:39:40 * Finished (main,compress)
						This took about 6 seconds, peak mem usage: 540.64 Mb
[1752183642] -- 10/07/2025 17:40:48 * Finished (main,compress)
						This took about 6 seconds, peak mem usage: 540.64 Mb
[1752183716] -- 10/07/2025 17:42:03 * Finished (main,compress)
						This took about 7 seconds, peak mem usage: 540.64 Mb
[1752183792] -- 10/07/2025 17:43:19 * Finished (main,compress)
						This took about 7 seconds, peak mem usage: 540.64 Mb
[1752183872] -- 10/07/2025 17:44:39 * Finished (main,compress)
						This took about 7 seconds, peak mem usage: 540.64 Mb
[1752183954] -- 10/07/2025 17:46:01 * Finished (main,compress)
						This took about 7 seconds, peak mem usage: 540.64 Mb
[1752184380] -- 10/07/2025 17:53:00 * Finished (main,compress)
						This took about 0 seconds, peak mem usage: 11.79 Mb
[1752184382] -- 10/07/2025 17:53:02 * Finished (main,compress)
						This took about 0 seconds, peak mem usage: 12.29 Mb
[1752184385] -- 10/07/2025 17:53:05 * Finished (main,compress)
						This took about 0 seconds, peak mem usage: 12.29 Mb
[1752184389] -- 10/07/2025 17:53:09 * Finished (main,compress)
						This took about 0 seconds, peak mem usage: 12.29 Mb
[1752184394] -- 10/07/2025 17:53:14 * Finished (main,compress)
						This took about 0 seconds, peak mem usage: 12.29 Mb
[1752184400] -- 10/07/2025 17:53:20 * Finished (main,compress)
						This took about 0 seconds, peak mem usage: 12.29 Mb
[1752184407] -- 10/07/2025 17:53:27 * Finished (main,compress)
						This took about 0 seconds, peak mem usage: 12.29 Mb
[1752184414] -- 10/07/2025 17:53:34 * Finished (main,compress)
						This took about 0 seconds, peak mem usage: 12.29 Mb
[1752184421] -- 10/07/2025 17:53:41 * Finished (main,compress)
						This took about 0 seconds, peak mem usage: 12.29 Mb
[1752184429] -- 10/07/2025 17:53:49 * Finished (main,compress)
						This took about 0 seconds, peak mem usage: 12.29 Mb
[1752184437] -- 10/07/2025 17:53:57 * Finished (main,compress)
						This took about 0 seconds, peak mem usage: 12.29 Mb
[1752184445] -- 10/07/2025 17:54:05 * Finished (main,compress)
						This took about 0 seconds, peak mem usage: 12.29 Mb
[1752184455] -- 10/07/2025 17:54:15 * Finished (main,compress)
						This took about 0 seconds, peak mem usage: 12.29 Mb
[1752184465] -- 10/07/2025 17:54:25 * Finished (main,compress)
						This took about 0 seconds, peak mem usage: 12.29 Mb
[1752184476] -- 10/07/2025 17:54:36 * Finished (main,compress)
						This took about 0 seconds, peak mem usage: 12.29 Mb
[1752184488] -- 10/07/2025 17:54:48 * Finished (main,compress)
						This took about 0 seconds, peak mem usage: 12.29 Mb
[1752184499] -- 10/07/2025 17:55:00 * Finished (main,compress)
						This took about 1 seconds, peak mem usage: 12.29 Mb
[1752184511] -- 10/07/2025 17:55:12 * Finished (main,compress)
						This took about 1 seconds, peak mem usage: 12.54 Mb
[1752184524] -- 10/07/2025 17:55:24 * Finished (main,compress)
						This took about 0 seconds, peak mem usage: 12.54 Mb
[1752184536] -- 10/07/2025 17:55:36 * Finished (main,compress)
						This took about 0 seconds, peak mem usage: 12.54 Mb
[1752184548] -- 10/07/2025 17:55:48 * Finished (main,compress)
						This took about 0 seconds, peak mem usage: 12.54 Mb
[1752184561] -- 10/07/2025 17:56:01 * Finished (main,compress)
						This took about 0 seconds, peak mem usage: 12.54 Mb
[1752184573] -- 10/07/2025 17:56:13 * Finished (main,compress)
						This took about 0 seconds, peak mem usage: 12.54 Mb
[1752184586] -- 10/07/2025 17:56:26 * Finished (main,compress)
						This took about 0 seconds, peak mem usage: 12.54 Mb
[1752184600] -- 10/07/2025 17:56:40 * Finished (main,compress)
						This took about 0 seconds, peak mem usage: 12.54 Mb
[1752184703] -- 10/07/2025 17:58:23 * Finished (main,compress)
						This took about 0 seconds, peak mem usage: 12.79 Mb
[1752184705] -- 10/07/2025 17:58:25 * Finished (main,compress)
						This took about 0 seconds, peak mem usage: 12.66 Mb
[1752184715] -- 10/07/2025 17:58:35 * Finished (main,compress)
						This took about 0 seconds, peak mem usage: 12.79 Mb
[1752184717] -- 10/07/2025 17:58:37 * Finished (main,compress)
						This took about 0 seconds, peak mem usage: 12.92 Mb
[1752184720] -- 10/07/2025 17:58:40 * Finished (main,compress)
						This took about 0 seconds, peak mem usage: 12.92 Mb
[1752184724] -- 10/07/2025 17:58:44 * Finished (main,compress)
						This took about 0 seconds, peak mem usage: 12.92 Mb
[1752184729] -- 10/07/2025 17:58:49 * Finished (main,compress)
						This took about 0 seconds, peak mem usage: 13.03 Mb
[1752184735] -- 10/07/2025 17:58:56 * Finished (main,compress)
						This took about 1 seconds, peak mem usage: 13.03 Mb
[1752184743] -- 10/07/2025 17:59:03 * Finished (main,compress)
						This took about 0 seconds, peak mem usage: 13.03 Mb
[1752184752] -- 10/07/2025 17:59:12 * Finished (main,compress)
						This took about 0 seconds, peak mem usage: 13.03 Mb
[1752184761] -- 10/07/2025 17:59:21 * Finished (main,compress)
						This took about 0 seconds, peak mem usage: 13.03 Mb
[1752184772] -- 10/07/2025 17:59:32 * Finished (main,compress)
						This took about 0 seconds, peak mem usage: 13.03 Mb
[1752184784] -- 10/07/2025 17:59:45 * Finished (main,compress)
						This took about 1 seconds, peak mem usage: 13.03 Mb
[1752184798] -- 10/07/2025 17:59:58 * Finished (main,compress)
						This took about 0 seconds, peak mem usage: 13.03 Mb
[1752184812] -- 10/07/2025 18:00:12 * Finished (main,compress)
						This took about 0 seconds, peak mem usage: 13.03 Mb
[1752184828] -- 10/07/2025 18:00:28 * Finished (main,compress)
						This took about 0 seconds, peak mem usage: 13.03 Mb
[1752184844] -- 10/07/2025 18:00:44 * Finished (main,compress)
						This took about 0 seconds, peak mem usage: 13.03 Mb
[1752184862] -- 10/07/2025 18:01:03 * Finished (main,compress)
						This took about 1 seconds, peak mem usage: 13.03 Mb
[1752184882] -- 10/07/2025 18:01:22 * Finished (main,compress)
						This took about 0 seconds, peak mem usage: 13.03 Mb
[1752184902] -- 10/07/2025 18:01:42 * Finished (main,compress)
						This took about 0 seconds, peak mem usage: 13.03 Mb
[1752184923] -- 10/07/2025 18:02:04 * Finished (main,compress)
						This took about 1 seconds, peak mem usage: 13.03 Mb
[1752184946] -- 10/07/2025 18:02:27 * Finished (main,compress)
						This took about 1 seconds, peak mem usage: 13.03 Mb
[1752184971] -- 10/07/2025 18:02:51 * Finished (main,compress)
						This took about 0 seconds, peak mem usage: 13.03 Mb
[1752184996] -- 10/07/2025 18:03:16 * Finished (main,compress)
						This took about 0 seconds, peak mem usage: 13.03 Mb
[1752185023] -- 10/07/2025 18:03:43 * Finished (main,compress)
						This took about 0 seconds, peak mem usage: 13.03 Mb
[1752185051] -- 10/07/2025 18:04:11 * Finished (main,compress)
						This took about 0 seconds, peak mem usage: 13.03 Mb
[1752185081] -- 10/07/2025 18:04:41 * Finished (main,compress)
						This took about 0 seconds, peak mem usage: 13.03 Mb
[1752186092] -- 10/07/2025 18:21:36 * Finished (main,compress)
						This took about 4 seconds, peak mem usage: 259.14 Mb
[1752186118] -- 10/07/2025 18:22:07 * Finished (main,compress)
						This took about 9 seconds, peak mem usage: 259.14 Mb
[1752186166] -- 10/07/2025 18:23:03 * Finished (main,compress)
						This took about 17 seconds, peak mem usage: 259.14 Mb
[1752186240] -- 10/07/2025 18:24:26 * Finished (main,compress)
						This took about 26 seconds, peak mem usage: 259.14 Mb
[1752186342] -- 10/07/2025 18:26:14 * Finished (main,compress)
						This took about 32 seconds, peak mem usage: 271.00 Mb
[1752186471] -- 10/07/2025 18:28:37 * Finished (main,compress)
						This took about 46 seconds, peak mem usage: 265.07 Mb
[1752186632] -- 10/07/2025 18:31:25 * Finished (main,compress)
						This took about 53 seconds, peak mem usage: 265.07 Mb
[1752186822] -- 10/07/2025 18:34:45 * Finished (main,compress)
						This took about 63 seconds, peak mem usage: 265.07 Mb
[1752187047] -- 10/07/2025 18:38:42 * Finished (main,compress)
						This took about 75 seconds, peak mem usage: 265.07 Mb
[1752187304] -- 10/07/2025 18:43:03 * Finished (main,compress)
						This took about 79 seconds, peak mem usage: 265.07 Mb
[1752187590] -- 10/07/2025 18:48:00 * Finished (main,compress)
						This took about 90 seconds, peak mem usage: 265.07 Mb
[1752205527] -- 10/07/2025 23:45:29 * Finished (main,compress)
						This took about 2 seconds, peak mem usage: 223.56 Mb
[1752205545] -- 10/07/2025 23:45:49 * Finished (main,compress)
						This took about 4 seconds, peak mem usage: 223.56 Mb
[1752205577] -- 10/07/2025 23:46:21 * Finished (main,compress)
						This took about 4 seconds, peak mem usage: 235.42 Mb
[1752205626] -- 10/07/2025 23:47:12 * Finished (main,compress)
						This took about 6 seconds, peak mem usage: 235.42 Mb
[1752205691] -- 10/07/2025 23:48:18 * Finished (main,compress)
						This took about 7 seconds, peak mem usage: 235.42 Mb
[1752205774] -- 10/07/2025 23:49:43 * Finished (main,compress)
						This took about 9 seconds, peak mem usage: 235.42 Mb
[1752205868] -- 10/07/2025 23:51:08 * Finished (main,compress)
						This took about 0 seconds, peak mem usage: 8.30 Mb
[1752205868] -- 10/07/2025 23:51:08 * Finished (main,compress)
						This took about 0 seconds, peak mem usage: 8.30 Mb
[1752205869] -- 10/07/2025 23:51:09 * Finished (main,compress)
						This took about 0 seconds, peak mem usage: 8.30 Mb
[1752205869] -- 10/07/2025 23:51:09 * Finished (main,compress)
						This took about 0 seconds, peak mem usage: 8.30 Mb
[1752205870] -- 10/07/2025 23:51:10 * Finished (main,compress)
						This took about 0 seconds, peak mem usage: 8.30 Mb
[1752205870] -- 10/07/2025 23:51:10 * Finished (main,compress)
						This took about 0 seconds, peak mem usage: 8.30 Mb
[1752205871] -- 10/07/2025 23:51:11 * Finished (main,compress)
						This took about 0 seconds, peak mem usage: 8.30 Mb
[1752205871] -- 10/07/2025 23:51:11 * Finished (main,compress)
						This took about 0 seconds, peak mem usage: 8.30 Mb
[1752205872] -- 10/07/2025 23:51:12 * Finished (main,compress)
						This took about 0 seconds, peak mem usage: 8.30 Mb
[1752205873] -- 10/07/2025 23:51:13 * Finished (main,compress)
						This took about 0 seconds, peak mem usage: 8.30 Mb
[1752205873] -- 10/07/2025 23:51:13 * Finished (main,compress)
						This took about 0 seconds, peak mem usage: 8.30 Mb
[1752205874] -- 10/07/2025 23:51:14 * Finished (main,compress)
						This took about 0 seconds, peak mem usage: 8.30 Mb
[1752205875] -- 10/07/2025 23:51:15 * Finished (main,compress)
						This took about 0 seconds, peak mem usage: 8.30 Mb
[1752205875] -- 10/07/2025 23:51:15 * Finished (main,compress)
						This took about 0 seconds, peak mem usage: 8.30 Mb
[1752205876] -- 10/07/2025 23:51:16 * Finished (main,compress)
						This took about 0 seconds, peak mem usage: 8.30 Mb
[1752205877] -- 10/07/2025 23:51:17 * Finished (main,compress)
						This took about 0 seconds, peak mem usage: 8.30 Mb
[1752205878] -- 10/07/2025 23:51:18 * Finished (main,compress)
						This took about 0 seconds, peak mem usage: 8.30 Mb
[1752205878] -- 10/07/2025 23:51:18 * Finished (main,compress)
						This took about 0 seconds, peak mem usage: 8.30 Mb
[1752205879] -- 10/07/2025 23:51:19 * Finished (main,compress)
						This took about 0 seconds, peak mem usage: 8.30 Mb
[1752205880] -- 10/07/2025 23:51:20 * Finished (main,compress)
						This took about 0 seconds, peak mem usage: 8.30 Mb
[1752205881] -- 10/07/2025 23:51:21 * Finished (main,compress)
						This took about 0 seconds, peak mem usage: 8.30 Mb
[1752205882] -- 10/07/2025 23:51:22 * Finished (main,compress)
						This took about 0 seconds, peak mem usage: 8.30 Mb
[1752205882] -- 10/07/2025 23:51:22 * Finished (main,compress)
						This took about 0 seconds, peak mem usage: 8.30 Mb
[1752205883] -- 10/07/2025 23:51:23 * Finished (main,compress)
						This took about 0 seconds, peak mem usage: 8.30 Mb
[1752205884] -- 10/07/2025 23:51:24 * Finished (main,compress)
						This took about 0 seconds, peak mem usage: 8.30 Mb
[1752205887] -- 10/07/2025 23:51:27 * Finished (main,compress)
						This took about 0 seconds, peak mem usage: 12.66 Mb
[1752205888] -- 10/07/2025 23:51:28 * Finished (main,compress)
						This took about 0 seconds, peak mem usage: 12.66 Mb
[1752205891] -- 10/07/2025 23:51:31 * Finished (main,compress)
						This took about 0 seconds, peak mem usage: 12.66 Mb
[1752205895] -- 10/07/2025 23:51:35 * Finished (main,compress)
						This took about 0 seconds, peak mem usage: 12.66 Mb
[1752205900] -- 10/07/2025 23:51:40 * Finished (main,compress)
						This took about 0 seconds, peak mem usage: 12.66 Mb
[1752205906] -- 10/07/2025 23:51:46 * Finished (main,compress)
						This took about 0 seconds, peak mem usage: 12.66 Mb
[1752205914] -- 10/07/2025 23:51:54 * Finished (main,compress)
						This took about 0 seconds, peak mem usage: 12.66 Mb
[1752205922] -- 10/07/2025 23:52:02 * Finished (main,compress)
						This took about 0 seconds, peak mem usage: 12.66 Mb
[1752205930] -- 10/07/2025 23:52:10 * Finished (main,compress)
						This took about 0 seconds, peak mem usage: 12.66 Mb
[1752205939] -- 10/07/2025 23:52:19 * Finished (main,compress)
						This took about 0 seconds, peak mem usage: 12.66 Mb
[1752205949] -- 10/07/2025 23:52:29 * Finished (main,compress)
						This took about 0 seconds, peak mem usage: 12.66 Mb
[1752205960] -- 10/07/2025 23:52:40 * Finished (main,compress)
						This took about 0 seconds, peak mem usage: 12.66 Mb
[1752205971] -- 10/07/2025 23:52:51 * Finished (main,compress)
						This took about 0 seconds, peak mem usage: 12.66 Mb
[1752205983] -- 10/07/2025 23:53:03 * Finished (main,compress)
						This took about 0 seconds, peak mem usage: 12.66 Mb
[1752205995] -- 10/07/2025 23:53:15 * Finished (main,compress)
						This took about 0 seconds, peak mem usage: 12.66 Mb
[1752206008] -- 10/07/2025 23:53:28 * Finished (main,compress)
						This took about 0 seconds, peak mem usage: 12.66 Mb
[1752206022] -- 10/07/2025 23:53:42 * Finished (main,compress)
						This took about 0 seconds, peak mem usage: 12.66 Mb
[1752206035] -- 10/07/2025 23:53:55 * Finished (main,compress)
						This took about 0 seconds, peak mem usage: 12.66 Mb
[1752206049] -- 10/07/2025 23:54:09 * Finished (main,compress)
						This took about 0 seconds, peak mem usage: 12.66 Mb
[1752206063] -- 10/07/2025 23:54:23 * Finished (main,compress)
						This took about 0 seconds, peak mem usage: 12.66 Mb
[1752206076] -- 10/07/2025 23:54:36 * Finished (main,compress)
						This took about 0 seconds, peak mem usage: 12.66 Mb
[1752206090] -- 10/07/2025 23:54:50 * Finished (main,compress)
						This took about 0 seconds, peak mem usage: 12.66 Mb
[1752206105] -- 10/07/2025 23:55:05 * Finished (main,compress)
						This took about 0 seconds, peak mem usage: 12.66 Mb
[1752206119] -- 10/07/2025 23:55:19 * Finished (main,compress)
						This took about 0 seconds, peak mem usage: 12.66 Mb
[1752206134] -- 10/07/2025 23:55:35 * Finished (main,compress)
						This took about 1 seconds, peak mem usage: 12.66 Mb
[1752206154] -- 10/07/2025 23:55:55 * Finished (main,compress)
						This took about 1 seconds, peak mem usage: 380.93 Mb
[1752206170] -- 10/07/2025 23:56:12 * Finished (main,compress)
						This took about 2 seconds, peak mem usage: 481.93 Mb
[1752206203] -- 10/07/2025 23:56:46 * Finished (main,compress)
						This took about 3 seconds, peak mem usage: 481.93 Mb
[1752206250] -- 10/07/2025 23:57:34 * Finished (main,compress)
						This took about 4 seconds, peak mem usage: 481.93 Mb
[1752206318] -- 10/07/2025 23:58:42 * Finished (main,compress)
						This took about 4 seconds, peak mem usage: 481.93 Mb
[1752206402] -- 11/07/2025 00:00:07 * Finished (main,compress)
						This took about 5 seconds, peak mem usage: 481.93 Mb
[1752206504] -- 11/07/2025 00:01:48 * Finished (main,compress)
						This took about 4 seconds, peak mem usage: 481.93 Mb
[1752206625] -- 11/07/2025 00:03:50 * Finished (main,compress)
						This took about 5 seconds, peak mem usage: 481.93 Mb
[1752206769] -- 11/07/2025 00:06:15 * Finished (main,compress)
						This took about 6 seconds, peak mem usage: 481.93 Mb
[1752206936] -- 11/07/2025 00:09:02 * Finished (main,compress)
						This took about 6 seconds, peak mem usage: 481.93 Mb
[1752207125] -- 11/07/2025 00:12:12 * Finished (main,compress)
						This took about 7 seconds, peak mem usage: 481.93 Mb
[1752207338] -- 11/07/2025 00:15:45 * Finished (main,compress)
						This took about 7 seconds, peak mem usage: 481.93 Mb
[1752207577] -- 11/07/2025 00:19:44 * Finished (main,compress)
						This took about 7 seconds, peak mem usage: 481.93 Mb
[1752207840] -- 11/07/2025 00:24:07 * Finished (main,compress)
						This took about 7 seconds, peak mem usage: 481.93 Mb
[1752208127] -- 11/07/2025 00:28:54 * Finished (main,compress)
						This took about 7 seconds, peak mem usage: 481.93 Mb
[1752208439] -- 11/07/2025 00:34:07 * Finished (main,compress)
						This took about 8 seconds, peak mem usage: 481.93 Mb
[1752208779] -- 11/07/2025 00:39:47 * Finished (main,compress)
						This took about 8 seconds, peak mem usage: 481.93 Mb
[1752209141] -- 11/07/2025 00:45:49 * Finished (main,compress)
						This took about 8 seconds, peak mem usage: 481.93 Mb
[1752209533] -- 11/07/2025 00:52:21 * Finished (main,compress)
						This took about 8 seconds, peak mem usage: 481.93 Mb
[1752209950] -- 11/07/2025 00:59:18 * Finished (main,compress)
						This took about 8 seconds, peak mem usage: 481.93 Mb
[1752210397] -- 11/07/2025 01:06:45 * Finished (main,compress)
						This took about 8 seconds, peak mem usage: 481.93 Mb
[1752210878] -- 11/07/2025 01:14:47 * Finished (main,compress)
						This took about 9 seconds, peak mem usage: 481.93 Mb
[1752211391] -- 11/07/2025 01:23:20 * Finished (main,compress)
						This took about 9 seconds, peak mem usage: 481.93 Mb
[1752211927] -- 11/07/2025 01:32:16 * Finished (main,compress)
						This took about 9 seconds, peak mem usage: 481.93 Mb
[1752212501] -- 11/07/2025 01:41:51 * Finished (main,compress)
						This took about 10 seconds, peak mem usage: 481.93 Mb
[1752213095] -- 11/07/2025 01:51:36 * Finished (main,compress)
						This took about 1 seconds, peak mem usage: 229.48 Mb
[1752213112] -- 11/07/2025 01:51:55 * Finished (main,compress)
						This took about 3 seconds, peak mem usage: 229.48 Mb
[1752213147] -- 11/07/2025 01:52:31 * Finished (main,compress)
						This took about 4 seconds, peak mem usage: 229.48 Mb
[1752213198] -- 11/07/2025 01:53:23 * Finished (main,compress)
						This took about 5 seconds, peak mem usage: 229.48 Mb
[1752213266] -- 11/07/2025 01:54:33 * Finished (main,compress)
						This took about 7 seconds, peak mem usage: 229.48 Mb
[1752213350] -- 11/07/2025 01:55:56 * Finished (main,compress)
						This took about 6 seconds, peak mem usage: 229.48 Mb
[1752213449] -- 11/07/2025 01:57:35 * Finished (main,compress)
						This took about 6 seconds, peak mem usage: 229.48 Mb
[1752213562] -- 11/07/2025 01:59:28 * Finished (main,compress)
						This took about 6 seconds, peak mem usage: 229.48 Mb
[1752213693] -- 11/07/2025 02:01:40 * Finished (main,compress)
						This took about 7 seconds, peak mem usage: 229.48 Mb
[1752213845] -- 11/07/2025 02:04:13 * Finished (main,compress)
						This took about 8 seconds, peak mem usage: 229.48 Mb
[1752214014] -- 11/07/2025 02:07:03 * Finished (main,compress)
						This took about 9 seconds, peak mem usage: 229.48 Mb
[1752214202] -- 11/07/2025 02:10:11 * Finished (main,compress)
						This took about 9 seconds, peak mem usage: 229.48 Mb
[1752214410] -- 11/07/2025 02:13:38 * Finished (main,compress)
						This took about 8 seconds, peak mem usage: 229.48 Mb
[1752214636] -- 11/07/2025 02:17:26 * Finished (main,compress)
						This took about 10 seconds, peak mem usage: 229.48 Mb
[1752214883] -- 11/07/2025 02:21:34 * Finished (main,compress)
						This took about 11 seconds, peak mem usage: 229.48 Mb
[1752215153] -- 11/07/2025 02:26:05 * Finished (main,compress)
						This took about 12 seconds, peak mem usage: 229.48 Mb
[1752215444] -- 11/07/2025 02:30:56 * Finished (main,compress)
						This took about 12 seconds, peak mem usage: 229.48 Mb
[1752215760] -- 11/07/2025 02:36:13 * Finished (main,compress)
						This took about 13 seconds, peak mem usage: 229.48 Mb
[1752216095] -- 11/07/2025 02:41:47 * Finished (main,compress)
						This took about 12 seconds, peak mem usage: 229.48 Mb
[1752216450] -- 11/07/2025 02:47:42 * Finished (main,compress)
						This took about 12 seconds, peak mem usage: 229.48 Mb
[1752216829] -- 11/07/2025 02:54:02 * Finished (main,compress)
						This took about 13 seconds, peak mem usage: 229.48 Mb
[1752217233] -- 11/07/2025 03:00:46 * Finished (main,compress)
						This took about 13 seconds, peak mem usage: 229.48 Mb
[1752217662] -- 11/07/2025 03:07:55 * Finished (main,compress)
						This took about 13 seconds, peak mem usage: 229.48 Mb
[1752218116] -- 11/07/2025 03:15:30 * Finished (main,compress)
						This took about 14 seconds, peak mem usage: 229.48 Mb
[1752218589] -- 11/07/2025 03:23:23 * Finished (main,compress)
						This took about 14 seconds, peak mem usage: 229.48 Mb
[1752219079] -- 11/07/2025 03:31:20 * Finished (main,compress)
						This took about 1 seconds, peak mem usage: 53.88 Mb
[1752219098] -- 11/07/2025 03:31:38 * Finished (main,compress)
						This took about 0 seconds, peak mem usage: 57.97 Mb
[1752219139] -- 11/07/2025 03:32:20 * Finished (main,compress)
						This took about 1 seconds, peak mem usage: 57.97 Mb
[1752219209] -- 11/07/2025 03:33:30 * Finished (main,compress)
						This took about 1 seconds, peak mem usage: 57.97 Mb
[1752219307] -- 11/07/2025 03:35:07 * Finished (main,compress)
						This took about 0 seconds, peak mem usage: 62.07 Mb
[1752219432] -- 11/07/2025 03:37:12 * Finished (main,compress)
						This took about 0 seconds, peak mem usage: 62.07 Mb
[1752219565] -- 11/07/2025 03:39:25 * Finished (main,compress)
						This took about 0 seconds, peak mem usage: 62.07 Mb
[1752219706] -- 11/07/2025 03:41:46 * Finished (main,compress)
						This took about 0 seconds, peak mem usage: 62.07 Mb
[1752219854] -- 11/07/2025 03:44:15 * Finished (main,compress)
						This took about 1 seconds, peak mem usage: 57.97 Mb
[1752220016] -- 11/07/2025 03:46:56 * Finished (main,compress)
						This took about 0 seconds, peak mem usage: 57.97 Mb
[1752220180] -- 11/07/2025 03:49:41 * Finished (main,compress)
						This took about 1 seconds, peak mem usage: 57.97 Mb
[1752220347] -- 11/07/2025 03:52:28 * Finished (main,compress)
						This took about 1 seconds, peak mem usage: 62.07 Mb
[1752220545] -- 11/07/2025 03:55:45 * Finished (main,compress)
						This took about 0 seconds, peak mem usage: 62.07 Mb
[1752220754] -- 11/07/2025 03:59:15 * Finished (main,compress)
						This took about 1 seconds, peak mem usage: 62.07 Mb
[1752220969] -- 11/07/2025 04:02:49 * Finished (main,compress)
						This took about 0 seconds, peak mem usage: 57.97 Mb
[1752221189] -- 11/07/2025 04:06:30 * Finished (main,compress)
						This took about 1 seconds, peak mem usage: 57.97 Mb
[1752221416] -- 11/07/2025 04:10:17 * Finished (main,compress)
						This took about 1 seconds, peak mem usage: 62.07 Mb
[1752221684] -- 11/07/2025 04:14:44 * Finished (main,compress)
						This took about 0 seconds, peak mem usage: 62.07 Mb
[1752221960] -- 11/07/2025 04:19:21 * Finished (main,compress)
						This took about 1 seconds, peak mem usage: 62.07 Mb
[1752222251] -- 11/07/2025 04:24:11 * Finished (main,compress)
						This took about 0 seconds, peak mem usage: 62.07 Mb
[1752222542] -- 11/07/2025 04:29:03 * Finished (main,compress)
						This took about 1 seconds, peak mem usage: 62.07 Mb
[1752222836] -- 11/07/2025 04:33:57 * Finished (main,compress)
						This took about 1 seconds, peak mem usage: 62.07 Mb
[1752223134] -- 11/07/2025 04:38:55 * Finished (main,compress)
						This took about 1 seconds, peak mem usage: 62.07 Mb
[1752223443] -- 11/07/2025 04:44:03 * Finished (main,compress)
						This took about 0 seconds, peak mem usage: 62.07 Mb
[1752223762] -- 11/07/2025 04:49:23 * Finished (main,compress)
						This took about 1 seconds, peak mem usage: 62.07 Mb
[1752224109] -- 11/07/2025 04:55:10 * Finished (main,compress)
						This took about 1 seconds, peak mem usage: 258.27 Mb
[1752224121] -- 11/07/2025 04:55:22 * Finished (main,compress)
						This took about 1 seconds, peak mem usage: 258.27 Mb
[1752224144] -- 11/07/2025 04:55:45 * Finished (main,compress)
						This took about 1 seconds, peak mem usage: 265.84 Mb
[1752224176] -- 11/07/2025 04:56:18 * Finished (main,compress)
						This took about 2 seconds, peak mem usage: 334.39 Mb
[1752224220] -- 11/07/2025 04:57:01 * Finished (main,compress)
						This took about 1 seconds, peak mem usage: 334.39 Mb
[1752224274] -- 11/07/2025 04:57:56 * Finished (main,compress)
						This took about 2 seconds, peak mem usage: 334.39 Mb
[1752224341] -- 11/07/2025 04:59:04 * Finished (main,compress)
						This took about 3 seconds, peak mem usage: 464.27 Mb
[1752224424] -- 11/07/2025 05:00:27 * Finished (main,compress)
						This took about 3 seconds, peak mem usage: 464.27 Mb
[1752224524] -- 11/07/2025 05:02:06 * Finished (main,compress)
						This took about 2 seconds, peak mem usage: 464.27 Mb
[1752224637] -- 11/07/2025 05:04:00 * Finished (main,compress)
						This took about 3 seconds, peak mem usage: 464.27 Mb
[1752224767] -- 11/07/2025 05:06:10 * Finished (main,compress)
						This took about 3 seconds, peak mem usage: 464.27 Mb
[1752224911] -- 11/07/2025 05:08:35 * Finished (main,compress)
						This took about 4 seconds, peak mem usage: 464.27 Mb
[1752225072] -- 11/07/2025 05:11:16 * Finished (main,compress)
						This took about 4 seconds, peak mem usage: 464.27 Mb
[1752225254] -- 11/07/2025 05:14:18 * Finished (main,compress)
						This took about 4 seconds, peak mem usage: 464.27 Mb
[1752225455] -- 11/07/2025 05:17:39 * Finished (main,compress)
						This took about 4 seconds, peak mem usage: 464.27 Mb
[1752225676] -- 11/07/2025 05:21:21 * Finished (main,compress)
						This took about 5 seconds, peak mem usage: 464.27 Mb
[1752225919] -- 11/07/2025 05:25:26 * Finished (main,compress)
						This took about 7 seconds, peak mem usage: 464.27 Mb
[1752226184] -- 11/07/2025 05:29:50 * Finished (main,compress)
						This took about 6 seconds, peak mem usage: 464.27 Mb
[1752226469] -- 11/07/2025 05:34:35 * Finished (main,compress)
						This took about 6 seconds, peak mem usage: 464.27 Mb
[1752226775] -- 11/07/2025 05:39:41 * Finished (main,compress)
						This took about 6 seconds, peak mem usage: 464.27 Mb
[1752227104] -- 11/07/2025 05:45:10 * Finished (main,compress)
						This took about 6 seconds, peak mem usage: 464.27 Mb
[1752227445] -- 11/07/2025 05:50:52 * Finished (main,compress)
						This took about 7 seconds, peak mem usage: 464.27 Mb
[1752227815] -- 11/07/2025 05:57:03 * Finished (main,compress)
						This took about 8 seconds, peak mem usage: 464.27 Mb
[1752228204] -- 11/07/2025 06:03:32 * Finished (main,compress)
						This took about 8 seconds, peak mem usage: 525.33 Mb
[1752228620] -- 11/07/2025 06:10:28 * Finished (main,compress)
						This took about 8 seconds, peak mem usage: 525.33 Mb
[1752229071] -- 11/07/2025 06:18:17 * Finished (main,compress)
						This took about 26 seconds, peak mem usage: 1866.27 Mb
[1752229140] -- 11/07/2025 06:19:31 * Finished (main,compress)
						This took about 31 seconds, peak mem usage: 1826.31 Mb
[1752229239] -- 11/07/2025 06:21:39 * Finished (main,compress)
						This took about 60 seconds, peak mem usage: 1846.30 Mb
[1752229396] -- 11/07/2025 06:25:10 * Finished (main,compress)
						This took about 114 seconds, peak mem usage: 1826.31 Mb
[1752229640] -- 11/07/2025 06:29:18 * Finished (main,compress)
						This took about 118 seconds, peak mem usage: 1866.27 Mb
[1752229918] -- 11/07/2025 06:34:15 * Finished (main,compress)
						This took about 137 seconds, peak mem usage: 1866.27 Mb
[1752230233] -- 11/07/2025 06:39:48 * Finished (main,compress)
						This took about 155 seconds, peak mem usage: 1866.27 Mb
[1752230592] -- 11/07/2025 06:46:56 * Finished (main,compress)
						This took about 224 seconds, peak mem usage: 1826.31 Mb
[1752231053] -- 11/07/2025 06:55:41 * Finished (main,compress)
						This took about 288 seconds, peak mem usage: 1826.31 Mb
[1752231601] -- 11/07/2025 07:05:50 * Finished (main,compress)
						This took about 349 seconds, peak mem usage: 1846.30 Mb
[1752232239] -- 11/07/2025 07:17:45 * Finished (main,compress)
						This took about 426 seconds, peak mem usage: 1846.30 Mb
[1752232986] -- 11/07/2025 07:31:34 * Finished (main,compress)
						This took about 508 seconds, peak mem usage: 1826.31 Mb
[1752233850] -- 11/07/2025 07:45:48 * Finished (main,compress)
						This took about 498 seconds, peak mem usage: 1846.30 Mb
[1752234736] -- 11/07/2025 08:03:40 * Finished (main,compress)
						This took about 684 seconds, peak mem usage: 1826.31 Mb
[1752235865] -- 11/07/2025 08:22:01 * Finished (main,compress)
						This took about 656 seconds, peak mem usage: 1887.74 Mb
[1752237000] -- 11/07/2025 08:42:54 * Finished (main,compress)
						This took about 774 seconds, peak mem usage: 1826.31 Mb
[1752238268] -- 11/07/2025 09:06:14 * Finished (main,compress)
						This took about 906 seconds, peak mem usage: 1826.31 Mb
[1752239716] -- 11/07/2025 09:30:31 * Finished (main,compress)
						This took about 915 seconds, peak mem usage: 1826.31 Mb
[1752443797] -- 13/07/2025 17:56:41 * Finished (main,compress)
						This took about 4 seconds, peak mem usage: 199.84 Mb
[1752443868] -- 13/07/2025 17:57:53 * Finished (main,compress)
						This took about 5 seconds, peak mem usage: 217.63 Mb
[1752443914] -- 13/07/2025 17:58:40 * Finished (main,compress)
						This took about 6 seconds, peak mem usage: 217.63 Mb
[1752443985] -- 13/07/2025 17:59:52 * Finished (main,compress)
						This took about 7 seconds, peak mem usage: 217.63 Mb
[1752444076] -- 13/07/2025 18:01:22 * Finished (main,compress)
						This took about 6 seconds, peak mem usage: 217.63 Mb
[1752444194] -- 13/07/2025 18:03:20 * Finished (main,compress)
						This took about 6 seconds, peak mem usage: 217.63 Mb
[1752444335] -- 13/07/2025 18:05:40 * Finished (main,compress)
						This took about 5 seconds, peak mem usage: 223.56 Mb
[1752444503] -- 13/07/2025 18:08:29 * Finished (main,compress)
						This took about 6 seconds, peak mem usage: 223.56 Mb
[1752444695] -- 13/07/2025 18:11:41 * Finished (main,compress)
						This took about 6 seconds, peak mem usage: 223.56 Mb
[1752444914] -- 13/07/2025 18:15:19 * Finished (main,compress)
						This took about 5 seconds, peak mem usage: 223.56 Mb
[1752445162] -- 13/07/2025 18:19:28 * Finished (main,compress)
						This took about 6 seconds, peak mem usage: 223.56 Mb
[1752445439] -- 13/07/2025 18:24:07 * Finished (main,compress)
						This took about 8 seconds, peak mem usage: 223.56 Mb
[1752445743] -- 13/07/2025 18:29:11 * Finished (main,compress)
						This took about 8 seconds, peak mem usage: 223.56 Mb
[1752446079] -- 13/07/2025 18:34:49 * Finished (main,compress)
						This took about 10 seconds, peak mem usage: 223.56 Mb
[1752446439] -- 13/07/2025 18:40:44 * Finished (main,compress)
						This took about 5 seconds, peak mem usage: 223.56 Mb
[1752446826] -- 13/07/2025 18:47:13 * Finished (main,compress)
						This took about 7 seconds, peak mem usage: 223.56 Mb
[1752447249] -- 13/07/2025 18:54:19 * Finished (main,compress)
						This took about 10 seconds, peak mem usage: 223.56 Mb
[1752447696] -- 13/07/2025 19:01:41 * Finished (main,compress)
						This took about 5 seconds, peak mem usage: 223.56 Mb
[1752447796] -- 13/07/2025 19:03:16 * Finished (main,compress)
						This took about 0 seconds, peak mem usage: 12.41 Mb
[1752448352] -- 13/07/2025 19:12:32 * Finished (main,compress)
						This took about 0 seconds, peak mem usage: 12.41 Mb
[1752448369] -- 13/07/2025 19:12:49 * Finished (main,compress)
						This took about 0 seconds, peak mem usage: 12.41 Mb
[1752448572] -- 13/07/2025 19:16:12 * Finished (main,compress)
						This took about 0 seconds, peak mem usage: 12.41 Mb
[1752448573] -- 13/07/2025 19:16:13 * Finished (main,compress)
						This took about 0 seconds, peak mem usage: 12.92 Mb
[1752448574] -- 13/07/2025 19:16:14 * Finished (main,compress)
						This took about 0 seconds, peak mem usage: 12.92 Mb
[1752448576] -- 13/07/2025 19:16:16 * Finished (main,compress)
						This took about 0 seconds, peak mem usage: 12.92 Mb
[1752448577] -- 13/07/2025 19:16:17 * Finished (main,compress)
						This took about 0 seconds, peak mem usage: 12.92 Mb
[1752448579] -- 13/07/2025 19:16:19 * Finished (main,compress)
						This took about 0 seconds, peak mem usage: 12.92 Mb
[1752448581] -- 13/07/2025 19:16:21 * Finished (main,compress)
						This took about 0 seconds, peak mem usage: 12.92 Mb
[1752448583] -- 13/07/2025 19:16:23 * Finished (main,compress)
						This took about 0 seconds, peak mem usage: 12.92 Mb
[1752448586] -- 13/07/2025 19:16:26 * Finished (main,compress)
						This took about 0 seconds, peak mem usage: 12.92 Mb
[1752448589] -- 13/07/2025 19:16:29 * Finished (main,compress)
						This took about 0 seconds, peak mem usage: 12.92 Mb
[1752448591] -- 13/07/2025 19:16:32 * Finished (main,compress)
						This took about 1 seconds, peak mem usage: 12.92 Mb
[1752448595] -- 13/07/2025 19:16:35 * Finished (main,compress)
						This took about 0 seconds, peak mem usage: 12.92 Mb
[1752448598] -- 13/07/2025 19:16:38 * Finished (main,compress)
						This took about 0 seconds, peak mem usage: 12.92 Mb
[1752448601] -- 13/07/2025 19:16:41 * Finished (main,compress)
						This took about 0 seconds, peak mem usage: 13.03 Mb
[1752448605] -- 13/07/2025 19:16:45 * Finished (main,compress)
						This took about 0 seconds, peak mem usage: 12.92 Mb
[1752448609] -- 13/07/2025 19:16:49 * Finished (main,compress)
						This took about 0 seconds, peak mem usage: 12.92 Mb
[1752448613] -- 13/07/2025 19:16:53 * Finished (main,compress)
						This took about 0 seconds, peak mem usage: 12.92 Mb
[1752448617] -- 13/07/2025 19:16:57 * Finished (main,compress)
						This took about 0 seconds, peak mem usage: 12.92 Mb
[1752448622] -- 13/07/2025 19:17:02 * Finished (main,compress)
						This took about 0 seconds, peak mem usage: 12.92 Mb
[1752448626] -- 13/07/2025 19:17:07 * Finished (main,compress)
						This took about 1 seconds, peak mem usage: 12.92 Mb
[1752448631] -- 13/07/2025 19:17:11 * Finished (main,compress)
						This took about 0 seconds, peak mem usage: 12.92 Mb
[1752448637] -- 13/07/2025 19:17:17 * Finished (main,compress)
						This took about 0 seconds, peak mem usage: 12.92 Mb
[1752448642] -- 13/07/2025 19:17:22 * Finished (main,compress)
						This took about 0 seconds, peak mem usage: 12.92 Mb
[1752448647] -- 13/07/2025 19:17:27 * Finished (main,compress)
						This took about 0 seconds, peak mem usage: 12.92 Mb
[1752448653] -- 13/07/2025 19:17:33 * Finished (main,compress)
						This took about 0 seconds, peak mem usage: 12.92 Mb
[1752448690] -- 13/07/2025 19:18:10 * Finished (main,compress)
						This took about 0 seconds, peak mem usage: 12.41 Mb
[1752448691] -- 13/07/2025 19:18:12 * Finished (main,compress)
						This took about 1 seconds, peak mem usage: 12.92 Mb
[1752448693] -- 13/07/2025 19:18:13 * Finished (main,compress)
						This took about 0 seconds, peak mem usage: 12.92 Mb
[1752448695] -- 13/07/2025 19:18:15 * Finished (main,compress)
						This took about 0 seconds, peak mem usage: 12.92 Mb
[1752448698] -- 13/07/2025 19:18:18 * Finished (main,compress)
						This took about 0 seconds, peak mem usage: 12.92 Mb
[1752448701] -- 13/07/2025 19:18:21 * Finished (main,compress)
						This took about 0 seconds, peak mem usage: 13.03 Mb
[1752448705] -- 13/07/2025 19:18:25 * Finished (main,compress)
						This took about 0 seconds, peak mem usage: 12.92 Mb
[1752448709] -- 13/07/2025 19:18:29 * Finished (main,compress)
						This took about 0 seconds, peak mem usage: 12.92 Mb
[1752448713] -- 13/07/2025 19:18:33 * Finished (main,compress)
						This took about 0 seconds, peak mem usage: 12.92 Mb
[1752448718] -- 13/07/2025 19:18:38 * Finished (main,compress)
						This took about 0 seconds, peak mem usage: 12.92 Mb
[1752448724] -- 13/07/2025 19:18:44 * Finished (main,compress)
						This took about 0 seconds, peak mem usage: 12.92 Mb
[1752448730] -- 13/07/2025 19:18:50 * Finished (main,compress)
						This took about 0 seconds, peak mem usage: 13.03 Mb
[1752448736] -- 13/07/2025 19:18:56 * Finished (main,compress)
						This took about 0 seconds, peak mem usage: 12.92 Mb
[1752448742] -- 13/07/2025 19:19:03 * Finished (main,compress)
						This took about 1 seconds, peak mem usage: 13.03 Mb
[1752448750] -- 13/07/2025 19:19:10 * Finished (main,compress)
						This took about 0 seconds, peak mem usage: 13.03 Mb
[1752448757] -- 13/07/2025 19:19:17 * Finished (main,compress)
						This took about 0 seconds, peak mem usage: 13.03 Mb
[1752448766] -- 13/07/2025 19:19:26 * Finished (main,compress)
						This took about 0 seconds, peak mem usage: 13.03 Mb
[1752448775] -- 13/07/2025 19:19:35 * Finished (main,compress)
						This took about 0 seconds, peak mem usage: 13.03 Mb
[1752448784] -- 13/07/2025 19:19:44 * Finished (main,compress)
						This took about 0 seconds, peak mem usage: 13.03 Mb
[1752448793] -- 13/07/2025 19:19:53 * Finished (main,compress)
						This took about 0 seconds, peak mem usage: 13.03 Mb
[1752448803] -- 13/07/2025 19:20:03 * Finished (main,compress)
						This took about 0 seconds, peak mem usage: 13.03 Mb
[1752448813] -- 13/07/2025 19:20:14 * Finished (main,compress)
						This took about 1 seconds, peak mem usage: 13.03 Mb
[1752448824] -- 13/07/2025 19:20:24 * Finished (main,compress)
						This took about 0 seconds, peak mem usage: 13.03 Mb
[1752448836] -- 13/07/2025 19:20:36 * Finished (main,compress)
						This took about 0 seconds, peak mem usage: 13.03 Mb
[1752448847] -- 13/07/2025 19:20:48 * Finished (main,compress)
						This took about 1 seconds, peak mem usage: 13.03 Mb
[1752448958] -- 13/07/2025 19:22:38 * Finished (main,compress)
						This took about 0 seconds, peak mem usage: 12.41 Mb
[1752448959] -- 13/07/2025 19:22:39 * Finished (main,compress)
						This took about 0 seconds, peak mem usage: 12.92 Mb
[1752448961] -- 13/07/2025 19:22:41 * Finished (main,compress)
						This took about 0 seconds, peak mem usage: 12.92 Mb
[1752448963] -- 13/07/2025 19:22:43 * Finished (main,compress)
						This took about 0 seconds, peak mem usage: 12.92 Mb
[1752448966] -- 13/07/2025 19:22:46 * Finished (main,compress)
						This took about 0 seconds, peak mem usage: 12.92 Mb
[1752448969] -- 13/07/2025 19:22:49 * Finished (main,compress)
						This took about 0 seconds, peak mem usage: 13.03 Mb
[1752448973] -- 13/07/2025 19:22:53 * Finished (main,compress)
						This took about 0 seconds, peak mem usage: 12.92 Mb
[1752448977] -- 13/07/2025 19:22:57 * Finished (main,compress)
						This took about 0 seconds, peak mem usage: 12.92 Mb
[1752448981] -- 13/07/2025 19:23:01 * Finished (main,compress)
						This took about 0 seconds, peak mem usage: 12.92 Mb
[1752448986] -- 13/07/2025 19:23:07 * Finished (main,compress)
						This took about 1 seconds, peak mem usage: 12.92 Mb
[1752448992] -- 13/07/2025 19:23:12 * Finished (main,compress)
						This took about 0 seconds, peak mem usage: 12.92 Mb
[1752449024] -- 13/07/2025 19:23:44 * Finished (main,compress)
						This took about 0 seconds, peak mem usage: 12.41 Mb
[1752449025] -- 13/07/2025 19:23:45 * Finished (main,compress)
						This took about 0 seconds, peak mem usage: 12.92 Mb
[1752449027] -- 13/07/2025 19:23:47 * Finished (main,compress)
						This took about 0 seconds, peak mem usage: 12.92 Mb
[1752449029] -- 13/07/2025 19:23:49 * Finished (main,compress)
						This took about 0 seconds, peak mem usage: 12.92 Mb
[1752449031] -- 13/07/2025 19:23:52 * Finished (main,compress)
						This took about 1 seconds, peak mem usage: 12.92 Mb
[1752449056] -- 13/07/2025 19:24:16 * Finished (main,compress)
						This took about 0 seconds, peak mem usage: 12.41 Mb
[1752449057] -- 13/07/2025 19:24:17 * Finished (main,compress)
						This took about 0 seconds, peak mem usage: 12.92 Mb
[1752449058] -- 13/07/2025 19:24:18 * Finished (main,compress)
						This took about 0 seconds, peak mem usage: 12.92 Mb
[1752449059] -- 13/07/2025 19:24:19 * Finished (main,compress)
						This took about 0 seconds, peak mem usage: 12.92 Mb
[1752449061] -- 13/07/2025 19:24:21 * Finished (main,compress)
						This took about 0 seconds, peak mem usage: 12.92 Mb
[1752449132] -- 13/07/2025 19:25:32 * Finished (main,compress)
						This took about 0 seconds, peak mem usage: 12.41 Mb
[1752449133] -- 13/07/2025 19:25:33 * Finished (main,compress)
						This took about 0 seconds, peak mem usage: 12.92 Mb
[1752449134] -- 13/07/2025 19:25:34 * Finished (main,compress)
						This took about 0 seconds, peak mem usage: 12.92 Mb
[1752449136] -- 13/07/2025 19:25:36 * Finished (main,compress)
						This took about 0 seconds, peak mem usage: 12.92 Mb
[1752449137] -- 13/07/2025 19:25:37 * Finished (main,compress)
						This took about 0 seconds, peak mem usage: 12.92 Mb
[1752449144] -- 13/07/2025 19:25:44 * Finished (main,compress)
						This took about 0 seconds, peak mem usage: 12.41 Mb
[1752449145] -- 13/07/2025 19:25:45 * Finished (main,compress)
						This took about 0 seconds, peak mem usage: 12.92 Mb
[1752449146] -- 13/07/2025 19:25:46 * Finished (main,compress)
						This took about 0 seconds, peak mem usage: 12.92 Mb
[1752449147] -- 13/07/2025 19:25:47 * Finished (main,compress)
						This took about 0 seconds, peak mem usage: 12.92 Mb
[1752449149] -- 13/07/2025 19:25:49 * Finished (main,compress)
						This took about 0 seconds, peak mem usage: 12.92 Mb
[1752449165] -- 13/07/2025 19:26:05 * Finished (main,compress)
						This took about 0 seconds, peak mem usage: 12.41 Mb
[1752449166] -- 13/07/2025 19:26:06 * Finished (main,compress)
						This took about 0 seconds, peak mem usage: 12.92 Mb
[1752449168] -- 13/07/2025 19:26:08 * Finished (main,compress)
						This took about 0 seconds, peak mem usage: 12.92 Mb
[1752449170] -- 13/07/2025 19:26:10 * Finished (main,compress)
						This took about 0 seconds, peak mem usage: 12.92 Mb
[1752449173] -- 13/07/2025 19:26:13 * Finished (main,compress)
						This took about 0 seconds, peak mem usage: 12.92 Mb
[1752449597] -- 13/07/2025 19:33:17 * Finished (main,compress)
						This took about 0 seconds, peak mem usage: 12.41 Mb
[1752449598] -- 13/07/2025 19:33:18 * Finished (main,compress)
						This took about 0 seconds, peak mem usage: 12.92 Mb
[1752449599] -- 13/07/2025 19:33:20 * Finished (main,compress)
						This took about 1 seconds, peak mem usage: 12.92 Mb
[1752449601] -- 13/07/2025 19:33:21 * Finished (main,compress)
						This took about 0 seconds, peak mem usage: 12.92 Mb
[1752449602] -- 13/07/2025 19:33:22 * Finished (main,compress)
						This took about 0 seconds, peak mem usage: 12.92 Mb
[1752449660] -- 13/07/2025 19:34:20 * Finished (main,compress)
						This took about 0 seconds, peak mem usage: 12.41 Mb
[1752449661] -- 13/07/2025 19:34:21 * Finished (main,compress)
						This took about 0 seconds, peak mem usage: 12.92 Mb
[1752449662] -- 13/07/2025 19:34:22 * Finished (main,compress)
						This took about 0 seconds, peak mem usage: 12.92 Mb
[1752449663] -- 13/07/2025 19:34:23 * Finished (main,compress)
						This took about 0 seconds, peak mem usage: 12.92 Mb
[1752449665] -- 13/07/2025 19:34:25 * Finished (main,compress)
						This took about 0 seconds, peak mem usage: 12.92 Mb
[1752449868] -- 13/07/2025 19:37:48 * Finished (main,compress)
						This took about 0 seconds, peak mem usage: 12.41 Mb
[1752449869] -- 13/07/2025 19:37:49 * Finished (main,compress)
						This took about 0 seconds, peak mem usage: 12.92 Mb
[1752449870] -- 13/07/2025 19:37:50 * Finished (main,compress)
						This took about 0 seconds, peak mem usage: 12.92 Mb
[1752449871] -- 13/07/2025 19:37:51 * Finished (main,compress)
						This took about 0 seconds, peak mem usage: 12.92 Mb
[1752449873] -- 13/07/2025 19:37:53 * Finished (main,compress)
						This took about 0 seconds, peak mem usage: 12.92 Mb
[1752449921] -- 13/07/2025 19:38:41 * Finished (main,compress)
						This took about 0 seconds, peak mem usage: 12.41 Mb
[1752449922] -- 13/07/2025 19:38:42 * Finished (main,compress)
						This took about 0 seconds, peak mem usage: 12.92 Mb
[1752449923] -- 13/07/2025 19:38:43 * Finished (main,compress)
						This took about 0 seconds, peak mem usage: 12.92 Mb
[1752449924] -- 13/07/2025 19:38:44 * Finished (main,compress)
						This took about 0 seconds, peak mem usage: 12.92 Mb
[1752449926] -- 13/07/2025 19:38:46 * Finished (main,compress)
						This took about 0 seconds, peak mem usage: 12.92 Mb
[1752449951] -- 13/07/2025 19:39:11 * Finished (main,compress)
						This took about 0 seconds, peak mem usage: 12.41 Mb
[1752449953] -- 13/07/2025 19:39:13 * Finished (main,compress)
						This took about 0 seconds, peak mem usage: 12.92 Mb
[1752449954] -- 13/07/2025 19:39:14 * Finished (main,compress)
						This took about 0 seconds, peak mem usage: 12.92 Mb
[1752449957] -- 13/07/2025 19:39:17 * Finished (main,compress)
						This took about 0 seconds, peak mem usage: 12.92 Mb
[1752449959] -- 13/07/2025 19:39:19 * Finished (main,compress)
						This took about 0 seconds, peak mem usage: 12.92 Mb
[1752449977] -- 13/07/2025 19:39:37 * Finished (main,compress)
						This took about 0 seconds, peak mem usage: 12.41 Mb
[1752449978] -- 13/07/2025 19:39:38 * Finished (main,compress)
						This took about 0 seconds, peak mem usage: 12.92 Mb
[1752449980] -- 13/07/2025 19:39:40 * Finished (main,compress)
						This took about 0 seconds, peak mem usage: 12.92 Mb
[1752449982] -- 13/07/2025 19:39:42 * Finished (main,compress)
						This took about 0 seconds, peak mem usage: 12.92 Mb
[1752449984] -- 13/07/2025 19:39:44 * Finished (main,compress)
						This took about 0 seconds, peak mem usage: 12.92 Mb
[1752450014] -- 13/07/2025 19:40:14 * Finished (main,compress)
						This took about 0 seconds, peak mem usage: 12.41 Mb
[1752450015] -- 13/07/2025 19:40:15 * Finished (main,compress)
						This took about 0 seconds, peak mem usage: 12.92 Mb
[1752450017] -- 13/07/2025 19:40:17 * Finished (main,compress)
						This took about 0 seconds, peak mem usage: 12.92 Mb
[1752450019] -- 13/07/2025 19:40:19 * Finished (main,compress)
						This took about 0 seconds, peak mem usage: 12.92 Mb
[1752450022] -- 13/07/2025 19:40:22 * Finished (main,compress)
						This took about 0 seconds, peak mem usage: 12.92 Mb
[1752450027] -- 13/07/2025 19:40:27 * Finished (main,compress)
						This took about 0 seconds, peak mem usage: 12.41 Mb
[1752450028] -- 13/07/2025 19:40:28 * Finished (main,compress)
						This took about 0 seconds, peak mem usage: 12.92 Mb
[1752450029] -- 13/07/2025 19:40:29 * Finished (main,compress)
						This took about 0 seconds, peak mem usage: 12.92 Mb
[1752450031] -- 13/07/2025 19:40:31 * Finished (main,compress)
						This took about 0 seconds, peak mem usage: 12.92 Mb
[1752450032] -- 13/07/2025 19:40:32 * Finished (main,compress)
						This took about 0 seconds, peak mem usage: 12.92 Mb
[1752450070] -- 13/07/2025 19:41:10 * Finished (main,compress)
						This took about 0 seconds, peak mem usage: 12.41 Mb
[1752450071] -- 13/07/2025 19:41:11 * Finished (main,compress)
						This took about 0 seconds, peak mem usage: 12.92 Mb
[1752450072] -- 13/07/2025 19:41:12 * Finished (main,compress)
						This took about 0 seconds, peak mem usage: 12.92 Mb
[1752450073] -- 13/07/2025 19:41:14 * Finished (main,compress)
						This took about 1 seconds, peak mem usage: 12.92 Mb
[1752450075] -- 13/07/2025 19:41:15 * Finished (main,compress)
						This took about 0 seconds, peak mem usage: 12.92 Mb
[1752450084] -- 13/07/2025 19:41:28 * Finished (main,compress)
						This took about 4 seconds, peak mem usage: 217.63 Mb
[1752450102] -- 13/07/2025 19:41:42 * Finished (main,compress)
						This took about 0 seconds, peak mem usage: 12.41 Mb
[1752450104] -- 13/07/2025 19:41:44 * Finished (main,compress)
						This took about 0 seconds, peak mem usage: 12.92 Mb
[1752450105] -- 13/07/2025 19:41:45 * Finished (main,compress)
						This took about 0 seconds, peak mem usage: 12.92 Mb
[1752450107] -- 13/07/2025 19:41:48 * Finished (main,compress)
						This took about 1 seconds, peak mem usage: 12.92 Mb
[1752450110] -- 13/07/2025 19:41:50 * Finished (main,compress)
						This took about 0 seconds, peak mem usage: 12.92 Mb
[1752450330] -- 13/07/2025 19:45:30 * Finished (main,compress)
						This took about 0 seconds, peak mem usage: 12.41 Mb
[1752450332] -- 13/07/2025 19:45:32 * Finished (main,compress)
						This took about 0 seconds, peak mem usage: 12.92 Mb
[1752450334] -- 13/07/2025 19:45:34 * Finished (main,compress)
						This took about 0 seconds, peak mem usage: 12.92 Mb
[1752450336] -- 13/07/2025 19:45:36 * Finished (main,compress)
						This took about 0 seconds, peak mem usage: 12.92 Mb
[1752450338] -- 13/07/2025 19:45:38 * Finished (main,compress)
						This took about 0 seconds, peak mem usage: 12.92 Mb
[1752450355] -- 13/07/2025 19:45:55 * Finished (main,compress)
						This took about 0 seconds, peak mem usage: 12.41 Mb
[1752450356] -- 13/07/2025 19:45:56 * Finished (main,compress)
						This took about 0 seconds, peak mem usage: 12.92 Mb
[1752450357] -- 13/07/2025 19:45:57 * Finished (main,compress)
						This took about 0 seconds, peak mem usage: 12.92 Mb
[1752450358] -- 13/07/2025 19:45:58 * Finished (main,compress)
						This took about 0 seconds, peak mem usage: 12.92 Mb
[1752450360] -- 13/07/2025 19:46:00 * Finished (main,compress)
						This took about 0 seconds, peak mem usage: 12.92 Mb
[1752450490] -- 13/07/2025 19:48:10 * Finished (main,compress)
						This took about 0 seconds, peak mem usage: 12.41 Mb
[1752450491] -- 13/07/2025 19:48:11 * Finished (main,compress)
						This took about 0 seconds, peak mem usage: 12.92 Mb
[1752450492] -- 13/07/2025 19:48:12 * Finished (main,compress)
						This took about 0 seconds, peak mem usage: 12.92 Mb
[1752450493] -- 13/07/2025 19:48:13 * Finished (main,compress)
						This took about 0 seconds, peak mem usage: 12.92 Mb
[1752450495] -- 13/07/2025 19:48:15 * Finished (main,compress)
						This took about 0 seconds, peak mem usage: 12.92 Mb
[1752450509] -- 13/07/2025 19:48:29 * Finished (main,compress)
						This took about 0 seconds, peak mem usage: 12.41 Mb
[1752450511] -- 13/07/2025 19:48:31 * Finished (main,compress)
						This took about 0 seconds, peak mem usage: 12.92 Mb
[1752450512] -- 13/07/2025 19:48:32 * Finished (main,compress)
						This took about 0 seconds, peak mem usage: 12.92 Mb
[1752450514] -- 13/07/2025 19:48:35 * Finished (main,compress)
						This took about 1 seconds, peak mem usage: 12.92 Mb
[1752450517] -- 13/07/2025 19:48:37 * Finished (main,compress)
						This took about 0 seconds, peak mem usage: 12.92 Mb
[1752450654] -- 13/07/2025 19:50:54 * Finished (main,compress)
						This took about 0 seconds, peak mem usage: 12.41 Mb
[1752450656] -- 13/07/2025 19:50:56 * Finished (main,compress)
						This took about 0 seconds, peak mem usage: 12.92 Mb
[1752450658] -- 13/07/2025 19:50:58 * Finished (main,compress)
						This took about 0 seconds, peak mem usage: 12.92 Mb
[1752450660] -- 13/07/2025 19:51:00 * Finished (main,compress)
						This took about 0 seconds, peak mem usage: 12.92 Mb
[1752450662] -- 13/07/2025 19:51:02 * Finished (main,compress)
						This took about 0 seconds, peak mem usage: 12.92 Mb
[1752450668] -- 13/07/2025 19:51:08 * Finished (main,compress)
						This took about 0 seconds, peak mem usage: 12.41 Mb
[1752450747] -- 13/07/2025 19:52:27 * Finished (main,compress)
						This took about 0 seconds, peak mem usage: 12.41 Mb
[1752450748] -- 13/07/2025 19:52:28 * Finished (main,compress)
						This took about 0 seconds, peak mem usage: 12.92 Mb
[1752450749] -- 13/07/2025 19:52:29 * Finished (main,compress)
						This took about 0 seconds, peak mem usage: 12.92 Mb
[1752450751] -- 13/07/2025 19:52:31 * Finished (main,compress)
						This took about 0 seconds, peak mem usage: 12.92 Mb
[1752450752] -- 13/07/2025 19:52:32 * Finished (main,compress)
						This took about 0 seconds, peak mem usage: 12.92 Mb
[1752451028] -- 13/07/2025 19:57:08 * Finished (main,compress)
						This took about 0 seconds, peak mem usage: 12.41 Mb
[1752451078] -- 13/07/2025 19:57:58 * Finished (main,compress)
						This took about 0 seconds, peak mem usage: 12.41 Mb
[1752451132] -- 13/07/2025 19:58:52 * Finished (main,compress)
						This took about 0 seconds, peak mem usage: 12.41 Mb
[1752451133] -- 13/07/2025 19:58:53 * Finished (main,compress)
						This took about 0 seconds, peak mem usage: 12.79 Mb
[1752451133] -- 13/07/2025 19:58:53 * Finished (main,compress)
						This took about 0 seconds, peak mem usage: 12.79 Mb
[1752451134] -- 13/07/2025 19:58:54 * Finished (main,compress)
						This took about 0 seconds, peak mem usage: 12.79 Mb
[1752451135] -- 13/07/2025 19:58:55 * Finished (main,compress)
						This took about 0 seconds, peak mem usage: 12.79 Mb
[1752451151] -- 13/07/2025 19:59:11 * Finished (main,compress)
						This took about 0 seconds, peak mem usage: 12.41 Mb
[1752451151] -- 13/07/2025 19:59:11 * Finished (main,compress)
						This took about 0 seconds, peak mem usage: 12.79 Mb
[1752451152] -- 13/07/2025 19:59:12 * Finished (main,compress)
						This took about 0 seconds, peak mem usage: 12.79 Mb
[1752451153] -- 13/07/2025 19:59:13 * Finished (main,compress)
						This took about 0 seconds, peak mem usage: 12.79 Mb
[1752451153] -- 13/07/2025 19:59:13 * Finished (main,compress)
						This took about 0 seconds, peak mem usage: 12.79 Mb
[1752451171] -- 13/07/2025 19:59:31 * Finished (main,compress)
						This took about 0 seconds, peak mem usage: 12.41 Mb
[1752451172] -- 13/07/2025 19:59:32 * Finished (main,compress)
						This took about 0 seconds, peak mem usage: 12.66 Mb
[1752451173] -- 13/07/2025 19:59:33 * Finished (main,compress)
						This took about 0 seconds, peak mem usage: 12.66 Mb
[1752451174] -- 13/07/2025 19:59:34 * Finished (main,compress)
						This took about 0 seconds, peak mem usage: 12.66 Mb
[1752451176] -- 13/07/2025 19:59:36 * Finished (main,compress)
						This took about 0 seconds, peak mem usage: 12.79 Mb
[1752451483] -- 13/07/2025 20:04:43 * Finished (main,compress)
						This took about 0 seconds, peak mem usage: 12.41 Mb
[1752451484] -- 13/07/2025 20:04:44 * Finished (main,compress)
						This took about 0 seconds, peak mem usage: 12.66 Mb
[1752451485] -- 13/07/2025 20:04:45 * Finished (main,compress)
						This took about 0 seconds, peak mem usage: 12.66 Mb
[1752451486] -- 13/07/2025 20:04:46 * Finished (main,compress)
						This took about 0 seconds, peak mem usage: 12.66 Mb
[1752451488] -- 13/07/2025 20:04:48 * Finished (main,compress)
						This took about 0 seconds, peak mem usage: 12.79 Mb
[1752451505] -- 13/07/2025 20:05:05 * Finished (main,compress)
						This took about 0 seconds, peak mem usage: 12.41 Mb
[1752451506] -- 13/07/2025 20:05:06 * Finished (main,compress)
						This took about 0 seconds, peak mem usage: 12.79 Mb
[1752451506] -- 13/07/2025 20:05:06 * Finished (main,compress)
						This took about 0 seconds, peak mem usage: 12.79 Mb
[1752451507] -- 13/07/2025 20:05:07 * Finished (main,compress)
						This took about 0 seconds, peak mem usage: 12.79 Mb
[1752451508] -- 13/07/2025 20:05:08 * Finished (main,compress)
						This took about 0 seconds, peak mem usage: 12.79 Mb
[1752451665] -- 13/07/2025 20:07:45 * Finished (main,compress)
						This took about 0 seconds, peak mem usage: 12.41 Mb
[1752451666] -- 13/07/2025 20:07:46 * Finished (main,compress)
						This took about 0 seconds, peak mem usage: 12.41 Mb
[1752451667] -- 13/07/2025 20:07:47 * Finished (main,compress)
						This took about 0 seconds, peak mem usage: 12.79 Mb
[1752451668] -- 13/07/2025 20:07:48 * Finished (main,compress)
						This took about 0 seconds, peak mem usage: 12.79 Mb
[1752451670] -- 13/07/2025 20:07:50 * Finished (main,compress)
						This took about 0 seconds, peak mem usage: 12.92 Mb
[1752451704] -- 13/07/2025 20:08:25 * Finished (main,compress)
						This took about 1 seconds, peak mem usage: 12.41 Mb
[1752451706] -- 13/07/2025 20:08:26 * Finished (main,compress)
						This took about 0 seconds, peak mem usage: 12.54 Mb
[1752451709] -- 13/07/2025 20:08:29 * Finished (main,compress)
						This took about 0 seconds, peak mem usage: 12.54 Mb
[1752451713] -- 13/07/2025 20:08:33 * Finished (main,compress)
						This took about 0 seconds, peak mem usage: 12.54 Mb
[1752451718] -- 13/07/2025 20:08:38 * Finished (main,compress)
						This took about 0 seconds, peak mem usage: 12.79 Mb
[1752694853] -- 16/07/2025 15:40:53 * Finished (main,compress)
						This took about 0 seconds, peak mem usage: 12.41 Mb
[1752694854] -- 16/07/2025 15:40:55 * Finished (main,compress)
						This took about 1 seconds, peak mem usage: 12.41 Mb
[1752694855] -- 16/07/2025 15:40:55 * Finished (main,compress)
						This took about 0 seconds, peak mem usage: 12.79 Mb
[1752694856] -- 16/07/2025 15:40:57 * Finished (main,compress)
						This took about 1 seconds, peak mem usage: 12.79 Mb
[1752694858] -- 16/07/2025 15:40:58 * Finished (main,compress)
						This took about 0 seconds, peak mem usage: 12.92 Mb
[1752694874] -- 16/07/2025 15:41:14 * Finished (main,compress)
						This took about 0 seconds, peak mem usage: 12.41 Mb
[1752694875] -- 16/07/2025 15:41:15 * Finished (main,compress)
						This took about 0 seconds, peak mem usage: 12.41 Mb
[1752694876] -- 16/07/2025 15:41:16 * Finished (main,compress)
						This took about 0 seconds, peak mem usage: 12.79 Mb
[1752694877] -- 16/07/2025 15:41:17 * Finished (main,compress)
						This took about 0 seconds, peak mem usage: 12.79 Mb
[1752694878] -- 16/07/2025 15:41:18 * Finished (main,compress)
						This took about 0 seconds, peak mem usage: 12.92 Mb
[1752694941] -- 16/07/2025 15:42:21 * Finished (main,compress)
						This took about 0 seconds, peak mem usage: 8.30 Mb
[1752694942] -- 16/07/2025 15:42:22 * Finished (main,compress)
						This took about 0 seconds, peak mem usage: 8.30 Mb
[1752694942] -- 16/07/2025 15:42:22 * Finished (main,compress)
						This took about 0 seconds, peak mem usage: 8.30 Mb
[1752694942] -- 16/07/2025 15:42:22 * Finished (main,compress)
						This took about 0 seconds, peak mem usage: 8.30 Mb
[1752694943] -- 16/07/2025 15:42:23 * Finished (main,compress)
						This took about 0 seconds, peak mem usage: 8.30 Mb
[1752694943] -- 16/07/2025 15:42:23 * Finished (main,compress)
						This took about 0 seconds, peak mem usage: 8.30 Mb
[1752694943] -- 16/07/2025 15:42:23 * Finished (main,compress)
						This took about 0 seconds, peak mem usage: 8.30 Mb
[1752694943] -- 16/07/2025 15:42:23 * Finished (main,compress)
						This took about 0 seconds, peak mem usage: 8.30 Mb
[1752694944] -- 16/07/2025 15:42:24 * Finished (main,compress)
						This took about 0 seconds, peak mem usage: 8.30 Mb
[1752694944] -- 16/07/2025 15:42:24 * Finished (main,compress)
						This took about 0 seconds, peak mem usage: 8.30 Mb
[1752694944] -- 16/07/2025 15:42:24 * Finished (main,compress)
						This took about 0 seconds, peak mem usage: 8.30 Mb
[1752694945] -- 16/07/2025 15:42:25 * Finished (main,compress)
						This took about 0 seconds, peak mem usage: 8.30 Mb
[1752694945] -- 16/07/2025 15:42:25 * Finished (main,compress)
						This took about 0 seconds, peak mem usage: 8.30 Mb
[1752694945] -- 16/07/2025 15:42:25 * Finished (main,compress)
						This took about 0 seconds, peak mem usage: 8.30 Mb
[1752694946] -- 16/07/2025 15:42:26 * Finished (main,compress)
						This took about 0 seconds, peak mem usage: 8.30 Mb
[1752694946] -- 16/07/2025 15:42:26 * Finished (main,compress)
						This took about 0 seconds, peak mem usage: 8.30 Mb
[1752694947] -- 16/07/2025 15:42:27 * Finished (main,compress)
						This took about 0 seconds, peak mem usage: 8.30 Mb
[1752694947] -- 16/07/2025 15:42:27 * Finished (main,compress)
						This took about 0 seconds, peak mem usage: 8.30 Mb
[1752694947] -- 16/07/2025 15:42:27 * Finished (main,compress)
						This took about 0 seconds, peak mem usage: 8.30 Mb
[1752694948] -- 16/07/2025 15:42:28 * Finished (main,compress)
						This took about 0 seconds, peak mem usage: 8.30 Mb
[1752694948] -- 16/07/2025 15:42:28 * Finished (main,compress)
						This took about 0 seconds, peak mem usage: 8.30 Mb
[1752694948] -- 16/07/2025 15:42:28 * Finished (main,compress)
						This took about 0 seconds, peak mem usage: 8.30 Mb
[1752694949] -- 16/07/2025 15:42:29 * Finished (main,compress)
						This took about 0 seconds, peak mem usage: 8.30 Mb
[1752694949] -- 16/07/2025 15:42:29 * Finished (main,compress)
						This took about 0 seconds, peak mem usage: 8.30 Mb
[1752694949] -- 16/07/2025 15:42:29 * Finished (main,compress)
						This took about 0 seconds, peak mem usage: 8.30 Mb
[1752694951] -- 16/07/2025 15:42:31 * Finished (main,compress)
						This took about 0 seconds, peak mem usage: 10.57 Mb
[1752694951] -- 16/07/2025 15:42:31 * Finished (main,compress)
						This took about 0 seconds, peak mem usage: 10.59 Mb
[1752694952] -- 16/07/2025 15:42:32 * Finished (main,compress)
						This took about 0 seconds, peak mem usage: 10.59 Mb
[1752694953] -- 16/07/2025 15:42:33 * Finished (main,compress)
						This took about 0 seconds, peak mem usage: 10.59 Mb
[1752694953] -- 16/07/2025 15:42:34 * Finished (main,compress)
						This took about 1 seconds, peak mem usage: 10.59 Mb
[1752694955] -- 16/07/2025 15:42:35 * Finished (main,compress)
						This took about 0 seconds, peak mem usage: 10.59 Mb
[1752694956] -- 16/07/2025 15:42:36 * Finished (main,compress)
						This took about 0 seconds, peak mem usage: 10.59 Mb
[1752694957] -- 16/07/2025 15:42:37 * Finished (main,compress)
						This took about 0 seconds, peak mem usage: 10.59 Mb
[1752694958] -- 16/07/2025 15:42:38 * Finished (main,compress)
						This took about 0 seconds, peak mem usage: 10.59 Mb
[1752694959] -- 16/07/2025 15:42:39 * Finished (main,compress)
						This took about 0 seconds, peak mem usage: 10.59 Mb
[1752694961] -- 16/07/2025 15:42:41 * Finished (main,compress)
						This took about 0 seconds, peak mem usage: 10.59 Mb
[1752694963] -- 16/07/2025 15:42:43 * Finished (main,compress)
						This took about 0 seconds, peak mem usage: 10.59 Mb
[1752694964] -- 16/07/2025 15:42:44 * Finished (main,compress)
						This took about 0 seconds, peak mem usage: 10.59 Mb
[1752694966] -- 16/07/2025 15:42:46 * Finished (main,compress)
						This took about 0 seconds, peak mem usage: 10.59 Mb
[1752694968] -- 16/07/2025 15:42:48 * Finished (main,compress)
						This took about 0 seconds, peak mem usage: 10.59 Mb
[1752694970] -- 16/07/2025 15:42:50 * Finished (main,compress)
						This took about 0 seconds, peak mem usage: 10.59 Mb
[1752694972] -- 16/07/2025 15:42:52 * Finished (main,compress)
						This took about 0 seconds, peak mem usage: 10.73 Mb
[1752694974] -- 16/07/2025 15:42:54 * Finished (main,compress)
						This took about 0 seconds, peak mem usage: 10.73 Mb
[1752694977] -- 16/07/2025 15:42:57 * Finished (main,compress)
						This took about 0 seconds, peak mem usage: 10.73 Mb
[1752694979] -- 16/07/2025 15:42:59 * Finished (main,compress)
						This took about 0 seconds, peak mem usage: 10.73 Mb
[1752694981] -- 16/07/2025 15:43:01 * Finished (main,compress)
						This took about 0 seconds, peak mem usage: 10.73 Mb
[1752694984] -- 16/07/2025 15:43:04 * Finished (main,compress)
						This took about 0 seconds, peak mem usage: 10.73 Mb
[1752694987] -- 16/07/2025 15:43:07 * Finished (main,compress)
						This took about 0 seconds, peak mem usage: 10.73 Mb
[1752694989] -- 16/07/2025 15:43:09 * Finished (main,compress)
						This took about 0 seconds, peak mem usage: 10.73 Mb
[1752694992] -- 16/07/2025 15:43:12 * Finished (main,compress)
						This took about 0 seconds, peak mem usage: 10.73 Mb
[1752694995] -- 16/07/2025 15:43:15 * Finished (main,compress)
						This took about 0 seconds, peak mem usage: 12.29 Mb
[1752694996] -- 16/07/2025 15:43:16 * Finished (main,compress)
						This took about 0 seconds, peak mem usage: 12.41 Mb
[1752694997] -- 16/07/2025 15:43:17 * Finished (main,compress)
						This took about 0 seconds, peak mem usage: 12.41 Mb
[1752694998] -- 16/07/2025 15:43:18 * Finished (main,compress)
						This took about 0 seconds, peak mem usage: 12.41 Mb
[1752695000] -- 16/07/2025 15:43:20 * Finished (main,compress)
						This took about 0 seconds, peak mem usage: 12.41 Mb
[1752695001] -- 16/07/2025 15:43:21 * Finished (main,compress)
						This took about 0 seconds, peak mem usage: 12.41 Mb
[1752695003] -- 16/07/2025 15:43:23 * Finished (main,compress)
						This took about 0 seconds, peak mem usage: 12.41 Mb
[1752695005] -- 16/07/2025 15:43:25 * Finished (main,compress)
						This took about 0 seconds, peak mem usage: 12.41 Mb
[1752695007] -- 16/07/2025 15:43:27 * Finished (main,compress)
						This took about 0 seconds, peak mem usage: 12.41 Mb
[1752695009] -- 16/07/2025 15:43:29 * Finished (main,compress)
						This took about 0 seconds, peak mem usage: 12.41 Mb
[1752695012] -- 16/07/2025 15:43:32 * Finished (main,compress)
						This took about 0 seconds, peak mem usage: 12.41 Mb
[1752695014] -- 16/07/2025 15:43:34 * Finished (main,compress)
						This took about 0 seconds, peak mem usage: 12.41 Mb
[1752695017] -- 16/07/2025 15:43:37 * Finished (main,compress)
						This took about 0 seconds, peak mem usage: 12.41 Mb
[1752695020] -- 16/07/2025 15:43:40 * Finished (main,compress)
						This took about 0 seconds, peak mem usage: 12.41 Mb
[1752695023] -- 16/07/2025 15:43:43 * Finished (main,compress)
						This took about 0 seconds, peak mem usage: 12.41 Mb
[1752695026] -- 16/07/2025 15:43:46 * Finished (main,compress)
						This took about 0 seconds, peak mem usage: 12.41 Mb
[1752695029] -- 16/07/2025 15:43:49 * Finished (main,compress)
						This took about 0 seconds, peak mem usage: 12.41 Mb
[1752695032] -- 16/07/2025 15:43:52 * Finished (main,compress)
						This took about 0 seconds, peak mem usage: 12.41 Mb
[1752695036] -- 16/07/2025 15:43:56 * Finished (main,compress)
						This took about 0 seconds, peak mem usage: 12.41 Mb
[1752695039] -- 16/07/2025 15:44:00 * Finished (main,compress)
						This took about 1 seconds, peak mem usage: 12.41 Mb
[1752695043] -- 16/07/2025 15:44:03 * Finished (main,compress)
						This took about 0 seconds, peak mem usage: 12.41 Mb
[1752695047] -- 16/07/2025 15:44:07 * Finished (main,compress)
						This took about 0 seconds, peak mem usage: 12.41 Mb
[1752695051] -- 16/07/2025 15:44:11 * Finished (main,compress)
						This took about 0 seconds, peak mem usage: 12.41 Mb
[1752695055] -- 16/07/2025 15:44:15 * Finished (main,compress)
						This took about 0 seconds, peak mem usage: 12.41 Mb
[1752695059] -- 16/07/2025 15:44:19 * Finished (main,compress)
						This took about 0 seconds, peak mem usage: 12.41 Mb
[1752695064] -- 16/07/2025 15:44:24 * Finished (main,compress)
						This took about 0 seconds, peak mem usage: 33.66 Mb
[1752695065] -- 16/07/2025 15:44:25 * Finished (main,compress)
						This took about 0 seconds, peak mem usage: 33.66 Mb
[1752695066] -- 16/07/2025 15:44:26 * Finished (main,compress)
						This took about 0 seconds, peak mem usage: 33.66 Mb
[1752695067] -- 16/07/2025 15:44:27 * Finished (main,compress)
						This took about 0 seconds, peak mem usage: 33.66 Mb
[1752695068] -- 16/07/2025 15:44:28 * Finished (main,compress)
						This took about 0 seconds, peak mem usage: 33.66 Mb
[1752695069] -- 16/07/2025 15:44:29 * Finished (main,compress)
						This took about 0 seconds, peak mem usage: 33.66 Mb
[1752695070] -- 16/07/2025 15:44:30 * Finished (main,compress)
						This took about 0 seconds, peak mem usage: 33.66 Mb
[1752695071] -- 16/07/2025 15:44:31 * Finished (main,compress)
						This took about 0 seconds, peak mem usage: 33.66 Mb
[1752695072] -- 16/07/2025 15:44:32 * Finished (main,compress)
						This took about 0 seconds, peak mem usage: 33.66 Mb
[1752695073] -- 16/07/2025 15:44:33 * Finished (main,compress)
						This took about 0 seconds, peak mem usage: 33.66 Mb
[1752695074] -- 16/07/2025 15:44:34 * Finished (main,compress)
						This took about 0 seconds, peak mem usage: 33.66 Mb
[1752695075] -- 16/07/2025 15:44:35 * Finished (main,compress)
						This took about 0 seconds, peak mem usage: 33.66 Mb
[1752695076] -- 16/07/2025 15:44:36 * Finished (main,compress)
						This took about 0 seconds, peak mem usage: 33.66 Mb
[1752695077] -- 16/07/2025 15:44:37 * Finished (main,compress)
						This took about 0 seconds, peak mem usage: 33.66 Mb
[1752695078] -- 16/07/2025 15:44:38 * Finished (main,compress)
						This took about 0 seconds, peak mem usage: 33.66 Mb
[1752695079] -- 16/07/2025 15:44:39 * Finished (main,compress)
						This took about 0 seconds, peak mem usage: 33.66 Mb
[1752695080] -- 16/07/2025 15:44:40 * Finished (main,compress)
						This took about 0 seconds, peak mem usage: 33.66 Mb
[1752695081] -- 16/07/2025 15:44:41 * Finished (main,compress)
						This took about 0 seconds, peak mem usage: 33.66 Mb
[1752695082] -- 16/07/2025 15:44:42 * Finished (main,compress)
						This took about 0 seconds, peak mem usage: 33.66 Mb
[1752695083] -- 16/07/2025 15:44:43 * Finished (main,compress)
						This took about 0 seconds, peak mem usage: 33.66 Mb
[1752695084] -- 16/07/2025 15:44:44 * Finished (main,compress)
						This took about 0 seconds, peak mem usage: 33.66 Mb
[1752695085] -- 16/07/2025 15:44:45 * Finished (main,compress)
						This took about 0 seconds, peak mem usage: 33.66 Mb
[1752695086] -- 16/07/2025 15:44:46 * Finished (main,compress)
						This took about 0 seconds, peak mem usage: 33.66 Mb
[1752695087] -- 16/07/2025 15:44:47 * Finished (main,compress)
						This took about 0 seconds, peak mem usage: 33.66 Mb
[1752695088] -- 16/07/2025 15:44:48 * Finished (main,compress)
						This took about 0 seconds, peak mem usage: 33.66 Mb
[1752695089] -- 16/07/2025 15:44:49 * Finished (main,compress)
						This took about 0 seconds, peak mem usage: 11.85 Mb
[1752695090] -- 16/07/2025 15:44:50 * Finished (main,compress)
						This took about 0 seconds, peak mem usage: 13.39 Mb
[1752695090] -- 16/07/2025 15:44:51 * Finished (main,compress)
						This took about 1 seconds, peak mem usage: 13.39 Mb
[1752695091] -- 16/07/2025 15:44:52 * Finished (main,compress)
						This took about 1 seconds, peak mem usage: 13.39 Mb
[1752695093] -- 16/07/2025 15:44:54 * Finished (main,compress)
						This took about 1 seconds, peak mem usage: 13.39 Mb
[1752695095] -- 16/07/2025 15:44:56 * Finished (main,compress)
						This took about 1 seconds, peak mem usage: 13.39 Mb
[1752695097] -- 16/07/2025 15:44:59 * Finished (main,compress)
						This took about 2 seconds, peak mem usage: 13.39 Mb
[1752695100] -- 16/07/2025 15:45:04 * Finished (main,compress)
						This took about 4 seconds, peak mem usage: 13.39 Mb
[1752695105] -- 16/07/2025 15:45:09 * Finished (main,compress)
						This took about 4 seconds, peak mem usage: 13.39 Mb
[1752695110] -- 16/07/2025 15:45:14 * Finished (main,compress)
						This took about 4 seconds, peak mem usage: 13.39 Mb
[1752695116] -- 16/07/2025 15:45:20 * Finished (main,compress)
						This took about 4 seconds, peak mem usage: 13.39 Mb
[1752695122] -- 16/07/2025 15:45:28 * Finished (main,compress)
						This took about 6 seconds, peak mem usage: 13.39 Mb
[1752695130] -- 16/07/2025 15:45:36 * Finished (main,compress)
						This took about 6 seconds, peak mem usage: 13.39 Mb
[1752695138] -- 16/07/2025 15:45:44 * Finished (main,compress)
						This took about 6 seconds, peak mem usage: 13.39 Mb
[1752695146] -- 16/07/2025 15:45:53 * Finished (main,compress)
						This took about 7 seconds, peak mem usage: 13.39 Mb
[1752695155] -- 16/07/2025 15:46:04 * Finished (main,compress)
						This took about 9 seconds, peak mem usage: 13.39 Mb
[1752695166] -- 16/07/2025 15:46:15 * Finished (main,compress)
						This took about 9 seconds, peak mem usage: 13.39 Mb
[1752695178] -- 16/07/2025 15:46:28 * Finished (main,compress)
						This took about 10 seconds, peak mem usage: 13.39 Mb
[1752695190] -- 16/07/2025 15:46:42 * Finished (main,compress)
						This took about 12 seconds, peak mem usage: 13.39 Mb
[1752695204] -- 16/07/2025 15:46:57 * Finished (main,compress)
						This took about 13 seconds, peak mem usage: 13.39 Mb
[1752695219] -- 16/07/2025 15:47:13 * Finished (main,compress)
						This took about 14 seconds, peak mem usage: 13.39 Mb
[1752695235] -- 16/07/2025 15:47:30 * Finished (main,compress)
						This took about 15 seconds, peak mem usage: 13.39 Mb
[1752695252] -- 16/07/2025 15:47:48 * Finished (main,compress)
						This took about 16 seconds, peak mem usage: 13.52 Mb
[1752695271] -- 16/07/2025 15:48:06 * Finished (main,compress)
						This took about 15 seconds, peak mem usage: 13.52 Mb
[1752695290] -- 16/07/2025 15:48:28 * Finished (main,compress)
						This took about 18 seconds, peak mem usage: 13.52 Mb
[1752695312] -- 16/07/2025 15:48:32 * Finished (main,compress)
						This took about 0 seconds, peak mem usage: 11.33 Mb
[1752695313] -- 16/07/2025 15:48:33 * Finished (main,compress)
						This took about 0 seconds, peak mem usage: 11.33 Mb
[1752695313] -- 16/07/2025 15:48:33 * Finished (main,compress)
						This took about 0 seconds, peak mem usage: 11.33 Mb
[1752695313] -- 16/07/2025 15:48:33 * Finished (main,compress)
						This took about 0 seconds, peak mem usage: 11.33 Mb
[1752695314] -- 16/07/2025 15:48:34 * Finished (main,compress)
						This took about 0 seconds, peak mem usage: 11.33 Mb
[1752695314] -- 16/07/2025 15:48:34 * Finished (main,compress)
						This took about 0 seconds, peak mem usage: 11.52 Mb
[1752695315] -- 16/07/2025 15:48:35 * Finished (main,compress)
						This took about 0 seconds, peak mem usage: 11.52 Mb
[1752695316] -- 16/07/2025 15:48:36 * Finished (main,compress)
						This took about 0 seconds, peak mem usage: 11.52 Mb
[1752695317] -- 16/07/2025 15:48:37 * Finished (main,compress)
						This took about 0 seconds, peak mem usage: 11.52 Mb
[1752695317] -- 16/07/2025 15:48:37 * Finished (main,compress)
						This took about 0 seconds, peak mem usage: 11.52 Mb
[1752695318] -- 16/07/2025 15:48:38 * Finished (main,compress)
						This took about 0 seconds, peak mem usage: 11.52 Mb
[1752695319] -- 16/07/2025 15:48:39 * Finished (main,compress)
						This took about 0 seconds, peak mem usage: 11.89 Mb
[1752695320] -- 16/07/2025 15:48:40 * Finished (main,compress)
						This took about 0 seconds, peak mem usage: 11.89 Mb
[1752695321] -- 16/07/2025 15:48:41 * Finished (main,compress)
						This took about 0 seconds, peak mem usage: 11.89 Mb
[1752695322] -- 16/07/2025 15:48:42 * Finished (main,compress)
						This took about 0 seconds, peak mem usage: 11.89 Mb
[1752695323] -- 16/07/2025 15:48:43 * Finished (main,compress)
						This took about 0 seconds, peak mem usage: 11.89 Mb
[1752695325] -- 16/07/2025 15:48:45 * Finished (main,compress)
						This took about 0 seconds, peak mem usage: 11.89 Mb
[1752695326] -- 16/07/2025 15:48:46 * Finished (main,compress)
						This took about 0 seconds, peak mem usage: 11.89 Mb
[1752695327] -- 16/07/2025 15:48:47 * Finished (main,compress)
						This took about 0 seconds, peak mem usage: 11.89 Mb
[1752695329] -- 16/07/2025 15:48:49 * Finished (main,compress)
						This took about 0 seconds, peak mem usage: 11.89 Mb
[1752695330] -- 16/07/2025 15:48:50 * Finished (main,compress)
						This took about 0 seconds, peak mem usage: 11.89 Mb
[1752695332] -- 16/07/2025 15:48:52 * Finished (main,compress)
						This took about 0 seconds, peak mem usage: 11.89 Mb
[1752695333] -- 16/07/2025 15:48:53 * Finished (main,compress)
						This took about 0 seconds, peak mem usage: 11.89 Mb
[1752695335] -- 16/07/2025 15:48:55 * Finished (main,compress)
						This took about 0 seconds, peak mem usage: 11.89 Mb
[1752695337] -- 16/07/2025 15:48:57 * Finished (main,compress)
						This took about 0 seconds, peak mem usage: 11.89 Mb
[1752695342] -- 16/07/2025 15:49:04 * Finished (main,compress)
						This took about 2 seconds, peak mem usage: 344.93 Mb
[1752695350] -- 16/07/2025 15:49:11 * Finished (main,compress)
						This took about 1 seconds, peak mem usage: 344.93 Mb
[1752695360] -- 16/07/2025 15:49:22 * Finished (main,compress)
						This took about 2 seconds, peak mem usage: 402.56 Mb
[1752695376] -- 16/07/2025 15:49:39 * Finished (main,compress)
						This took about 3 seconds, peak mem usage: 402.56 Mb
[1752695397] -- 16/07/2025 15:50:01 * Finished (main,compress)
						This took about 4 seconds, peak mem usage: 402.56 Mb
[1752695421] -- 16/07/2025 15:50:24 * Finished (main,compress)
						This took about 3 seconds, peak mem usage: 481.93 Mb
[1752695449] -- 16/07/2025 15:50:53 * Finished (main,compress)
						This took about 4 seconds, peak mem usage: 481.93 Mb
[1752695482] -- 16/07/2025 15:51:26 * Finished (main,compress)
						This took about 4 seconds, peak mem usage: 481.93 Mb
[1752695518] -- 16/07/2025 15:52:02 * Finished (main,compress)
						This took about 4 seconds, peak mem usage: 481.93 Mb
[1752695557] -- 16/07/2025 15:52:42 * Finished (main,compress)
						This took about 5 seconds, peak mem usage: 481.93 Mb
[1752695601] -- 16/07/2025 15:53:26 * Finished (main,compress)
						This took about 5 seconds, peak mem usage: 481.93 Mb
[1752695649] -- 16/07/2025 15:54:15 * Finished (main,compress)
						This took about 6 seconds, peak mem usage: 481.93 Mb
[1752695701] -- 16/07/2025 15:55:08 * Finished (main,compress)
						This took about 7 seconds, peak mem usage: 481.93 Mb
[1752695760] -- 16/07/2025 15:56:07 * Finished (main,compress)
						This took about 7 seconds, peak mem usage: 481.93 Mb
[1752695824] -- 16/07/2025 15:57:12 * Finished (main,compress)
						This took about 8 seconds, peak mem usage: 481.93 Mb
[1752695892] -- 16/07/2025 15:58:19 * Finished (main,compress)
						This took about 7 seconds, peak mem usage: 481.93 Mb
[1752695966] -- 16/07/2025 15:59:34 * Finished (main,compress)
						This took about 8 seconds, peak mem usage: 481.93 Mb
[1752696044] -- 16/07/2025 16:00:53 * Finished (main,compress)
						This took about 9 seconds, peak mem usage: 481.93 Mb
[1752696127] -- 16/07/2025 16:02:16 * Finished (main,compress)
						This took about 9 seconds, peak mem usage: 481.93 Mb
[1752696212] -- 16/07/2025 16:03:40 * Finished (main,compress)
						This took about 8 seconds, peak mem usage: 481.93 Mb
[1752696299] -- 16/07/2025 16:05:08 * Finished (main,compress)
						This took about 9 seconds, peak mem usage: 481.93 Mb
[1752696392] -- 16/07/2025 16:06:40 * Finished (main,compress)
						This took about 8 seconds, peak mem usage: 481.93 Mb
[1752696488] -- 16/07/2025 16:08:18 * Finished (main,compress)
						This took about 10 seconds, peak mem usage: 481.93 Mb
[1752696589] -- 16/07/2025 16:09:58 * Finished (main,compress)
						This took about 9 seconds, peak mem usage: 481.93 Mb
[1752696691] -- 16/07/2025 16:11:40 * Finished (main,compress)
						This took about 9 seconds, peak mem usage: 481.93 Mb
[1752696777] -- 16/07/2025 16:12:59 * Finished (main,compress)
						This took about 2 seconds, peak mem usage: 133.81 Mb
[1752696783] -- 16/07/2025 16:13:05 * Finished (main,compress)
						This took about 2 seconds, peak mem usage: 133.81 Mb
[1752696792] -- 16/07/2025 16:13:15 * Finished (main,compress)
						This took about 3 seconds, peak mem usage: 203.99 Mb
[1752696806] -- 16/07/2025 16:13:29 * Finished (main,compress)
						This took about 3 seconds, peak mem usage: 208.99 Mb
[1752696822] -- 16/07/2025 16:13:46 * Finished (main,compress)
						This took about 4 seconds, peak mem usage: 218.88 Mb
[1752696842] -- 16/07/2025 16:14:06 * Finished (main,compress)
						This took about 4 seconds, peak mem usage: 218.88 Mb
[1752696864] -- 16/07/2025 16:14:28 * Finished (main,compress)
						This took about 4 seconds, peak mem usage: 218.88 Mb
[1752696890] -- 16/07/2025 16:14:55 * Finished (main,compress)
						This took about 5 seconds, peak mem usage: 218.88 Mb
[1752696919] -- 16/07/2025 16:15:23 * Finished (main,compress)
						This took about 4 seconds, peak mem usage: 218.88 Mb
[1752696951] -- 16/07/2025 16:15:57 * Finished (main,compress)
						This took about 6 seconds, peak mem usage: 218.88 Mb
[1752696988] -- 16/07/2025 16:16:33 * Finished (main,compress)
						This took about 5 seconds, peak mem usage: 218.88 Mb
[1752697027] -- 16/07/2025 16:17:12 * Finished (main,compress)
						This took about 5 seconds, peak mem usage: 218.88 Mb
[1752697069] -- 16/07/2025 16:17:54 * Finished (main,compress)
						This took about 5 seconds, peak mem usage: 218.88 Mb
[1752697116] -- 16/07/2025 16:18:42 * Finished (main,compress)
						This took about 6 seconds, peak mem usage: 218.88 Mb
[1752697166] -- 16/07/2025 16:19:32 * Finished (main,compress)
						This took about 6 seconds, peak mem usage: 218.88 Mb
[1752697221] -- 16/07/2025 16:20:28 * Finished (main,compress)
						This took about 7 seconds, peak mem usage: 218.88 Mb
[1752697281] -- 16/07/2025 16:21:27 * Finished (main,compress)
						This took about 6 seconds, peak mem usage: 228.88 Mb
[1752697344] -- 16/07/2025 16:22:30 * Finished (main,compress)
						This took about 6 seconds, peak mem usage: 233.89 Mb
[1752697409] -- 16/07/2025 16:23:37 * Finished (main,compress)
						This took about 8 seconds, peak mem usage: 233.89 Mb
[1752697481] -- 16/07/2025 16:24:48 * Finished (main,compress)
						This took about 7 seconds, peak mem usage: 233.89 Mb
[1752697555] -- 16/07/2025 16:26:02 * Finished (main,compress)
						This took about 7 seconds, peak mem usage: 233.89 Mb
[1752697634] -- 16/07/2025 16:27:21 * Finished (main,compress)
						This took about 7 seconds, peak mem usage: 233.89 Mb
[1752697716] -- 16/07/2025 16:28:44 * Finished (main,compress)
						This took about 8 seconds, peak mem usage: 233.89 Mb
[1752697803] -- 16/07/2025 16:30:11 * Finished (main,compress)
						This took about 8 seconds, peak mem usage: 233.89 Mb
[1752697893] -- 16/07/2025 16:31:41 * Finished (main,compress)
						This took about 8 seconds, peak mem usage: 233.89 Mb
[1752697987] -- 16/07/2025 16:33:09 * Finished (main,compress)
						This took about 2 seconds, peak mem usage: 217.63 Mb
[1752698000] -- 16/07/2025 16:33:23 * Finished (main,compress)
						This took about 3 seconds, peak mem usage: 217.63 Mb
[1752698017] -- 16/07/2025 16:33:41 * Finished (main,compress)
						This took about 4 seconds, peak mem usage: 217.63 Mb
[1752698036] -- 16/07/2025 16:34:01 * Finished (main,compress)
						This took about 5 seconds, peak mem usage: 217.63 Mb
[1752698059] -- 16/07/2025 16:34:24 * Finished (main,compress)
						This took about 5 seconds, peak mem usage: 223.56 Mb
[1752698085] -- 16/07/2025 16:34:50 * Finished (main,compress)
						This took about 5 seconds, peak mem usage: 223.56 Mb
[1752698114] -- 16/07/2025 16:35:20 * Finished (main,compress)
						This took about 6 seconds, peak mem usage: 223.56 Mb
[1752698147] -- 16/07/2025 16:35:53 * Finished (main,compress)
						This took about 6 seconds, peak mem usage: 223.56 Mb
[1752698183] -- 16/07/2025 16:36:31 * Finished (main,compress)
						This took about 8 seconds, peak mem usage: 223.56 Mb
[1752698224] -- 16/07/2025 16:37:11 * Finished (main,compress)
						This took about 7 seconds, peak mem usage: 223.56 Mb
[1752698267] -- 16/07/2025 16:37:55 * Finished (main,compress)
						This took about 8 seconds, peak mem usage: 223.56 Mb
[1752698315] -- 16/07/2025 16:38:43 * Finished (main,compress)
						This took about 8 seconds, peak mem usage: 223.56 Mb
[1752698365] -- 16/07/2025 16:39:35 * Finished (main,compress)
						This took about 10 seconds, peak mem usage: 223.56 Mb
[1752698420] -- 16/07/2025 16:40:30 * Finished (main,compress)
						This took about 10 seconds, peak mem usage: 223.56 Mb
[1752698479] -- 16/07/2025 16:41:29 * Finished (main,compress)
						This took about 10 seconds, peak mem usage: 223.56 Mb
[1752698541] -- 16/07/2025 16:42:32 * Finished (main,compress)
						This took about 11 seconds, peak mem usage: 223.56 Mb
[1752698610] -- 16/07/2025 16:43:41 * Finished (main,compress)
						This took about 11 seconds, peak mem usage: 223.56 Mb
[1752698680] -- 16/07/2025 16:44:52 * Finished (main,compress)
						This took about 12 seconds, peak mem usage: 223.56 Mb
[1752698756] -- 16/07/2025 16:46:07 * Finished (main,compress)
						This took about 11 seconds, peak mem usage: 223.56 Mb
[1752698836] -- 16/07/2025 16:47:29 * Finished (main,compress)
						This took about 13 seconds, peak mem usage: 229.49 Mb
[1752698919] -- 16/07/2025 16:48:52 * Finished (main,compress)
						This took about 13 seconds, peak mem usage: 229.49 Mb
[1752699007] -- 16/07/2025 16:50:21 * Finished (main,compress)
						This took about 14 seconds, peak mem usage: 229.49 Mb
[1752699098] -- 16/07/2025 16:51:52 * Finished (main,compress)
						This took about 14 seconds, peak mem usage: 229.49 Mb
[1752699193] -- 16/07/2025 16:53:26 * Finished (main,compress)
						This took about 13 seconds, peak mem usage: 229.49 Mb
[1752699290] -- 16/07/2025 16:55:04 * Finished (main,compress)
						This took about 14 seconds, peak mem usage: 229.49 Mb
[1752699378] -- 16/07/2025 16:56:18 * Finished (main,compress)
						This took about 0 seconds, peak mem usage: 53.88 Mb
[1752699384] -- 16/07/2025 16:56:24 * Finished (main,compress)
						This took about 0 seconds, peak mem usage: 57.98 Mb
[1752699395] -- 16/07/2025 16:56:35 * Finished (main,compress)
						This took about 0 seconds, peak mem usage: 57.98 Mb
[1752699410] -- 16/07/2025 16:56:50 * Finished (main,compress)
						This took about 0 seconds, peak mem usage: 57.98 Mb
[1752699430] -- 16/07/2025 16:57:11 * Finished (main,compress)
						This took about 1 seconds, peak mem usage: 57.98 Mb
[1752699455] -- 16/07/2025 16:57:36 * Finished (main,compress)
						This took about 1 seconds, peak mem usage: 57.98 Mb
[1752699485] -- 16/07/2025 16:58:05 * Finished (main,compress)
						This took about 0 seconds, peak mem usage: 57.98 Mb
[1752699519] -- 16/07/2025 16:58:40 * Finished (main,compress)
						This took about 1 seconds, peak mem usage: 57.98 Mb
[1752699558] -- 16/07/2025 16:59:18 * Finished (main,compress)
						This took about 0 seconds, peak mem usage: 62.07 Mb
[1752699599] -- 16/07/2025 16:59:59 * Finished (main,compress)
						This took about 0 seconds, peak mem usage: 62.07 Mb
[1752699642] -- 16/07/2025 17:00:43 * Finished (main,compress)
						This took about 1 seconds, peak mem usage: 62.07 Mb
[1752699689] -- 16/07/2025 17:01:30 * Finished (main,compress)
						This took about 1 seconds, peak mem usage: 62.07 Mb
[1752699741] -- 16/07/2025 17:02:22 * Finished (main,compress)
						This took about 1 seconds, peak mem usage: 62.07 Mb
[1752699798] -- 16/07/2025 17:03:18 * Finished (main,compress)
						This took about 0 seconds, peak mem usage: 62.07 Mb
[1752699857] -- 16/07/2025 17:04:17 * Finished (main,compress)
						This took about 0 seconds, peak mem usage: 62.07 Mb
[1752699920] -- 16/07/2025 17:05:20 * Finished (main,compress)
						This took about 0 seconds, peak mem usage: 62.07 Mb
[1752699984] -- 16/07/2025 17:06:24 * Finished (main,compress)
						This took about 0 seconds, peak mem usage: 62.07 Mb
[1752700054] -- 16/07/2025 17:07:35 * Finished (main,compress)
						This took about 1 seconds, peak mem usage: 62.07 Mb
[1752700126] -- 16/07/2025 17:08:47 * Finished (main,compress)
						This took about 1 seconds, peak mem usage: 62.07 Mb
[1752700201] -- 16/07/2025 17:10:02 * Finished (main,compress)
						This took about 1 seconds, peak mem usage: 62.07 Mb
[1752700279] -- 16/07/2025 17:11:20 * Finished (main,compress)
						This took about 1 seconds, peak mem usage: 62.07 Mb
[1752700360] -- 16/07/2025 17:12:41 * Finished (main,compress)
						This took about 1 seconds, peak mem usage: 62.07 Mb
[1752700443] -- 16/07/2025 17:14:03 * Finished (main,compress)
						This took about 0 seconds, peak mem usage: 62.07 Mb
[1752700526] -- 16/07/2025 17:15:26 * Finished (main,compress)
						This took about 0 seconds, peak mem usage: 62.07 Mb
[1752700609] -- 16/07/2025 17:16:50 * Finished (main,compress)
						This took about 1 seconds, peak mem usage: 62.07 Mb
[1752700696] -- 16/07/2025 17:18:17 * Finished (main,compress)
						This took about 1 seconds, peak mem usage: 235.46 Mb
[1752700701] -- 16/07/2025 17:18:22 * Finished (main,compress)
						This took about 1 seconds, peak mem usage: 235.46 Mb
[1752700708] -- 16/07/2025 17:18:30 * Finished (main,compress)
						This took about 2 seconds, peak mem usage: 319.34 Mb
[1752700719] -- 16/07/2025 17:18:40 * Finished (main,compress)
						This took about 1 seconds, peak mem usage: 319.34 Mb
[1752700731] -- 16/07/2025 17:18:54 * Finished (main,compress)
						This took about 3 seconds, peak mem usage: 395.58 Mb
[1752700748] -- 16/07/2025 17:19:10 * Finished (main,compress)
						This took about 2 seconds, peak mem usage: 395.58 Mb
[1752700767] -- 16/07/2025 17:19:29 * Finished (main,compress)
						This took about 2 seconds, peak mem usage: 395.58 Mb
[1752700788] -- 16/07/2025 17:19:51 * Finished (main,compress)
						This took about 3 seconds, peak mem usage: 395.58 Mb
[1752700812] -- 16/07/2025 17:20:14 * Finished (main,compress)
						This took about 2 seconds, peak mem usage: 395.58 Mb
[1752700838] -- 16/07/2025 17:20:41 * Finished (main,compress)
						This took about 3 seconds, peak mem usage: 395.58 Mb
[1752700868] -- 16/07/2025 17:21:11 * Finished (main,compress)
						This took about 3 seconds, peak mem usage: 410.84 Mb
[1752700902] -- 16/07/2025 17:21:46 * Finished (main,compress)
						This took about 4 seconds, peak mem usage: 410.84 Mb
[1752700939] -- 16/07/2025 17:22:23 * Finished (main,compress)
						This took about 4 seconds, peak mem usage: 410.84 Mb
[1752700978] -- 16/07/2025 17:23:02 * Finished (main,compress)
						This took about 4 seconds, peak mem usage: 410.84 Mb
[1752701021] -- 16/07/2025 17:23:45 * Finished (main,compress)
						This took about 4 seconds, peak mem usage: 410.84 Mb
[1752701066] -- 16/07/2025 17:24:31 * Finished (main,compress)
						This took about 5 seconds, peak mem usage: 502.40 Mb
[1752701116] -- 16/07/2025 17:25:21 * Finished (main,compress)
						This took about 5 seconds, peak mem usage: 502.40 Mb
[1752701169] -- 16/07/2025 17:26:14 * Finished (main,compress)
						This took about 5 seconds, peak mem usage: 525.33 Mb
[1752701225] -- 16/07/2025 17:27:10 * Finished (main,compress)
						This took about 5 seconds, peak mem usage: 525.33 Mb
[1752701285] -- 16/07/2025 17:28:11 * Finished (main,compress)
						This took about 6 seconds, peak mem usage: 525.33 Mb
[1752701348] -- 16/07/2025 17:29:14 * Finished (main,compress)
						This took about 6 seconds, peak mem usage: 525.33 Mb
[1752701415] -- 16/07/2025 17:30:21 * Finished (main,compress)
						This took about 6 seconds, peak mem usage: 525.33 Mb
[1752701485] -- 16/07/2025 17:31:32 * Finished (main,compress)
						This took about 7 seconds, peak mem usage: 525.33 Mb
[1752701561] -- 16/07/2025 17:32:49 * Finished (main,compress)
						This took about 8 seconds, peak mem usage: 525.33 Mb
[1752701642] -- 16/07/2025 17:34:09 * Finished (main,compress)
						This took about 7 seconds, peak mem usage: 525.33 Mb
[1752701730] -- 16/07/2025 17:35:54 * Finished (main,compress)
						This took about 24 seconds, peak mem usage: 1826.31 Mb
[1752701788] -- 16/07/2025 17:37:46 * Finished (main,compress)
						This took about 78 seconds, peak mem usage: 1805.29 Mb
[1752701918] -- 16/07/2025 17:41:28 * Finished (main,compress)
						This took about 170 seconds, peak mem usage: 1826.31 Mb
[1752702165] -- 16/07/2025 17:45:36 * Finished (main,compress)
						This took about 171 seconds, peak mem usage: 1826.31 Mb
[1752702429] -- 16/07/2025 17:51:39 * Finished (main,compress)
						This took about 270 seconds, peak mem usage: 1866.27 Mb
[1752702808] -- 16/07/2025 17:59:01 * Finished (main,compress)
						This took about 333 seconds, peak mem usage: 1805.29 Mb
[1752703265] -- 16/07/2025 18:07:35 * Finished (main,compress)
						This took about 390 seconds, peak mem usage: 1866.27 Mb
[1752703795] -- 16/07/2025 18:17:00 * Finished (main,compress)
						This took about 425 seconds, peak mem usage: 1846.31 Mb
[1752704369] -- 16/07/2025 18:27:46 * Finished (main,compress)
						This took about 497 seconds, peak mem usage: 1805.29 Mb
[1752705038] -- 16/07/2025 18:40:30 * Finished (main,compress)
						This took about 592 seconds, peak mem usage: 1805.29 Mb
[1752705813] -- 16/07/2025 18:56:39 * Finished (main,compress)
						This took about 786 seconds, peak mem usage: 1805.29 Mb
[1752706799] -- 16/07/2025 19:14:02 * Finished (main,compress)
						This took about 843 seconds, peak mem usage: 1887.75 Mb
[1752707850] -- 16/07/2025 19:30:58 * Finished (main,compress)
						This took about 808 seconds, peak mem usage: 1826.31 Mb
[1752708879] -- 16/07/2025 19:49:22 * Finished (main,compress)
						This took about 883 seconds, peak mem usage: 1826.31 Mb
[1752709992] -- 16/07/2025 20:09:39 * Finished (main,compress)
						This took about 987 seconds, peak mem usage: 1887.75 Mb
[1752711227] -- 16/07/2025 20:34:07 * Finished (main,compress)
						This took about 1220 seconds, peak mem usage: 1805.29 Mb
[1752712719] -- 16/07/2025 21:03:07 * Finished (main,compress)
						This took about 1468 seconds, peak mem usage: 1805.29 Mb
[1752714470] -- 16/07/2025 21:31:28 * Finished (main,compress)
						This took about 1418 seconds, peak mem usage: 1846.31 Mb
[1752716182] -- 16/07/2025 22:00:41 * Finished (main,compress)
						This took about 1459 seconds, peak mem usage: 1846.31 Mb
[1752717945] -- 16/07/2025 22:34:30 * Finished (main,compress)
						This took about 1725 seconds, peak mem usage: 1826.31 Mb
[1752719980] -- 16/07/2025 23:06:45 * Finished (main,compress)
						This took about 1625 seconds, peak mem usage: 1805.29 Mb
[1752721932] -- 16/07/2025 23:46:07 * Finished (main,compress)
						This took about 2035 seconds, peak mem usage: 1826.31 Mb
[1752724308] -- 17/07/2025 00:24:55 * Finished (main,compress)
						This took about 1987 seconds, peak mem usage: 1866.27 Mb
[1752726645] -- 17/07/2025 01:05:05 * Finished (main,compress)
						This took about 2060 seconds, peak mem usage: 1805.29 Mb
[1752729070] -- 17/07/2025 01:46:48 * Finished (main,compress)
						This took about 2138 seconds, peak mem usage: 1846.31 Mb
[1752732565] -- 17/07/2025 02:09:25 * Finished (main,compress)
						This took about 0 seconds, peak mem usage: 8.30 Mb
[1752732566] -- 17/07/2025 02:09:26 * Finished (main,compress)
						This took about 0 seconds, peak mem usage: 8.30 Mb
[1752732566] -- 17/07/2025 02:09:26 * Finished (main,compress)
						This took about 0 seconds, peak mem usage: 8.30 Mb
[1752732567] -- 17/07/2025 02:09:27 * Finished (main,compress)
						This took about 0 seconds, peak mem usage: 8.30 Mb
[1752732567] -- 17/07/2025 02:09:27 * Finished (main,compress)
						This took about 0 seconds, peak mem usage: 8.30 Mb
[1752732568] -- 17/07/2025 02:09:28 * Finished (main,compress)
						This took about 0 seconds, peak mem usage: 8.30 Mb
[1752732568] -- 17/07/2025 02:09:28 * Finished (main,compress)
						This took about 0 seconds, peak mem usage: 8.30 Mb
[1752732569] -- 17/07/2025 02:09:29 * Finished (main,compress)
						This took about 0 seconds, peak mem usage: 8.30 Mb
[1752732570] -- 17/07/2025 02:09:30 * Finished (main,compress)
						This took about 0 seconds, peak mem usage: 8.30 Mb
[1752732570] -- 17/07/2025 02:09:30 * Finished (main,compress)
						This took about 0 seconds, peak mem usage: 8.30 Mb
[1752732571] -- 17/07/2025 02:09:31 * Finished (main,compress)
						This took about 0 seconds, peak mem usage: 8.30 Mb
[1752732572] -- 17/07/2025 02:09:32 * Finished (main,compress)
						This took about 0 seconds, peak mem usage: 8.30 Mb
[1752732572] -- 17/07/2025 02:09:32 * Finished (main,compress)
						This took about 0 seconds, peak mem usage: 8.30 Mb
[1752732573] -- 17/07/2025 02:09:33 * Finished (main,compress)
						This took about 0 seconds, peak mem usage: 8.30 Mb
[1752732574] -- 17/07/2025 02:09:34 * Finished (main,compress)
						This took about 0 seconds, peak mem usage: 8.30 Mb
[1752732574] -- 17/07/2025 02:09:34 * Finished (main,compress)
						This took about 0 seconds, peak mem usage: 8.30 Mb
[1752732575] -- 17/07/2025 02:09:35 * Finished (main,compress)
						This took about 0 seconds, peak mem usage: 8.30 Mb
[1752732576] -- 17/07/2025 02:09:36 * Finished (main,compress)
						This took about 0 seconds, peak mem usage: 8.30 Mb
[1752732577] -- 17/07/2025 02:09:37 * Finished (main,compress)
						This took about 0 seconds, peak mem usage: 8.30 Mb
[1752732577] -- 17/07/2025 02:09:37 * Finished (main,compress)
						This took about 0 seconds, peak mem usage: 8.30 Mb
[1752732578] -- 17/07/2025 02:09:38 * Finished (main,compress)
						This took about 0 seconds, peak mem usage: 8.30 Mb
[1752732579] -- 17/07/2025 02:09:39 * Finished (main,compress)
						This took about 0 seconds, peak mem usage: 8.30 Mb
[1752732580] -- 17/07/2025 02:09:40 * Finished (main,compress)
						This took about 0 seconds, peak mem usage: 8.30 Mb
[1752732580] -- 17/07/2025 02:09:40 * Finished (main,compress)
						This took about 0 seconds, peak mem usage: 8.30 Mb
[1752732581] -- 17/07/2025 02:09:41 * Finished (main,compress)
						This took about 0 seconds, peak mem usage: 8.30 Mb
[1752732583] -- 17/07/2025 02:09:43 * Finished (main,compress)
						This took about 0 seconds, peak mem usage: 10.56 Mb
[1752732584] -- 17/07/2025 02:09:44 * Finished (main,compress)
						This took about 0 seconds, peak mem usage: 10.58 Mb
[1752732585] -- 17/07/2025 02:09:45 * Finished (main,compress)
						This took about 0 seconds, peak mem usage: 10.58 Mb
[1752732587] -- 17/07/2025 02:09:47 * Finished (main,compress)
						This took about 0 seconds, peak mem usage: 10.58 Mb
[1752732589] -- 17/07/2025 02:09:49 * Finished (main,compress)
						This took about 0 seconds, peak mem usage: 10.58 Mb
[1752732592] -- 17/07/2025 02:09:52 * Finished (main,compress)
						This took about 0 seconds, peak mem usage: 10.58 Mb
[1752732595] -- 17/07/2025 02:09:55 * Finished (main,compress)
						This took about 0 seconds, peak mem usage: 10.58 Mb
[1752732598] -- 17/07/2025 02:09:58 * Finished (main,compress)
						This took about 0 seconds, peak mem usage: 10.58 Mb
[1752732602] -- 17/07/2025 02:10:02 * Finished (main,compress)
						This took about 0 seconds, peak mem usage: 10.58 Mb
[1752732607] -- 17/07/2025 02:10:07 * Finished (main,compress)
						This took about 0 seconds, peak mem usage: 10.58 Mb
[1752732611] -- 17/07/2025 02:10:12 * Finished (main,compress)
						This took about 1 seconds, peak mem usage: 10.58 Mb
[1752732617] -- 17/07/2025 02:10:17 * Finished (main,compress)
						This took about 0 seconds, peak mem usage: 10.58 Mb
[1752732623] -- 17/07/2025 02:10:23 * Finished (main,compress)
						This took about 0 seconds, peak mem usage: 10.73 Mb
[1752732629] -- 17/07/2025 02:10:29 * Finished (main,compress)
						This took about 0 seconds, peak mem usage: 10.73 Mb
[1752732635] -- 17/07/2025 02:10:35 * Finished (main,compress)
						This took about 0 seconds, peak mem usage: 10.87 Mb
[1752732643] -- 17/07/2025 02:10:43 * Finished (main,compress)
						This took about 0 seconds, peak mem usage: 10.73 Mb
[1752732650] -- 17/07/2025 02:10:50 * Finished (main,compress)
						This took about 0 seconds, peak mem usage: 10.73 Mb
[1752732658] -- 17/07/2025 02:10:58 * Finished (main,compress)
						This took about 0 seconds, peak mem usage: 10.73 Mb
[1752732667] -- 17/07/2025 02:11:07 * Finished (main,compress)
						This took about 0 seconds, peak mem usage: 10.73 Mb
[1752732676] -- 17/07/2025 02:11:16 * Finished (main,compress)
						This took about 0 seconds, peak mem usage: 10.73 Mb
[1752732686] -- 17/07/2025 02:11:26 * Finished (main,compress)
						This took about 0 seconds, peak mem usage: 10.73 Mb
[1752732696] -- 17/07/2025 02:11:36 * Finished (main,compress)
						This took about 0 seconds, peak mem usage: 10.73 Mb
[1752732707] -- 17/07/2025 02:11:47 * Finished (main,compress)
						This took about 0 seconds, peak mem usage: 10.73 Mb
[1752732718] -- 17/07/2025 02:11:58 * Finished (main,compress)
						This took about 0 seconds, peak mem usage: 10.73 Mb
[1752732730] -- 17/07/2025 02:12:10 * Finished (main,compress)
						This took about 0 seconds, peak mem usage: 10.73 Mb
[1752732742] -- 17/07/2025 02:12:22 * Finished (main,compress)
						This took about 0 seconds, peak mem usage: 12.29 Mb
[1752732744] -- 17/07/2025 02:12:24 * Finished (main,compress)
						This took about 0 seconds, peak mem usage: 12.29 Mb
[1752732747] -- 17/07/2025 02:12:27 * Finished (main,compress)
						This took about 0 seconds, peak mem usage: 12.29 Mb
[1752732751] -- 17/07/2025 02:12:31 * Finished (main,compress)
						This took about 0 seconds, peak mem usage: 12.53 Mb
[1752732756] -- 17/07/2025 02:12:36 * Finished (main,compress)
						This took about 0 seconds, peak mem usage: 12.53 Mb
[1752732762] -- 17/07/2025 02:12:42 * Finished (main,compress)
						This took about 0 seconds, peak mem usage: 12.53 Mb
[1752732770] -- 17/07/2025 02:12:50 * Finished (main,compress)
						This took about 0 seconds, peak mem usage: 12.53 Mb
[1752732778] -- 17/07/2025 02:12:58 * Finished (main,compress)
						This took about 0 seconds, peak mem usage: 12.53 Mb
[1752732787] -- 17/07/2025 02:13:07 * Finished (main,compress)
						This took about 0 seconds, peak mem usage: 12.53 Mb
[1752732797] -- 17/07/2025 02:13:17 * Finished (main,compress)
						This took about 0 seconds, peak mem usage: 12.53 Mb
[1752732806] -- 17/07/2025 02:13:26 * Finished (main,compress)
						This took about 0 seconds, peak mem usage: 12.53 Mb
[1752732815] -- 17/07/2025 02:13:35 * Finished (main,compress)
						This took about 0 seconds, peak mem usage: 12.53 Mb
[1752732825] -- 17/07/2025 02:13:45 * Finished (main,compress)
						This took about 0 seconds, peak mem usage: 12.53 Mb
[1752732834] -- 17/07/2025 02:13:54 * Finished (main,compress)
						This took about 0 seconds, peak mem usage: 12.53 Mb
[1752732844] -- 17/07/2025 02:14:04 * Finished (main,compress)
						This took about 0 seconds, peak mem usage: 12.53 Mb
[1752732854] -- 17/07/2025 02:14:14 * Finished (main,compress)
						This took about 0 seconds, peak mem usage: 12.53 Mb
[1752732863] -- 17/07/2025 02:14:24 * Finished (main,compress)
						This took about 1 seconds, peak mem usage: 12.53 Mb
[1752732873] -- 17/07/2025 02:14:33 * Finished (main,compress)
						This took about 0 seconds, peak mem usage: 12.53 Mb
[1752732884] -- 17/07/2025 02:14:44 * Finished (main,compress)
						This took about 0 seconds, peak mem usage: 12.53 Mb
[1752732894] -- 17/07/2025 02:14:54 * Finished (main,compress)
						This took about 0 seconds, peak mem usage: 12.53 Mb
[1752732904] -- 17/07/2025 02:15:05 * Finished (main,compress)
						This took about 1 seconds, peak mem usage: 12.53 Mb
[1752732916] -- 17/07/2025 02:15:16 * Finished (main,compress)
						This took about 0 seconds, peak mem usage: 12.53 Mb
[1752732927] -- 17/07/2025 02:15:27 * Finished (main,compress)
						This took about 0 seconds, peak mem usage: 12.53 Mb
[1752732938] -- 17/07/2025 02:15:38 * Finished (main,compress)
						This took about 0 seconds, peak mem usage: 12.53 Mb
[1752732950] -- 17/07/2025 02:15:50 * Finished (main,compress)
						This took about 0 seconds, peak mem usage: 12.53 Mb
[1752732962] -- 17/07/2025 02:16:02 * Finished (main,compress)
						This took about 0 seconds, peak mem usage: 33.66 Mb
[1752732963] -- 17/07/2025 02:16:03 * Finished (main,compress)
						This took about 0 seconds, peak mem usage: 33.66 Mb
[1752732964] -- 17/07/2025 02:16:04 * Finished (main,compress)
						This took about 0 seconds, peak mem usage: 33.66 Mb
[1752732965] -- 17/07/2025 02:16:05 * Finished (main,compress)
						This took about 0 seconds, peak mem usage: 33.66 Mb
[1752732966] -- 17/07/2025 02:16:06 * Finished (main,compress)
						This took about 0 seconds, peak mem usage: 33.66 Mb
[1752732967] -- 17/07/2025 02:16:07 * Finished (main,compress)
						This took about 0 seconds, peak mem usage: 33.66 Mb
[1752732968] -- 17/07/2025 02:16:08 * Finished (main,compress)
						This took about 0 seconds, peak mem usage: 33.66 Mb
[1752732969] -- 17/07/2025 02:16:09 * Finished (main,compress)
						This took about 0 seconds, peak mem usage: 33.66 Mb
[1752732970] -- 17/07/2025 02:16:10 * Finished (main,compress)
						This took about 0 seconds, peak mem usage: 33.66 Mb
[1752732971] -- 17/07/2025 02:16:11 * Finished (main,compress)
						This took about 0 seconds, peak mem usage: 33.66 Mb
[1752732972] -- 17/07/2025 02:16:12 * Finished (main,compress)
						This took about 0 seconds, peak mem usage: 33.66 Mb
[1752732973] -- 17/07/2025 02:16:13 * Finished (main,compress)
						This took about 0 seconds, peak mem usage: 33.66 Mb
[1752732974] -- 17/07/2025 02:16:14 * Finished (main,compress)
						This took about 0 seconds, peak mem usage: 33.66 Mb
[1752732975] -- 17/07/2025 02:16:15 * Finished (main,compress)
						This took about 0 seconds, peak mem usage: 33.66 Mb
[1752732976] -- 17/07/2025 02:16:16 * Finished (main,compress)
						This took about 0 seconds, peak mem usage: 33.66 Mb
[1752732977] -- 17/07/2025 02:16:17 * Finished (main,compress)
						This took about 0 seconds, peak mem usage: 33.66 Mb
[1752732977] -- 17/07/2025 02:16:18 * Finished (main,compress)
						This took about 1 seconds, peak mem usage: 33.66 Mb
[1752732978] -- 17/07/2025 02:16:19 * Finished (main,compress)
						This took about 1 seconds, peak mem usage: 33.66 Mb
[1752732979] -- 17/07/2025 02:16:19 * Finished (main,compress)
						This took about 0 seconds, peak mem usage: 33.66 Mb
[1752732980] -- 17/07/2025 02:16:20 * Finished (main,compress)
						This took about 0 seconds, peak mem usage: 33.66 Mb
[1752732981] -- 17/07/2025 02:16:21 * Finished (main,compress)
						This took about 0 seconds, peak mem usage: 33.66 Mb
[1752732982] -- 17/07/2025 02:16:22 * Finished (main,compress)
						This took about 0 seconds, peak mem usage: 33.66 Mb
[1752732983] -- 17/07/2025 02:16:23 * Finished (main,compress)
						This took about 0 seconds, peak mem usage: 33.66 Mb
[1752732984] -- 17/07/2025 02:16:24 * Finished (main,compress)
						This took about 0 seconds, peak mem usage: 33.66 Mb
[1752732985] -- 17/07/2025 02:16:25 * Finished (main,compress)
						This took about 0 seconds, peak mem usage: 33.66 Mb
[1752732987] -- 17/07/2025 02:16:27 * Finished (main,compress)
						This took about 0 seconds, peak mem usage: 11.85 Mb
[1752732988] -- 17/07/2025 02:16:28 * Finished (main,compress)
						This took about 0 seconds, peak mem usage: 12.23 Mb
[1752732989] -- 17/07/2025 02:16:30 * Finished (main,compress)
						This took about 1 seconds, peak mem usage: 12.23 Mb
[1752732991] -- 17/07/2025 02:16:32 * Finished (main,compress)
						This took about 1 seconds, peak mem usage: 12.23 Mb
[1752732994] -- 17/07/2025 02:16:35 * Finished (main,compress)
						This took about 1 seconds, peak mem usage: 12.23 Mb
[1752732997] -- 17/07/2025 02:16:39 * Finished (main,compress)
						This took about 2 seconds, peak mem usage: 12.61 Mb
[1752733002] -- 17/07/2025 02:16:44 * Finished (main,compress)
						This took about 2 seconds, peak mem usage: 12.61 Mb
[1752733007] -- 17/07/2025 02:16:50 * Finished (main,compress)
						This took about 3 seconds, peak mem usage: 14.15 Mb
[1752733013] -- 17/07/2025 02:16:56 * Finished (main,compress)
						This took about 3 seconds, peak mem usage: 12.61 Mb
[1752733021] -- 17/07/2025 02:17:04 * Finished (main,compress)
						This took about 3 seconds, peak mem usage: 13.00 Mb
[1752733029] -- 17/07/2025 02:17:13 * Finished (main,compress)
						This took about 4 seconds, peak mem usage: 12.61 Mb
[1752733038] -- 17/07/2025 02:17:24 * Finished (main,compress)
						This took about 6 seconds, peak mem usage: 12.61 Mb
[1752733049] -- 17/07/2025 02:17:36 * Finished (main,compress)
						This took about 7 seconds, peak mem usage: 12.61 Mb
[1752733062] -- 17/07/2025 02:17:50 * Finished (main,compress)
						This took about 8 seconds, peak mem usage: 12.61 Mb
[1752733076] -- 17/07/2025 02:18:06 * Finished (main,compress)
						This took about 10 seconds, peak mem usage: 12.61 Mb
[1752733093] -- 17/07/2025 02:18:21 * Finished (main,compress)
						This took about 8 seconds, peak mem usage: 12.61 Mb
[1752733109] -- 17/07/2025 02:18:39 * Finished (main,compress)
						This took about 10 seconds, peak mem usage: 12.61 Mb
[1752733127] -- 17/07/2025 02:18:58 * Finished (main,compress)
						This took about 11 seconds, peak mem usage: 12.61 Mb
[1752733147] -- 17/07/2025 02:19:18 * Finished (main,compress)
						This took about 11 seconds, peak mem usage: 13.00 Mb
[1752733168] -- 17/07/2025 02:19:41 * Finished (main,compress)
						This took about 13 seconds, peak mem usage: 12.61 Mb
[1752733190] -- 17/07/2025 02:20:06 * Finished (main,compress)
						This took about 16 seconds, peak mem usage: 13.00 Mb
[1752733216] -- 17/07/2025 02:20:31 * Finished (main,compress)
						This took about 15 seconds, peak mem usage: 12.74 Mb
[1752733242] -- 17/07/2025 02:20:58 * Finished (main,compress)
						This took about 16 seconds, peak mem usage: 13.12 Mb
[1752733269] -- 17/07/2025 02:21:26 * Finished (main,compress)
						This took about 17 seconds, peak mem usage: 12.74 Mb
[1752733297] -- 17/07/2025 02:21:54 * Finished (main,compress)
						This took about 17 seconds, peak mem usage: 12.74 Mb
[1752733327] -- 17/07/2025 02:22:07 * Finished (main,compress)
						This took about 0 seconds, peak mem usage: 11.33 Mb
[1752733327] -- 17/07/2025 02:22:07 * Finished (main,compress)
						This took about 0 seconds, peak mem usage: 11.33 Mb
[1752733328] -- 17/07/2025 02:22:08 * Finished (main,compress)
						This took about 0 seconds, peak mem usage: 11.33 Mb
[1752733328] -- 17/07/2025 02:22:08 * Finished (main,compress)
						This took about 0 seconds, peak mem usage: 11.33 Mb
[1752733329] -- 17/07/2025 02:22:09 * Finished (main,compress)
						This took about 0 seconds, peak mem usage: 11.33 Mb
[1752733329] -- 17/07/2025 02:22:09 * Finished (main,compress)
						This took about 0 seconds, peak mem usage: 11.33 Mb
[1752733330] -- 17/07/2025 02:22:10 * Finished (main,compress)
						This took about 0 seconds, peak mem usage: 11.89 Mb
[1752733332] -- 17/07/2025 02:22:12 * Finished (main,compress)
						This took about 0 seconds, peak mem usage: 11.89 Mb
[1752733333] -- 17/07/2025 02:22:13 * Finished (main,compress)
						This took about 0 seconds, peak mem usage: 11.89 Mb
[1752733335] -- 17/07/2025 02:22:15 * Finished (main,compress)
						This took about 0 seconds, peak mem usage: 11.89 Mb
[1752733336] -- 17/07/2025 02:22:16 * Finished (main,compress)
						This took about 0 seconds, peak mem usage: 11.89 Mb
[1752733338] -- 17/07/2025 02:22:18 * Finished (main,compress)
						This took about 0 seconds, peak mem usage: 11.89 Mb
[1752733340] -- 17/07/2025 02:22:20 * Finished (main,compress)
						This took about 0 seconds, peak mem usage: 11.89 Mb
[1752733342] -- 17/07/2025 02:22:22 * Finished (main,compress)
						This took about 0 seconds, peak mem usage: 11.89 Mb
[1752733344] -- 17/07/2025 02:22:24 * Finished (main,compress)
						This took about 0 seconds, peak mem usage: 11.89 Mb
[1752733346] -- 17/07/2025 02:22:26 * Finished (main,compress)
						This took about 0 seconds, peak mem usage: 11.89 Mb
[1752733348] -- 17/07/2025 02:22:28 * Finished (main,compress)
						This took about 0 seconds, peak mem usage: 11.89 Mb
[1752733350] -- 17/07/2025 02:22:30 * Finished (main,compress)
						This took about 0 seconds, peak mem usage: 11.89 Mb
[1752733352] -- 17/07/2025 02:22:32 * Finished (main,compress)
						This took about 0 seconds, peak mem usage: 11.89 Mb
[1752733355] -- 17/07/2025 02:22:35 * Finished (main,compress)
						This took about 0 seconds, peak mem usage: 11.89 Mb
[1752733357] -- 17/07/2025 02:22:37 * Finished (main,compress)
						This took about 0 seconds, peak mem usage: 11.89 Mb
[1752733360] -- 17/07/2025 02:22:40 * Finished (main,compress)
						This took about 0 seconds, peak mem usage: 11.89 Mb
[1752733362] -- 17/07/2025 02:22:42 * Finished (main,compress)
						This took about 0 seconds, peak mem usage: 11.89 Mb
[1752733365] -- 17/07/2025 02:22:45 * Finished (main,compress)
						This took about 0 seconds, peak mem usage: 11.89 Mb
[1752733368] -- 17/07/2025 02:22:48 * Finished (main,compress)
						This took about 0 seconds, peak mem usage: 11.89 Mb
[1752733375] -- 17/07/2025 02:22:56 * Finished (main,compress)
						This took about 1 seconds, peak mem usage: 344.93 Mb
[1752733390] -- 17/07/2025 02:23:12 * Finished (main,compress)
						This took about 2 seconds, peak mem usage: 409.76 Mb
[1752733418] -- 17/07/2025 02:23:40 * Finished (main,compress)
						This took about 2 seconds, peak mem usage: 431.38 Mb
[1752733460] -- 17/07/2025 02:24:22 * Finished (main,compress)
						This took about 2 seconds, peak mem usage: 481.93 Mb
[1752733518] -- 17/07/2025 02:25:21 * Finished (main,compress)
						This took about 3 seconds, peak mem usage: 481.93 Mb
[1752733594] -- 17/07/2025 02:26:37 * Finished (main,compress)
						This took about 3 seconds, peak mem usage: 481.93 Mb
[1752733683] -- 17/07/2025 02:28:06 * Finished (main,compress)
						This took about 3 seconds, peak mem usage: 496.23 Mb
[1752733791] -- 17/07/2025 02:29:55 * Finished (main,compress)
						This took about 4 seconds, peak mem usage: 496.23 Mb
[1752733919] -- 17/07/2025 02:32:03 * Finished (main,compress)
						This took about 4 seconds, peak mem usage: 496.23 Mb
[1752734066] -- 17/07/2025 02:34:30 * Finished (main,compress)
						This took about 4 seconds, peak mem usage: 496.23 Mb
[1752734233] -- 17/07/2025 02:37:17 * Finished (main,compress)
						This took about 4 seconds, peak mem usage: 496.23 Mb
[1752734424] -- 17/07/2025 02:40:28 * Finished (main,compress)
						This took about 4 seconds, peak mem usage: 496.23 Mb
[1752734637] -- 17/07/2025 02:44:02 * Finished (main,compress)
						This took about 5 seconds, peak mem usage: 496.23 Mb
[1752734872] -- 17/07/2025 02:47:57 * Finished (main,compress)
						This took about 5 seconds, peak mem usage: 503.43 Mb
[1752735129] -- 17/07/2025 02:52:14 * Finished (main,compress)
						This took about 5 seconds, peak mem usage: 503.43 Mb
[1752735416] -- 17/07/2025 02:57:02 * Finished (main,compress)
						This took about 6 seconds, peak mem usage: 503.43 Mb
[1752735720] -- 17/07/2025 03:02:06 * Finished (main,compress)
						This took about 6 seconds, peak mem usage: 503.43 Mb
[1752736053] -- 17/07/2025 03:07:39 * Finished (main,compress)
						This took about 6 seconds, peak mem usage: 503.43 Mb
[1752736406] -- 17/07/2025 03:13:32 * Finished (main,compress)
						This took about 6 seconds, peak mem usage: 503.43 Mb
[1752736791] -- 17/07/2025 03:19:58 * Finished (main,compress)
						This took about 7 seconds, peak mem usage: 503.43 Mb
[1752737200] -- 17/07/2025 03:26:47 * Finished (main,compress)
						This took about 7 seconds, peak mem usage: 503.43 Mb
[1752737633] -- 17/07/2025 03:34:00 * Finished (main,compress)
						This took about 7 seconds, peak mem usage: 503.43 Mb
[1752738098] -- 17/07/2025 03:41:46 * Finished (main,compress)
						This took about 8 seconds, peak mem usage: 503.43 Mb
[1752738585] -- 17/07/2025 03:49:53 * Finished (main,compress)
						This took about 8 seconds, peak mem usage: 503.43 Mb
[1752739112] -- 17/07/2025 03:58:40 * Finished (main,compress)
						This took about 8 seconds, peak mem usage: 503.43 Mb
[1752739632] -- 17/07/2025 04:07:14 * Finished (main,compress)
						This took about 2 seconds, peak mem usage: 133.81 Mb
[1752739648] -- 17/07/2025 04:07:30 * Finished (main,compress)
						This took about 2 seconds, peak mem usage: 223.88 Mb
[1752739678] -- 17/07/2025 04:08:00 * Finished (main,compress)
						This took about 2 seconds, peak mem usage: 223.88 Mb
[1752739724] -- 17/07/2025 04:08:46 * Finished (main,compress)
						This took about 2 seconds, peak mem usage: 223.88 Mb
[1752739787] -- 17/07/2025 04:09:50 * Finished (main,compress)
						This took about 3 seconds, peak mem usage: 223.88 Mb
[1752739869] -- 17/07/2025 04:11:12 * Finished (main,compress)
						This took about 3 seconds, peak mem usage: 223.88 Mb
[1752739970] -- 17/07/2025 04:12:54 * Finished (main,compress)
						This took about 4 seconds, peak mem usage: 223.88 Mb
[1752740097] -- 17/07/2025 04:15:02 * Finished (main,compress)
						This took about 5 seconds, peak mem usage: 223.88 Mb
[1752740244] -- 17/07/2025 04:17:28 * Finished (main,compress)
						This took about 4 seconds, peak mem usage: 223.88 Mb
[1752740412] -- 17/07/2025 04:20:16 * Finished (main,compress)
						This took about 4 seconds, peak mem usage: 223.88 Mb
[1752740600] -- 17/07/2025 04:23:25 * Finished (main,compress)
						This took about 5 seconds, peak mem usage: 223.88 Mb
[1752740814] -- 17/07/2025 04:26:58 * Finished (main,compress)
						This took about 4 seconds, peak mem usage: 223.88 Mb
[1752741051] -- 17/07/2025 04:30:55 * Finished (main,compress)
						This took about 4 seconds, peak mem usage: 223.88 Mb
[1752741316] -- 17/07/2025 04:35:21 * Finished (main,compress)
						This took about 5 seconds, peak mem usage: 223.88 Mb
[1752741611] -- 17/07/2025 04:40:17 * Finished (main,compress)
						This took about 6 seconds, peak mem usage: 223.88 Mb
[1752741936] -- 17/07/2025 04:45:42 * Finished (main,compress)
						This took about 6 seconds, peak mem usage: 223.88 Mb
[1752742288] -- 17/07/2025 04:51:33 * Finished (main,compress)
						This took about 5 seconds, peak mem usage: 223.88 Mb
[1752742668] -- 17/07/2025 04:57:54 * Finished (main,compress)
						This took about 6 seconds, peak mem usage: 223.88 Mb
[1752743077] -- 17/07/2025 05:04:43 * Finished (main,compress)
						This took about 6 seconds, peak mem usage: 223.88 Mb
[1752743518] -- 17/07/2025 05:12:04 * Finished (main,compress)
						This took about 6 seconds, peak mem usage: 223.88 Mb
[1752743998] -- 17/07/2025 05:20:05 * Finished (main,compress)
						This took about 7 seconds, peak mem usage: 223.88 Mb
[1752744502] -- 17/07/2025 05:28:28 * Finished (main,compress)
						This took about 6 seconds, peak mem usage: 223.88 Mb
[1752745044] -- 17/07/2025 05:37:31 * Finished (main,compress)
						This took about 7 seconds, peak mem usage: 223.88 Mb
[1752745631] -- 17/07/2025 05:47:17 * Finished (main,compress)
						This took about 6 seconds, peak mem usage: 223.88 Mb
[1752746258] -- 17/07/2025 05:57:46 * Finished (main,compress)
						This took about 8 seconds, peak mem usage: 223.88 Mb
[1752746927] -- 17/07/2025 06:08:49 * Finished (main,compress)
						This took about 2 seconds, peak mem usage: 217.62 Mb
[1752746946] -- 17/07/2025 06:09:09 * Finished (main,compress)
						This took about 3 seconds, peak mem usage: 229.48 Mb
[1752746980] -- 17/07/2025 06:09:45 * Finished (main,compress)
						This took about 5 seconds, peak mem usage: 229.48 Mb
[1752747031] -- 17/07/2025 06:10:36 * Finished (main,compress)
						This took about 5 seconds, peak mem usage: 229.48 Mb
[1752747097] -- 17/07/2025 06:11:42 * Finished (main,compress)
						This took about 5 seconds, peak mem usage: 229.48 Mb
[1752747178] -- 17/07/2025 06:13:05 * Finished (main,compress)
						This took about 7 seconds, peak mem usage: 229.48 Mb
[1752747282] -- 17/07/2025 06:14:49 * Finished (main,compress)
						This took about 7 seconds, peak mem usage: 229.48 Mb
[1752747402] -- 17/07/2025 06:16:50 * Finished (main,compress)
						This took about 8 seconds, peak mem usage: 229.48 Mb
[1752747543] -- 17/07/2025 06:19:11 * Finished (main,compress)
						This took about 8 seconds, peak mem usage: 229.48 Mb
[1752747701] -- 17/07/2025 06:21:50 * Finished (main,compress)
						This took about 9 seconds, peak mem usage: 229.48 Mb
[1752747881] -- 17/07/2025 06:24:50 * Finished (main,compress)
						This took about 9 seconds, peak mem usage: 229.48 Mb
[1752748087] -- 17/07/2025 06:28:17 * Finished (main,compress)
						This took about 10 seconds, peak mem usage: 229.48 Mb
[1752748317] -- 17/07/2025 06:32:08 * Finished (main,compress)
						This took about 11 seconds, peak mem usage: 229.48 Mb
[1752748567] -- 17/07/2025 06:36:18 * Finished (main,compress)
						This took about 11 seconds, peak mem usage: 229.48 Mb
[1752748841] -- 17/07/2025 06:40:53 * Finished (main,compress)
						This took about 12 seconds, peak mem usage: 229.48 Mb
[1752749140] -- 17/07/2025 06:45:52 * Finished (main,compress)
						This took about 12 seconds, peak mem usage: 229.48 Mb
[1752749464] -- 17/07/2025 06:51:17 * Finished (main,compress)
						This took about 13 seconds, peak mem usage: 229.48 Mb
[1752749814] -- 17/07/2025 06:57:07 * Finished (main,compress)
						This took about 13 seconds, peak mem usage: 229.48 Mb
[1752750187] -- 17/07/2025 07:03:21 * Finished (main,compress)
						This took about 14 seconds, peak mem usage: 229.48 Mb
[1752750584] -- 17/07/2025 07:09:59 * Finished (main,compress)
						This took about 15 seconds, peak mem usage: 229.48 Mb
[1752751014] -- 17/07/2025 07:17:08 * Finished (main,compress)
						This took about 14 seconds, peak mem usage: 229.48 Mb
[1752751464] -- 17/07/2025 07:24:39 * Finished (main,compress)
						This took about 15 seconds, peak mem usage: 229.48 Mb
[1752751945] -- 17/07/2025 07:32:40 * Finished (main,compress)
						This took about 15 seconds, peak mem usage: 229.48 Mb
[1752752452] -- 17/07/2025 07:41:07 * Finished (main,compress)
						This took about 15 seconds, peak mem usage: 229.48 Mb
[1752752995] -- 17/07/2025 07:50:10 * Finished (main,compress)
						This took about 15 seconds, peak mem usage: 229.48 Mb
[1752753548] -- 17/07/2025 07:59:09 * Finished (main,compress)
						This took about 1 seconds, peak mem usage: 53.88 Mb
[1752753572] -- 17/07/2025 07:59:32 * Finished (main,compress)
						This took about 0 seconds, peak mem usage: 53.88 Mb
[1752753620] -- 17/07/2025 08:00:20 * Finished (main,compress)
						This took about 0 seconds, peak mem usage: 66.16 Mb
[1752753693] -- 17/07/2025 08:01:33 * Finished (main,compress)
						This took about 0 seconds, peak mem usage: 66.16 Mb
[1752753792] -- 17/07/2025 08:03:13 * Finished (main,compress)
						This took about 1 seconds, peak mem usage: 66.16 Mb
[1752753926] -- 17/07/2025 08:05:26 * Finished (main,compress)
						This took about 0 seconds, peak mem usage: 66.16 Mb
[1752754072] -- 17/07/2025 08:07:53 * Finished (main,compress)
						This took about 1 seconds, peak mem usage: 66.16 Mb
[1752754220] -- 17/07/2025 08:10:21 * Finished (main,compress)
						This took about 1 seconds, peak mem usage: 66.16 Mb
[1752754386] -- 17/07/2025 08:13:06 * Finished (main,compress)
						This took about 0 seconds, peak mem usage: 66.16 Mb
[1752754570] -- 17/07/2025 08:16:11 * Finished (main,compress)
						This took about 1 seconds, peak mem usage: 66.16 Mb
[1752754770] -- 17/07/2025 08:19:30 * Finished (main,compress)
						This took about 0 seconds, peak mem usage: 66.16 Mb
[1752754989] -- 17/07/2025 08:23:10 * Finished (main,compress)
						This took about 1 seconds, peak mem usage: 66.16 Mb
[1752755229] -- 17/07/2025 08:27:10 * Finished (main,compress)
						This took about 1 seconds, peak mem usage: 66.16 Mb
[1752755474] -- 17/07/2025 08:31:15 * Finished (main,compress)
						This took about 1 seconds, peak mem usage: 66.16 Mb
[1752755742] -- 17/07/2025 08:35:43 * Finished (main,compress)
						This took about 1 seconds, peak mem usage: 70.25 Mb
[1752756036] -- 17/07/2025 08:40:37 * Finished (main,compress)
						This took about 1 seconds, peak mem usage: 70.25 Mb
[1752756379] -- 17/07/2025 08:46:19 * Finished (main,compress)
						This took about 0 seconds, peak mem usage: 70.25 Mb
[1752756751] -- 17/07/2025 08:52:32 * Finished (main,compress)
						This took about 1 seconds, peak mem usage: 70.25 Mb
[1752757136] -- 17/07/2025 08:58:57 * Finished (main,compress)
						This took about 1 seconds, peak mem usage: 70.25 Mb
[1752757532] -- 17/07/2025 09:05:32 * Finished (main,compress)
						This took about 0 seconds, peak mem usage: 70.25 Mb
[1752757940] -- 17/07/2025 09:12:21 * Finished (main,compress)
						This took about 1 seconds, peak mem usage: 70.25 Mb
[1752758361] -- 17/07/2025 09:19:22 * Finished (main,compress)
						This took about 1 seconds, peak mem usage: 70.25 Mb
[1752758791] -- 17/07/2025 09:26:32 * Finished (main,compress)
						This took about 1 seconds, peak mem usage: 70.25 Mb
[1752759224] -- 17/07/2025 09:33:45 * Finished (main,compress)
						This took about 1 seconds, peak mem usage: 70.25 Mb
[1752759661] -- 17/07/2025 09:41:02 * Finished (main,compress)
						This took about 1 seconds, peak mem usage: 70.25 Mb
[1752760100] -- 17/07/2025 09:48:21 * Finished (main,compress)
						This took about 1 seconds, peak mem usage: 235.45 Mb
[1752760113] -- 17/07/2025 09:48:34 * Finished (main,compress)
						This took about 1 seconds, peak mem usage: 258.27 Mb
[1752760136] -- 17/07/2025 09:48:57 * Finished (main,compress)
						This took about 1 seconds, peak mem usage: 258.27 Mb
[1752760169] -- 17/07/2025 09:49:30 * Finished (main,compress)
						This took about 1 seconds, peak mem usage: 258.27 Mb
[1752760213] -- 17/07/2025 09:50:15 * Finished (main,compress)
						This took about 2 seconds, peak mem usage: 311.58 Mb
[1752760269] -- 17/07/2025 09:51:11 * Finished (main,compress)
						This took about 2 seconds, peak mem usage: 311.58 Mb
[1752760338] -- 17/07/2025 09:52:20 * Finished (main,compress)
						This took about 2 seconds, peak mem usage: 387.90 Mb
[1752760422] -- 17/07/2025 09:53:44 * Finished (main,compress)
						This took about 2 seconds, peak mem usage: 387.90 Mb
[1752760522] -- 17/07/2025 09:55:25 * Finished (main,compress)
						This took about 3 seconds, peak mem usage: 433.62 Mb
[1752760635] -- 17/07/2025 09:57:18 * Finished (main,compress)
						This took about 3 seconds, peak mem usage: 433.62 Mb
[1752760762] -- 17/07/2025 09:59:25 * Finished (main,compress)
						This took about 3 seconds, peak mem usage: 433.62 Mb
[1752760902] -- 17/07/2025 10:01:45 * Finished (main,compress)
						This took about 3 seconds, peak mem usage: 433.62 Mb
[1752761054] -- 17/07/2025 10:04:17 * Finished (main,compress)
						This took about 3 seconds, peak mem usage: 433.62 Mb
[1752761226] -- 17/07/2025 10:07:10 * Finished (main,compress)
						This took about 4 seconds, peak mem usage: 433.62 Mb
[1752761418] -- 17/07/2025 10:10:22 * Finished (main,compress)
						This took about 4 seconds, peak mem usage: 433.62 Mb
[1752761631] -- 17/07/2025 10:13:55 * Finished (main,compress)
						This took about 4 seconds, peak mem usage: 433.62 Mb
[1752761858] -- 17/07/2025 10:17:43 * Finished (main,compress)
						This took about 5 seconds, peak mem usage: 433.62 Mb
[1752762107] -- 17/07/2025 10:21:52 * Finished (main,compress)
						This took about 5 seconds, peak mem usage: 433.62 Mb
[1752762377] -- 17/07/2025 10:26:22 * Finished (main,compress)
						This took about 5 seconds, peak mem usage: 433.62 Mb
[1752762668] -- 17/07/2025 10:31:13 * Finished (main,compress)
						This took about 5 seconds, peak mem usage: 433.62 Mb
[1752762981] -- 17/07/2025 10:36:26 * Finished (main,compress)
						This took about 5 seconds, peak mem usage: 433.62 Mb
[1752763316] -- 17/07/2025 10:42:02 * Finished (main,compress)
						This took about 6 seconds, peak mem usage: 433.62 Mb
[1752763674] -- 17/07/2025 10:48:00 * Finished (main,compress)
						This took about 6 seconds, peak mem usage: 449.12 Mb
[1752764058] -- 17/07/2025 10:54:24 * Finished (main,compress)
						This took about 6 seconds, peak mem usage: 449.12 Mb
[1752764464] -- 17/07/2025 11:01:10 * Finished (main,compress)
						This took about 6 seconds, peak mem usage: 449.12 Mb
[1752764906] -- 17/07/2025 11:08:50 * Finished (main,compress)
						This took about 24 seconds, peak mem usage: 1826.31 Mb
[1752764974] -- 17/07/2025 11:10:38 * Finished (main,compress)
						This took about 64 seconds, peak mem usage: 1805.29 Mb
[1752765114] -- 17/07/2025 11:13:40 * Finished (main,compress)
						This took about 106 seconds, peak mem usage: 1805.29 Mb
[1752765325] -- 17/07/2025 11:19:44 * Finished (main,compress)
						This took about 259 seconds, peak mem usage: 1783.84 Mb
[1752765746] -- 17/07/2025 11:27:12 * Finished (main,compress)
						This took about 286 seconds, peak mem usage: 1866.27 Mb
[1752766216] -- 17/07/2025 11:35:01 * Finished (main,compress)
						This took about 285 seconds, peak mem usage: 1846.30 Mb
[1752766712] -- 17/07/2025 11:44:41 * Finished (main,compress)
						This took about 369 seconds, peak mem usage: 1866.27 Mb
[1752767325] -- 17/07/2025 11:55:42 * Finished (main,compress)
						This took about 417 seconds, peak mem usage: 1846.30 Mb
[1752768005] -- 17/07/2025 12:07:12 * Finished (main,compress)
						This took about 427 seconds, peak mem usage: 1846.30 Mb
[1752768726] -- 17/07/2025 12:20:46 * Finished (main,compress)
						This took about 520 seconds, peak mem usage: 1887.74 Mb
[1752769559] -- 17/07/2025 12:36:35 * Finished (main,compress)
						This took about 636 seconds, peak mem usage: 1826.31 Mb
[1752770545] -- 17/07/2025 12:54:35 * Finished (main,compress)
						This took about 730 seconds, peak mem usage: 1826.31 Mb
[1752771657] -- 17/07/2025 13:14:02 * Finished (main,compress)
						This took about 785 seconds, peak mem usage: 1907.77 Mb
[1752772857] -- 17/07/2025 13:36:37 * Finished (main,compress)
						This took about 940 seconds, peak mem usage: 1846.30 Mb
[1752774248] -- 17/07/2025 13:58:20 * Finished (main,compress)
						This took about 852 seconds, peak mem usage: 1846.30 Mb
[1752775576] -- 17/07/2025 14:20:23 * Finished (main,compress)
						This took about 847 seconds, peak mem usage: 1846.30 Mb
[1752776926] -- 17/07/2025 14:44:29 * Finished (main,compress)
						This took about 943 seconds, peak mem usage: 1887.74 Mb
[1752778398] -- 17/07/2025 15:10:11 * Finished (main,compress)
						This took about 1013 seconds, peak mem usage: 1887.74 Mb
[1752779981] -- 17/07/2025 15:37:52 * Finished (main,compress)
						This took about 1091 seconds, peak mem usage: 1846.30 Mb
[1752781666] -- 17/07/2025 16:10:22 * Finished (main,compress)
						This took about 1356 seconds, peak mem usage: 1866.27 Mb
[1752783658] -- 17/07/2025 16:42:57 * Finished (main,compress)
						This took about 1319 seconds, peak mem usage: 1805.29 Mb
[1752785635] -- 17/07/2025 17:16:52 * Finished (main,compress)
						This took about 1377 seconds, peak mem usage: 1866.27 Mb
[1752787703] -- 17/07/2025 17:52:29 * Finished (main,compress)
						This took about 1446 seconds, peak mem usage: 1826.31 Mb
[1752789872] -- 17/07/2025 18:30:19 * Finished (main,compress)
						This took about 1547 seconds, peak mem usage: 1866.27 Mb
[1752792175] -- 17/07/2025 19:09:42 * Finished (main,compress)
						This took about 1607 seconds, peak mem usage: 1887.74 Mb
[1752809581] -- 17/07/2025 23:33:01 * Finished (main,compress)
						This took about 0 seconds, peak mem usage: 8.30 Mb
[1752809582] -- 17/07/2025 23:33:02 * Finished (main,compress)
						This took about 0 seconds, peak mem usage: 8.30 Mb
[1752809583] -- 17/07/2025 23:33:03 * Finished (main,compress)
						This took about 0 seconds, peak mem usage: 8.30 Mb
[1752809583] -- 17/07/2025 23:33:03 * Finished (main,compress)
						This took about 0 seconds, peak mem usage: 8.30 Mb
[1752809583] -- 17/07/2025 23:33:03 * Finished (main,compress)
						This took about 0 seconds, peak mem usage: 8.30 Mb
[1752809583] -- 17/07/2025 23:33:03 * Finished (main,compress)
						This took about 0 seconds, peak mem usage: 8.30 Mb
[1752809584] -- 17/07/2025 23:33:04 * Finished (main,compress)
						This took about 0 seconds, peak mem usage: 8.30 Mb
[1752809584] -- 17/07/2025 23:33:04 * Finished (main,compress)
						This took about 0 seconds, peak mem usage: 8.30 Mb
[1752809584] -- 17/07/2025 23:33:04 * Finished (main,compress)
						This took about 0 seconds, peak mem usage: 8.30 Mb
[1752809585] -- 17/07/2025 23:33:05 * Finished (main,compress)
						This took about 0 seconds, peak mem usage: 8.30 Mb
[1752809585] -- 17/07/2025 23:33:05 * Finished (main,compress)
						This took about 0 seconds, peak mem usage: 8.30 Mb
[1752809586] -- 17/07/2025 23:33:06 * Finished (main,compress)
						This took about 0 seconds, peak mem usage: 8.30 Mb
[1752809586] -- 17/07/2025 23:33:06 * Finished (main,compress)
						This took about 0 seconds, peak mem usage: 8.30 Mb
[1752809587] -- 17/07/2025 23:33:07 * Finished (main,compress)
						This took about 0 seconds, peak mem usage: 8.30 Mb
[1752809587] -- 17/07/2025 23:33:07 * Finished (main,compress)
						This took about 0 seconds, peak mem usage: 8.30 Mb
[1752809588] -- 17/07/2025 23:33:08 * Finished (main,compress)
						This took about 0 seconds, peak mem usage: 8.30 Mb
[1752809588] -- 17/07/2025 23:33:08 * Finished (main,compress)
						This took about 0 seconds, peak mem usage: 8.30 Mb
[1752809589] -- 17/07/2025 23:33:09 * Finished (main,compress)
						This took about 0 seconds, peak mem usage: 8.30 Mb
[1752809589] -- 17/07/2025 23:33:09 * Finished (main,compress)
						This took about 0 seconds, peak mem usage: 8.30 Mb
[1752809590] -- 17/07/2025 23:33:10 * Finished (main,compress)
						This took about 0 seconds, peak mem usage: 8.30 Mb
[1752809591] -- 17/07/2025 23:33:11 * Finished (main,compress)
						This took about 0 seconds, peak mem usage: 10.56 Mb
[1752809592] -- 17/07/2025 23:33:12 * Finished (main,compress)
						This took about 0 seconds, peak mem usage: 10.58 Mb
[1752809593] -- 17/07/2025 23:33:13 * Finished (main,compress)
						This took about 0 seconds, peak mem usage: 10.58 Mb
[1752809593] -- 17/07/2025 23:33:13 * Finished (main,compress)
						This took about 0 seconds, peak mem usage: 10.58 Mb
[1752809594] -- 17/07/2025 23:33:14 * Finished (main,compress)
						This took about 0 seconds, peak mem usage: 10.58 Mb
[1752809595] -- 17/07/2025 23:33:15 * Finished (main,compress)
						This took about 0 seconds, peak mem usage: 10.58 Mb
[1752809596] -- 17/07/2025 23:33:17 * Finished (main,compress)
						This took about 1 seconds, peak mem usage: 10.58 Mb
[1752809598] -- 17/07/2025 23:33:18 * Finished (main,compress)
						This took about 0 seconds, peak mem usage: 10.58 Mb
[1752809599] -- 17/07/2025 23:33:19 * Finished (main,compress)
						This took about 0 seconds, peak mem usage: 10.58 Mb
[1752809601] -- 17/07/2025 23:33:21 * Finished (main,compress)
						This took about 0 seconds, peak mem usage: 10.58 Mb
[1752809602] -- 17/07/2025 23:33:22 * Finished (main,compress)
						This took about 0 seconds, peak mem usage: 10.58 Mb
[1752809604] -- 17/07/2025 23:33:24 * Finished (main,compress)
						This took about 0 seconds, peak mem usage: 10.58 Mb
[1752809606] -- 17/07/2025 23:33:26 * Finished (main,compress)
						This took about 0 seconds, peak mem usage: 10.58 Mb
[1752809608] -- 17/07/2025 23:33:28 * Finished (main,compress)
						This took about 0 seconds, peak mem usage: 10.58 Mb
[1752809610] -- 17/07/2025 23:33:30 * Finished (main,compress)
						This took about 0 seconds, peak mem usage: 10.73 Mb
[1752809612] -- 17/07/2025 23:33:32 * Finished (main,compress)
						This took about 0 seconds, peak mem usage: 10.73 Mb
[1752809614] -- 17/07/2025 23:33:35 * Finished (main,compress)
						This took about 1 seconds, peak mem usage: 10.73 Mb
[1752809617] -- 17/07/2025 23:33:37 * Finished (main,compress)
						This took about 0 seconds, peak mem usage: 10.73 Mb
[1752809620] -- 17/07/2025 23:33:40 * Finished (main,compress)
						This took about 0 seconds, peak mem usage: 10.73 Mb
[1752809622] -- 17/07/2025 23:33:43 * Finished (main,compress)
						This took about 1 seconds, peak mem usage: 10.73 Mb
[1752809626] -- 17/07/2025 23:33:46 * Finished (main,compress)
						This took about 0 seconds, peak mem usage: 12.29 Mb
[1752809627] -- 17/07/2025 23:33:47 * Finished (main,compress)
						This took about 0 seconds, peak mem usage: 12.29 Mb
[1752809628] -- 17/07/2025 23:33:48 * Finished (main,compress)
						This took about 0 seconds, peak mem usage: 12.41 Mb
[1752809629] -- 17/07/2025 23:33:49 * Finished (main,compress)
						This took about 0 seconds, peak mem usage: 12.41 Mb
[1752809631] -- 17/07/2025 23:33:51 * Finished (main,compress)
						This took about 0 seconds, peak mem usage: 12.41 Mb
[1752809633] -- 17/07/2025 23:33:53 * Finished (main,compress)
						This took about 0 seconds, peak mem usage: 12.41 Mb
[1752809635] -- 17/07/2025 23:33:55 * Finished (main,compress)
						This took about 0 seconds, peak mem usage: 12.41 Mb
[1752809637] -- 17/07/2025 23:33:57 * Finished (main,compress)
						This took about 0 seconds, peak mem usage: 12.41 Mb
[1752809640] -- 17/07/2025 23:34:00 * Finished (main,compress)
						This took about 0 seconds, peak mem usage: 12.41 Mb
[1752809643] -- 17/07/2025 23:34:03 * Finished (main,compress)
						This took about 0 seconds, peak mem usage: 12.41 Mb
[1752809646] -- 17/07/2025 23:34:06 * Finished (main,compress)
						This took about 0 seconds, peak mem usage: 12.41 Mb
[1752809650] -- 17/07/2025 23:34:10 * Finished (main,compress)
						This took about 0 seconds, peak mem usage: 12.41 Mb
[1752809654] -- 17/07/2025 23:34:14 * Finished (main,compress)
						This took about 0 seconds, peak mem usage: 12.41 Mb
[1752809658] -- 17/07/2025 23:34:18 * Finished (main,compress)
						This took about 0 seconds, peak mem usage: 12.41 Mb
[1752809663] -- 17/07/2025 23:34:23 * Finished (main,compress)
						This took about 0 seconds, peak mem usage: 12.41 Mb
[1752809667] -- 17/07/2025 23:34:27 * Finished (main,compress)
						This took about 0 seconds, peak mem usage: 12.41 Mb
[1752809672] -- 17/07/2025 23:34:32 * Finished (main,compress)
						This took about 0 seconds, peak mem usage: 12.41 Mb
[1752809677] -- 17/07/2025 23:34:37 * Finished (main,compress)
						This took about 0 seconds, peak mem usage: 12.41 Mb
[1752809682] -- 17/07/2025 23:34:42 * Finished (main,compress)
						This took about 0 seconds, peak mem usage: 12.41 Mb
[1752809688] -- 17/07/2025 23:34:48 * Finished (main,compress)
						This took about 0 seconds, peak mem usage: 12.41 Mb
[1752809695] -- 17/07/2025 23:34:55 * Finished (main,compress)
						This took about 0 seconds, peak mem usage: 33.66 Mb
[1752809697] -- 17/07/2025 23:34:57 * Finished (main,compress)
						This took about 0 seconds, peak mem usage: 33.66 Mb
[1752809698] -- 17/07/2025 23:34:58 * Finished (main,compress)
						This took about 0 seconds, peak mem usage: 33.66 Mb
[1752809699] -- 17/07/2025 23:34:59 * Finished (main,compress)
						This took about 0 seconds, peak mem usage: 33.66 Mb
[1752809700] -- 17/07/2025 23:35:00 * Finished (main,compress)
						This took about 0 seconds, peak mem usage: 33.66 Mb
[1752809701] -- 17/07/2025 23:35:01 * Finished (main,compress)
						This took about 0 seconds, peak mem usage: 33.66 Mb
[1752809703] -- 17/07/2025 23:35:03 * Finished (main,compress)
						This took about 0 seconds, peak mem usage: 33.66 Mb
[1752809704] -- 17/07/2025 23:35:04 * Finished (main,compress)
						This took about 0 seconds, peak mem usage: 33.66 Mb
[1752809705] -- 17/07/2025 23:35:05 * Finished (main,compress)
						This took about 0 seconds, peak mem usage: 33.66 Mb
[1752809706] -- 17/07/2025 23:35:06 * Finished (main,compress)
						This took about 0 seconds, peak mem usage: 33.66 Mb
[1752809707] -- 17/07/2025 23:35:07 * Finished (main,compress)
						This took about 0 seconds, peak mem usage: 33.66 Mb
[1752809708] -- 17/07/2025 23:35:08 * Finished (main,compress)
						This took about 0 seconds, peak mem usage: 33.66 Mb
[1752809709] -- 17/07/2025 23:35:09 * Finished (main,compress)
						This took about 0 seconds, peak mem usage: 33.66 Mb
[1752809710] -- 17/07/2025 23:35:10 * Finished (main,compress)
						This took about 0 seconds, peak mem usage: 33.66 Mb
[1752809711] -- 17/07/2025 23:35:11 * Finished (main,compress)
						This took about 0 seconds, peak mem usage: 33.66 Mb
[1752809712] -- 17/07/2025 23:35:12 * Finished (main,compress)
						This took about 0 seconds, peak mem usage: 33.66 Mb
[1752809713] -- 17/07/2025 23:35:13 * Finished (main,compress)
						This took about 0 seconds, peak mem usage: 33.66 Mb
[1752809714] -- 17/07/2025 23:35:14 * Finished (main,compress)
						This took about 0 seconds, peak mem usage: 33.66 Mb
[1752809715] -- 17/07/2025 23:35:15 * Finished (main,compress)
						This took about 0 seconds, peak mem usage: 33.66 Mb
[1752809716] -- 17/07/2025 23:35:16 * Finished (main,compress)
						This took about 0 seconds, peak mem usage: 33.66 Mb
[1752809718] -- 17/07/2025 23:35:18 * Finished (main,compress)
						This took about 0 seconds, peak mem usage: 11.85 Mb
[1752809718] -- 17/07/2025 23:35:19 * Finished (main,compress)
						This took about 1 seconds, peak mem usage: 13.38 Mb
[1752809719] -- 17/07/2025 23:35:20 * Finished (main,compress)
						This took about 1 seconds, peak mem usage: 13.38 Mb
[1752809721] -- 17/07/2025 23:35:22 * Finished (main,compress)
						This took about 1 seconds, peak mem usage: 13.38 Mb
[1752809723] -- 17/07/2025 23:35:25 * Finished (main,compress)
						This took about 2 seconds, peak mem usage: 13.38 Mb
[1752809726] -- 17/07/2025 23:35:28 * Finished (main,compress)
						This took about 2 seconds, peak mem usage: 13.38 Mb
[1752809729] -- 17/07/2025 23:35:32 * Finished (main,compress)
						This took about 3 seconds, peak mem usage: 13.38 Mb
[1752809733] -- 17/07/2025 23:35:36 * Finished (main,compress)
						This took about 3 seconds, peak mem usage: 13.38 Mb
[1752809738] -- 17/07/2025 23:35:42 * Finished (main,compress)
						This took about 4 seconds, peak mem usage: 13.38 Mb
[1752809743] -- 17/07/2025 23:35:47 * Finished (main,compress)
						This took about 4 seconds, peak mem usage: 13.38 Mb
[1752809749] -- 17/07/2025 23:35:55 * Finished (main,compress)
						This took about 6 seconds, peak mem usage: 13.38 Mb
[1752809756] -- 17/07/2025 23:36:01 * Finished (main,compress)
						This took about 5 seconds, peak mem usage: 13.38 Mb
[1752809763] -- 17/07/2025 23:36:08 * Finished (main,compress)
						This took about 5 seconds, peak mem usage: 13.38 Mb
[1752809770] -- 17/07/2025 23:36:15 * Finished (main,compress)
						This took about 5 seconds, peak mem usage: 13.38 Mb
[1752809777] -- 17/07/2025 23:36:23 * Finished (main,compress)
						This took about 6 seconds, peak mem usage: 13.38 Mb
[1752809786] -- 17/07/2025 23:36:33 * Finished (main,compress)
						This took about 7 seconds, peak mem usage: 13.38 Mb
[1752809795] -- 17/07/2025 23:36:42 * Finished (main,compress)
						This took about 7 seconds, peak mem usage: 13.38 Mb
[1752809805] -- 17/07/2025 23:36:52 * Finished (main,compress)
						This took about 7 seconds, peak mem usage: 13.38 Mb
[1752809814] -- 17/07/2025 23:37:03 * Finished (main,compress)
						This took about 9 seconds, peak mem usage: 13.38 Mb
[1752809825] -- 17/07/2025 23:37:16 * Finished (main,compress)
						This took about 11 seconds, peak mem usage: 13.38 Mb
[1752809839] -- 17/07/2025 23:37:19 * Finished (main,compress)
						This took about 0 seconds, peak mem usage: 11.33 Mb
[1752809840] -- 17/07/2025 23:37:20 * Finished (main,compress)
						This took about 0 seconds, peak mem usage: 11.33 Mb
[1752809840] -- 17/07/2025 23:37:20 * Finished (main,compress)
						This took about 0 seconds, peak mem usage: 11.33 Mb
[1752809841] -- 17/07/2025 23:37:21 * Finished (main,compress)
						This took about 0 seconds, peak mem usage: 11.33 Mb
[1752809841] -- 17/07/2025 23:37:21 * Finished (main,compress)
						This took about 0 seconds, peak mem usage: 11.33 Mb
[1752809842] -- 17/07/2025 23:37:22 * Finished (main,compress)
						This took about 0 seconds, peak mem usage: 11.33 Mb
[1752809843] -- 17/07/2025 23:37:23 * Finished (main,compress)
						This took about 0 seconds, peak mem usage: 11.89 Mb
[1752809844] -- 17/07/2025 23:37:24 * Finished (main,compress)
						This took about 0 seconds, peak mem usage: 11.89 Mb
[1752809845] -- 17/07/2025 23:37:25 * Finished (main,compress)
						This took about 0 seconds, peak mem usage: 11.89 Mb
[1752809846] -- 17/07/2025 23:37:27 * Finished (main,compress)
						This took about 1 seconds, peak mem usage: 11.89 Mb
[1752809848] -- 17/07/2025 23:37:28 * Finished (main,compress)
						This took about 0 seconds, peak mem usage: 11.89 Mb
[1752809849] -- 17/07/2025 23:37:29 * Finished (main,compress)
						This took about 0 seconds, peak mem usage: 11.89 Mb
[1752809851] -- 17/07/2025 23:37:31 * Finished (main,compress)
						This took about 0 seconds, peak mem usage: 11.89 Mb
[1752809852] -- 17/07/2025 23:37:32 * Finished (main,compress)
						This took about 0 seconds, peak mem usage: 11.89 Mb
[1752809854] -- 17/07/2025 23:37:34 * Finished (main,compress)
						This took about 0 seconds, peak mem usage: 11.89 Mb
[1752809856] -- 17/07/2025 23:37:36 * Finished (main,compress)
						This took about 0 seconds, peak mem usage: 11.89 Mb
[1752809858] -- 17/07/2025 23:37:38 * Finished (main,compress)
						This took about 0 seconds, peak mem usage: 11.89 Mb
[1752809860] -- 17/07/2025 23:37:40 * Finished (main,compress)
						This took about 0 seconds, peak mem usage: 11.89 Mb
[1752809862] -- 17/07/2025 23:37:42 * Finished (main,compress)
						This took about 0 seconds, peak mem usage: 11.89 Mb
[1752809864] -- 17/07/2025 23:37:44 * Finished (main,compress)
						This took about 0 seconds, peak mem usage: 11.89 Mb
[1752809870] -- 17/07/2025 23:37:51 * Finished (main,compress)
						This took about 1 seconds, peak mem usage: 344.93 Mb
[1752809877] -- 17/07/2025 23:37:59 * Finished (main,compress)
						This took about 2 seconds, peak mem usage: 467.41 Mb
[1752809888] -- 17/07/2025 23:38:11 * Finished (main,compress)
						This took about 3 seconds, peak mem usage: 467.41 Mb
[1752809904] -- 17/07/2025 23:38:27 * Finished (main,compress)
						This took about 3 seconds, peak mem usage: 467.41 Mb
[1752809924] -- 17/07/2025 23:38:47 * Finished (main,compress)
						This took about 3 seconds, peak mem usage: 467.41 Mb
[1752809947] -- 17/07/2025 23:39:10 * Finished (main,compress)
						This took about 3 seconds, peak mem usage: 467.41 Mb
[1752809976] -- 17/07/2025 23:39:39 * Finished (main,compress)
						This took about 3 seconds, peak mem usage: 467.41 Mb
[1752810008] -- 17/07/2025 23:40:12 * Finished (main,compress)
						This took about 4 seconds, peak mem usage: 467.41 Mb
[1752810046] -- 17/07/2025 23:40:50 * Finished (main,compress)
						This took about 4 seconds, peak mem usage: 467.41 Mb
[1752810088] -- 17/07/2025 23:41:32 * Finished (main,compress)
						This took about 4 seconds, peak mem usage: 467.41 Mb
[1752810134] -- 17/07/2025 23:42:19 * Finished (main,compress)
						This took about 5 seconds, peak mem usage: 467.41 Mb
[1752810185] -- 17/07/2025 23:43:11 * Finished (main,compress)
						This took about 6 seconds, peak mem usage: 467.41 Mb
[1752810240] -- 17/07/2025 23:44:06 * Finished (main,compress)
						This took about 6 seconds, peak mem usage: 467.41 Mb
[1752810298] -- 17/07/2025 23:45:03 * Finished (main,compress)
						This took about 5 seconds, peak mem usage: 467.41 Mb
[1752810359] -- 17/07/2025 23:46:05 * Finished (main,compress)
						This took about 6 seconds, peak mem usage: 467.41 Mb
[1752810426] -- 17/07/2025 23:47:12 * Finished (main,compress)
						This took about 6 seconds, peak mem usage: 467.41 Mb
[1752810498] -- 17/07/2025 23:48:25 * Finished (main,compress)
						This took about 7 seconds, peak mem usage: 467.41 Mb
[1752810574] -- 17/07/2025 23:49:42 * Finished (main,compress)
						This took about 8 seconds, peak mem usage: 467.41 Mb
[1752810655] -- 17/07/2025 23:51:02 * Finished (main,compress)
						This took about 7 seconds, peak mem usage: 467.41 Mb
[1752810740] -- 17/07/2025 23:52:28 * Finished (main,compress)
						This took about 8 seconds, peak mem usage: 467.41 Mb
[1752810813] -- 17/07/2025 23:53:34 * Finished (main,compress)
						This took about 1 seconds, peak mem usage: 133.81 Mb
[1752810819] -- 17/07/2025 23:53:41 * Finished (main,compress)
						This took about 2 seconds, peak mem usage: 183.97 Mb
[1752810830] -- 17/07/2025 23:53:52 * Finished (main,compress)
						This took about 2 seconds, peak mem usage: 183.97 Mb
[1752810845] -- 17/07/2025 23:54:08 * Finished (main,compress)
						This took about 3 seconds, peak mem usage: 183.97 Mb
[1752810864] -- 17/07/2025 23:54:27 * Finished (main,compress)
						This took about 3 seconds, peak mem usage: 183.97 Mb
[1752810886] -- 17/07/2025 23:54:50 * Finished (main,compress)
						This took about 4 seconds, peak mem usage: 183.97 Mb
[1752810914] -- 17/07/2025 23:55:18 * Finished (main,compress)
						This took about 4 seconds, peak mem usage: 203.98 Mb
[1752810945] -- 17/07/2025 23:55:49 * Finished (main,compress)
						This took about 4 seconds, peak mem usage: 203.98 Mb
[1752810980] -- 17/07/2025 23:56:24 * Finished (main,compress)
						This took about 4 seconds, peak mem usage: 203.98 Mb
[1752811020] -- 17/07/2025 23:57:05 * Finished (main,compress)
						This took about 5 seconds, peak mem usage: 203.98 Mb
[1752811065] -- 17/07/2025 23:57:51 * Finished (main,compress)
						This took about 6 seconds, peak mem usage: 203.98 Mb
[1752811115] -- 17/07/2025 23:58:41 * Finished (main,compress)
						This took about 6 seconds, peak mem usage: 203.98 Mb
[1752811170] -- 17/07/2025 23:59:35 * Finished (main,compress)
						This took about 5 seconds, peak mem usage: 208.99 Mb
[1752811229] -- 18/07/2025 00:00:36 * Finished (main,compress)
						This took about 7 seconds, peak mem usage: 208.99 Mb
[1752811295] -- 18/07/2025 00:01:42 * Finished (main,compress)
						This took about 7 seconds, peak mem usage: 218.87 Mb
[1752811366] -- 18/07/2025 00:02:53 * Finished (main,compress)
						This took about 7 seconds, peak mem usage: 218.87 Mb
[1752811442] -- 18/07/2025 00:04:10 * Finished (main,compress)
						This took about 8 seconds, peak mem usage: 218.87 Mb
[1752811525] -- 18/07/2025 00:05:33 * Finished (main,compress)
						This took about 8 seconds, peak mem usage: 218.87 Mb
[1752811613] -- 18/07/2025 00:07:01 * Finished (main,compress)
						This took about 8 seconds, peak mem usage: 218.87 Mb
[1752811705] -- 18/07/2025 00:08:34 * Finished (main,compress)
						This took about 9 seconds, peak mem usage: 218.87 Mb
[1752811802] -- 18/07/2025 00:10:04 * Finished (main,compress)
						This took about 2 seconds, peak mem usage: 217.62 Mb
[1752811813] -- 18/07/2025 00:10:15 * Finished (main,compress)
						This took about 2 seconds, peak mem usage: 217.62 Mb
[1752811828] -- 18/07/2025 00:10:31 * Finished (main,compress)
						This took about 3 seconds, peak mem usage: 217.62 Mb
[1752811846] -- 18/07/2025 00:10:50 * Finished (main,compress)
						This took about 4 seconds, peak mem usage: 217.62 Mb
[1752811869] -- 18/07/2025 00:11:13 * Finished (main,compress)
						This took about 4 seconds, peak mem usage: 223.55 Mb
[1752811895] -- 18/07/2025 00:11:40 * Finished (main,compress)
						This took about 5 seconds, peak mem usage: 223.55 Mb
[1752811925] -- 18/07/2025 00:12:11 * Finished (main,compress)
						This took about 6 seconds, peak mem usage: 229.48 Mb
[1752811959] -- 18/07/2025 00:12:46 * Finished (main,compress)
						This took about 7 seconds, peak mem usage: 229.48 Mb
[1752811998] -- 18/07/2025 00:13:26 * Finished (main,compress)
						This took about 8 seconds, peak mem usage: 229.48 Mb
[1752812046] -- 18/07/2025 00:14:15 * Finished (main,compress)
						This took about 9 seconds, peak mem usage: 229.48 Mb
[1752812096] -- 18/07/2025 00:15:07 * Finished (main,compress)
						This took about 11 seconds, peak mem usage: 235.41 Mb
[1752812154] -- 18/07/2025 00:16:04 * Finished (main,compress)
						This took about 10 seconds, peak mem usage: 235.41 Mb
[1752812215] -- 18/07/2025 00:17:05 * Finished (main,compress)
						This took about 10 seconds, peak mem usage: 235.41 Mb
[1752812278] -- 18/07/2025 00:18:09 * Finished (main,compress)
						This took about 11 seconds, peak mem usage: 235.41 Mb
[1752812346] -- 18/07/2025 00:19:18 * Finished (main,compress)
						This took about 12 seconds, peak mem usage: 235.41 Mb
[1752812419] -- 18/07/2025 00:20:31 * Finished (main,compress)
						This took about 12 seconds, peak mem usage: 235.41 Mb
[1752812497] -- 18/07/2025 00:21:49 * Finished (main,compress)
						This took about 12 seconds, peak mem usage: 235.41 Mb
[1752812579] -- 18/07/2025 00:23:13 * Finished (main,compress)
						This took about 14 seconds, peak mem usage: 235.41 Mb
[1752812668] -- 18/07/2025 00:24:41 * Finished (main,compress)
						This took about 13 seconds, peak mem usage: 235.41 Mb
[1752812760] -- 18/07/2025 00:26:14 * Finished (main,compress)
						This took about 14 seconds, peak mem usage: 235.41 Mb
[1752812846] -- 18/07/2025 00:27:26 * Finished (main,compress)
						This took about 0 seconds, peak mem usage: 53.88 Mb
[1752812852] -- 18/07/2025 00:27:32 * Finished (main,compress)
						This took about 0 seconds, peak mem usage: 53.88 Mb
[1752812863] -- 18/07/2025 00:27:43 * Finished (main,compress)
						This took about 0 seconds, peak mem usage: 62.07 Mb
[1752812878] -- 18/07/2025 00:27:59 * Finished (main,compress)
						This took about 1 seconds, peak mem usage: 70.25 Mb
[1752812899] -- 18/07/2025 00:28:19 * Finished (main,compress)
						This took about 0 seconds, peak mem usage: 70.25 Mb
[1752812925] -- 18/07/2025 00:28:45 * Finished (main,compress)
						This took about 0 seconds, peak mem usage: 70.25 Mb
[1752812955] -- 18/07/2025 00:29:15 * Finished (main,compress)
						This took about 0 seconds, peak mem usage: 70.25 Mb
[1752812991] -- 18/07/2025 00:29:51 * Finished (main,compress)
						This took about 0 seconds, peak mem usage: 70.25 Mb
[1752813032] -- 18/07/2025 00:30:32 * Finished (main,compress)
						This took about 0 seconds, peak mem usage: 70.25 Mb
[1752813079] -- 18/07/2025 00:31:19 * Finished (main,compress)
						This took about 0 seconds, peak mem usage: 70.25 Mb
[1752813131] -- 18/07/2025 00:32:12 * Finished (main,compress)
						This took about 1 seconds, peak mem usage: 70.25 Mb
[1752813189] -- 18/07/2025 00:33:09 * Finished (main,compress)
						This took about 0 seconds, peak mem usage: 70.25 Mb
[1752813252] -- 18/07/2025 00:34:13 * Finished (main,compress)
						This took about 1 seconds, peak mem usage: 70.25 Mb
[1752813322] -- 18/07/2025 00:35:22 * Finished (main,compress)
						This took about 0 seconds, peak mem usage: 70.25 Mb
[1752813398] -- 18/07/2025 00:36:38 * Finished (main,compress)
						This took about 0 seconds, peak mem usage: 70.25 Mb
[1752813481] -- 18/07/2025 00:38:01 * Finished (main,compress)
						This took about 0 seconds, peak mem usage: 70.25 Mb
[1752813570] -- 18/07/2025 00:39:31 * Finished (main,compress)
						This took about 1 seconds, peak mem usage: 70.25 Mb
[1752813666] -- 18/07/2025 00:41:07 * Finished (main,compress)
						This took about 1 seconds, peak mem usage: 70.25 Mb
[1752813769] -- 18/07/2025 00:42:50 * Finished (main,compress)
						This took about 1 seconds, peak mem usage: 70.25 Mb
[1752813879] -- 18/07/2025 00:44:40 * Finished (main,compress)
						This took about 1 seconds, peak mem usage: 70.25 Mb
[1752813996] -- 18/07/2025 00:46:37 * Finished (main,compress)
						This took about 1 seconds, peak mem usage: 235.45 Mb
[1752814002] -- 18/07/2025 00:46:44 * Finished (main,compress)
						This took about 2 seconds, peak mem usage: 372.56 Mb
[1752814011] -- 18/07/2025 00:46:53 * Finished (main,compress)
						This took about 2 seconds, peak mem usage: 372.56 Mb
[1752814023] -- 18/07/2025 00:47:05 * Finished (main,compress)
						This took about 2 seconds, peak mem usage: 372.56 Mb
[1752814037] -- 18/07/2025 00:47:19 * Finished (main,compress)
						This took about 2 seconds, peak mem usage: 372.56 Mb
[1752814053] -- 18/07/2025 00:47:36 * Finished (main,compress)
						This took about 3 seconds, peak mem usage: 403.21 Mb
[1752814072] -- 18/07/2025 00:47:55 * Finished (main,compress)
						This took about 3 seconds, peak mem usage: 403.21 Mb
[1752814094] -- 18/07/2025 00:48:17 * Finished (main,compress)
						This took about 3 seconds, peak mem usage: 403.21 Mb
[1752814118] -- 18/07/2025 00:48:41 * Finished (main,compress)
						This took about 3 seconds, peak mem usage: 403.21 Mb
[1752814144] -- 18/07/2025 00:49:07 * Finished (main,compress)
						This took about 3 seconds, peak mem usage: 403.21 Mb
[1752814172] -- 18/07/2025 00:49:35 * Finished (main,compress)
						This took about 3 seconds, peak mem usage: 403.21 Mb
[1752814203] -- 18/07/2025 00:50:06 * Finished (main,compress)
						This took about 3 seconds, peak mem usage: 403.21 Mb
[1752814236] -- 18/07/2025 00:50:39 * Finished (main,compress)
						This took about 3 seconds, peak mem usage: 403.21 Mb
[1752814273] -- 18/07/2025 00:51:16 * Finished (main,compress)
						This took about 3 seconds, peak mem usage: 403.21 Mb
[1752814311] -- 18/07/2025 00:51:55 * Finished (main,compress)
						This took about 4 seconds, peak mem usage: 403.21 Mb
[1752814354] -- 18/07/2025 00:52:38 * Finished (main,compress)
						This took about 4 seconds, peak mem usage: 403.21 Mb
[1752814401] -- 18/07/2025 00:53:26 * Finished (main,compress)
						This took about 5 seconds, peak mem usage: 494.76 Mb
[1752814454] -- 18/07/2025 00:54:20 * Finished (main,compress)
						This took about 6 seconds, peak mem usage: 494.76 Mb
[1752814513] -- 18/07/2025 00:55:19 * Finished (main,compress)
						This took about 6 seconds, peak mem usage: 494.76 Mb
[1752814572] -- 18/07/2025 00:56:17 * Finished (main,compress)
						This took about 5 seconds, peak mem usage: 494.76 Mb
[1752814647] -- 18/07/2025 00:57:51 * Finished (main,compress)
						This took about 24 seconds, peak mem usage: 1826.31 Mb
[1752814706] -- 18/07/2025 00:59:25 * Finished (main,compress)
						This took about 59 seconds, peak mem usage: 1826.31 Mb
[1752814819] -- 18/07/2025 01:02:09 * Finished (main,compress)
						This took about 110 seconds, peak mem usage: 1846.30 Mb
[1752815012] -- 18/07/2025 01:06:33 * Finished (main,compress)
						This took about 181 seconds, peak mem usage: 1783.84 Mb
[1752815291] -- 18/07/2025 01:12:24 * Finished (main,compress)
						This took about 253 seconds, peak mem usage: 1805.29 Mb
[1752815663] -- 18/07/2025 01:20:35 * Finished (main,compress)
						This took about 372 seconds, peak mem usage: 1826.31 Mb
[1752816173] -- 18/07/2025 01:30:36 * Finished (main,compress)
						This took about 463 seconds, peak mem usage: 1805.29 Mb
[1752816791] -- 18/07/2025 01:42:03 * Finished (main,compress)
						This took about 532 seconds, peak mem usage: 1805.29 Mb
[1752817495] -- 18/07/2025 01:55:30 * Finished (main,compress)
						This took about 635 seconds, peak mem usage: 1887.74 Mb
[1752818313] -- 18/07/2025 02:09:13 * Finished (main,compress)
						This took about 640 seconds, peak mem usage: 1826.31 Mb
[1752819150] -- 18/07/2025 02:26:05 * Finished (main,compress)
						This took about 815 seconds, peak mem usage: 1826.31 Mb
[1752820172] -- 18/07/2025 02:42:42 * Finished (main,compress)
						This took about 790 seconds, peak mem usage: 1826.31 Mb
[1752821181] -- 18/07/2025 03:01:10 * Finished (main,compress)
						This took about 889 seconds, peak mem usage: 1826.31 Mb
[1752822304] -- 18/07/2025 03:21:06 * Finished (main,compress)
						This took about 962 seconds, peak mem usage: 1826.31 Mb
[1752823515] -- 18/07/2025 03:42:12 * Finished (main,compress)
						This took about 1017 seconds, peak mem usage: 1846.30 Mb
[1752824795] -- 18/07/2025 04:05:21 * Finished (main,compress)
						This took about 1126 seconds, peak mem usage: 1866.27 Mb
[1752826195] -- 18/07/2025 04:29:11 * Finished (main,compress)
						This took about 1156 seconds, peak mem usage: 1826.31 Mb
[1752827629] -- 18/07/2025 04:56:30 * Finished (main,compress)
						This took about 1361 seconds, peak mem usage: 1846.30 Mb
[1752829286] -- 18/07/2025 05:25:56 * Finished (main,compress)
						This took about 1470 seconds, peak mem usage: 1846.30 Mb
[1752831063] -- 18/07/2025 05:56:40 * Finished (main,compress)
						This took about 1537 seconds, peak mem usage: 1866.27 Mb
[1752874402] -- 18/07/2025 17:33:22 * Finished (main,compress)
						This took about 0 seconds, peak mem usage: 8.30 Mb
[1752874403] -- 18/07/2025 17:33:23 * Finished (main,compress)
						This took about 0 seconds, peak mem usage: 8.30 Mb
[1752874403] -- 18/07/2025 17:33:23 * Finished (main,compress)
						This took about 0 seconds, peak mem usage: 8.30 Mb
[1752874403] -- 18/07/2025 17:33:23 * Finished (main,compress)
						This took about 0 seconds, peak mem usage: 8.30 Mb
[1752874403] -- 18/07/2025 17:33:23 * Finished (main,compress)
						This took about 0 seconds, peak mem usage: 8.30 Mb
[1752874403] -- 18/07/2025 17:33:23 * Finished (main,compress)
						This took about 0 seconds, peak mem usage: 8.30 Mb
[1752874404] -- 18/07/2025 17:33:24 * Finished (main,compress)
						This took about 0 seconds, peak mem usage: 8.30 Mb
[1752874404] -- 18/07/2025 17:33:24 * Finished (main,compress)
						This took about 0 seconds, peak mem usage: 8.30 Mb
[1752874404] -- 18/07/2025 17:33:24 * Finished (main,compress)
						This took about 0 seconds, peak mem usage: 8.30 Mb
[1752874404] -- 18/07/2025 17:33:24 * Finished (main,compress)
						This took about 0 seconds, peak mem usage: 8.30 Mb
[1752874405] -- 18/07/2025 17:33:25 * Finished (main,compress)
						This took about 0 seconds, peak mem usage: 8.30 Mb
[1752874405] -- 18/07/2025 17:33:25 * Finished (main,compress)
						This took about 0 seconds, peak mem usage: 8.30 Mb
[1752874405] -- 18/07/2025 17:33:25 * Finished (main,compress)
						This took about 0 seconds, peak mem usage: 8.30 Mb
[1752874406] -- 18/07/2025 17:33:26 * Finished (main,compress)
						This took about 0 seconds, peak mem usage: 8.30 Mb
[1752874406] -- 18/07/2025 17:33:26 * Finished (main,compress)
						This took about 0 seconds, peak mem usage: 8.30 Mb
[1752874406] -- 18/07/2025 17:33:26 * Finished (main,compress)
						This took about 0 seconds, peak mem usage: 8.30 Mb
[1752874406] -- 18/07/2025 17:33:26 * Finished (main,compress)
						This took about 0 seconds, peak mem usage: 8.30 Mb
[1752874407] -- 18/07/2025 17:33:27 * Finished (main,compress)
						This took about 0 seconds, peak mem usage: 8.30 Mb
[1752874407] -- 18/07/2025 17:33:27 * Finished (main,compress)
						This took about 0 seconds, peak mem usage: 8.30 Mb
[1752874407] -- 18/07/2025 17:33:27 * Finished (main,compress)
						This took about 0 seconds, peak mem usage: 8.30 Mb
[1752874408] -- 18/07/2025 17:33:28 * Finished (main,compress)
						This took about 0 seconds, peak mem usage: 8.30 Mb
[1752874408] -- 18/07/2025 17:33:28 * Finished (main,compress)
						This took about 0 seconds, peak mem usage: 8.30 Mb
[1752874408] -- 18/07/2025 17:33:28 * Finished (main,compress)
						This took about 0 seconds, peak mem usage: 8.30 Mb
[1752874408] -- 18/07/2025 17:33:28 * Finished (main,compress)
						This took about 0 seconds, peak mem usage: 8.30 Mb
[1752874409] -- 18/07/2025 17:33:29 * Finished (main,compress)
						This took about 0 seconds, peak mem usage: 8.30 Mb
[1752874410] -- 18/07/2025 17:33:30 * Finished (main,compress)
						This took about 0 seconds, peak mem usage: 10.56 Mb
[1752874411] -- 18/07/2025 17:33:31 * Finished (main,compress)
						This took about 0 seconds, peak mem usage: 10.58 Mb
[1752874411] -- 18/07/2025 17:33:31 * Finished (main,compress)
						This took about 0 seconds, peak mem usage: 10.86 Mb
[1752874412] -- 18/07/2025 17:33:32 * Finished (main,compress)
						This took about 0 seconds, peak mem usage: 10.86 Mb
[1752874412] -- 18/07/2025 17:33:32 * Finished (main,compress)
						This took about 0 seconds, peak mem usage: 10.86 Mb
[1752874413] -- 18/07/2025 17:33:33 * Finished (main,compress)
						This took about 0 seconds, peak mem usage: 10.86 Mb
[1752874414] -- 18/07/2025 17:33:34 * Finished (main,compress)
						This took about 0 seconds, peak mem usage: 10.86 Mb
[1752874415] -- 18/07/2025 17:33:35 * Finished (main,compress)
						This took about 0 seconds, peak mem usage: 10.86 Mb
[1752874416] -- 18/07/2025 17:33:36 * Finished (main,compress)
						This took about 0 seconds, peak mem usage: 10.86 Mb
[1752874416] -- 18/07/2025 17:33:36 * Finished (main,compress)
						This took about 0 seconds, peak mem usage: 10.86 Mb
[1752874417] -- 18/07/2025 17:33:37 * Finished (main,compress)
						This took about 0 seconds, peak mem usage: 10.73 Mb
[1752874418] -- 18/07/2025 17:33:38 * Finished (main,compress)
						This took about 0 seconds, peak mem usage: 10.73 Mb
[1752874419] -- 18/07/2025 17:33:39 * Finished (main,compress)
						This took about 0 seconds, peak mem usage: 10.73 Mb
[1752874421] -- 18/07/2025 17:33:41 * Finished (main,compress)
						This took about 0 seconds, peak mem usage: 10.73 Mb
[1752874422] -- 18/07/2025 17:33:42 * Finished (main,compress)
						This took about 0 seconds, peak mem usage: 10.73 Mb
[1752874423] -- 18/07/2025 17:33:43 * Finished (main,compress)
						This took about 0 seconds, peak mem usage: 10.73 Mb
[1752874424] -- 18/07/2025 17:33:44 * Finished (main,compress)
						This took about 0 seconds, peak mem usage: 10.73 Mb
[1752874425] -- 18/07/2025 17:33:45 * Finished (main,compress)
						This took about 0 seconds, peak mem usage: 10.73 Mb
[1752874427] -- 18/07/2025 17:33:47 * Finished (main,compress)
						This took about 0 seconds, peak mem usage: 10.73 Mb
[1752874428] -- 18/07/2025 17:33:48 * Finished (main,compress)
						This took about 0 seconds, peak mem usage: 10.73 Mb
[1752874430] -- 18/07/2025 17:33:50 * Finished (main,compress)
						This took about 0 seconds, peak mem usage: 10.73 Mb
[1752874431] -- 18/07/2025 17:33:51 * Finished (main,compress)
						This took about 0 seconds, peak mem usage: 10.73 Mb
[1752874433] -- 18/07/2025 17:33:53 * Finished (main,compress)
						This took about 0 seconds, peak mem usage: 10.73 Mb
[1752874434] -- 18/07/2025 17:33:54 * Finished (main,compress)
						This took about 0 seconds, peak mem usage: 10.73 Mb
[1752874436] -- 18/07/2025 17:33:56 * Finished (main,compress)
						This took about 0 seconds, peak mem usage: 10.73 Mb
[1752874438] -- 18/07/2025 17:33:58 * Finished (main,compress)
						This took about 0 seconds, peak mem usage: 12.29 Mb
[1752874438] -- 18/07/2025 17:33:58 * Finished (main,compress)
						This took about 0 seconds, peak mem usage: 12.29 Mb
[1752874439] -- 18/07/2025 17:33:59 * Finished (main,compress)
						This took about 0 seconds, peak mem usage: 12.29 Mb
[1752874440] -- 18/07/2025 17:34:00 * Finished (main,compress)
						This took about 0 seconds, peak mem usage: 12.29 Mb
[1752874440] -- 18/07/2025 17:34:00 * Finished (main,compress)
						This took about 0 seconds, peak mem usage: 12.41 Mb
[1752874442] -- 18/07/2025 17:34:02 * Finished (main,compress)
						This took about 0 seconds, peak mem usage: 33.66 Mb
[1752874443] -- 18/07/2025 17:34:03 * Finished (main,compress)
						This took about 0 seconds, peak mem usage: 33.66 Mb
[1752874444] -- 18/07/2025 17:34:04 * Finished (main,compress)
						This took about 0 seconds, peak mem usage: 33.66 Mb
[1752874445] -- 18/07/2025 17:34:05 * Finished (main,compress)
						This took about 0 seconds, peak mem usage: 33.66 Mb
[1752874446] -- 18/07/2025 17:34:06 * Finished (main,compress)
						This took about 0 seconds, peak mem usage: 33.66 Mb
[1752874447] -- 18/07/2025 17:34:07 * Finished (main,compress)
						This took about 0 seconds, peak mem usage: 33.66 Mb
[1752874448] -- 18/07/2025 17:34:08 * Finished (main,compress)
						This took about 0 seconds, peak mem usage: 33.66 Mb
[1752874449] -- 18/07/2025 17:34:09 * Finished (main,compress)
						This took about 0 seconds, peak mem usage: 33.66 Mb
[1752874450] -- 18/07/2025 17:34:10 * Finished (main,compress)
						This took about 0 seconds, peak mem usage: 33.66 Mb
[1752874450] -- 18/07/2025 17:34:11 * Finished (main,compress)
						This took about 1 seconds, peak mem usage: 33.66 Mb
[1752874451] -- 18/07/2025 17:34:12 * Finished (main,compress)
						This took about 1 seconds, peak mem usage: 33.66 Mb
[1752874452] -- 18/07/2025 17:34:12 * Finished (main,compress)
						This took about 0 seconds, peak mem usage: 33.66 Mb
[1752874453] -- 18/07/2025 17:34:13 * Finished (main,compress)
						This took about 0 seconds, peak mem usage: 33.66 Mb
[1752874454] -- 18/07/2025 17:34:14 * Finished (main,compress)
						This took about 0 seconds, peak mem usage: 33.66 Mb
[1752874455] -- 18/07/2025 17:34:15 * Finished (main,compress)
						This took about 0 seconds, peak mem usage: 33.66 Mb
[1752874456] -- 18/07/2025 17:34:16 * Finished (main,compress)
						This took about 0 seconds, peak mem usage: 33.66 Mb
[1752874457] -- 18/07/2025 17:34:17 * Finished (main,compress)
						This took about 0 seconds, peak mem usage: 33.66 Mb
[1752874458] -- 18/07/2025 17:34:18 * Finished (main,compress)
						This took about 0 seconds, peak mem usage: 33.66 Mb
[1752874459] -- 18/07/2025 17:34:19 * Finished (main,compress)
						This took about 0 seconds, peak mem usage: 33.66 Mb
[1752874460] -- 18/07/2025 17:34:20 * Finished (main,compress)
						This took about 0 seconds, peak mem usage: 33.66 Mb
[1752874461] -- 18/07/2025 17:34:21 * Finished (main,compress)
						This took about 0 seconds, peak mem usage: 33.66 Mb
[1752874462] -- 18/07/2025 17:34:22 * Finished (main,compress)
						This took about 0 seconds, peak mem usage: 33.66 Mb
[1752874463] -- 18/07/2025 17:34:23 * Finished (main,compress)
						This took about 0 seconds, peak mem usage: 33.66 Mb
[1752874464] -- 18/07/2025 17:34:24 * Finished (main,compress)
						This took about 0 seconds, peak mem usage: 33.66 Mb
[1752874465] -- 18/07/2025 17:34:25 * Finished (main,compress)
						This took about 0 seconds, peak mem usage: 33.66 Mb
[1752874466] -- 18/07/2025 17:34:26 * Finished (main,compress)
						This took about 0 seconds, peak mem usage: 11.85 Mb
[1752874467] -- 18/07/2025 17:34:27 * Finished (main,compress)
						This took about 0 seconds, peak mem usage: 13.38 Mb
[1752874468] -- 18/07/2025 17:34:28 * Finished (main,compress)
						This took about 0 seconds, peak mem usage: 13.38 Mb
[1752874469] -- 18/07/2025 17:34:29 * Finished (main,compress)
						This took about 0 seconds, peak mem usage: 14.15 Mb
[1752874470] -- 18/07/2025 17:34:31 * Finished (main,compress)
						This took about 1 seconds, peak mem usage: 14.15 Mb
[1752874472] -- 18/07/2025 17:34:35 * Finished (main,compress)
						This took about 3 seconds, peak mem usage: 14.15 Mb
[1752874475] -- 18/07/2025 17:34:38 * Finished (main,compress)
						This took about 3 seconds, peak mem usage: 14.15 Mb
[1752874478] -- 18/07/2025 17:34:42 * Finished (main,compress)
						This took about 4 seconds, peak mem usage: 14.15 Mb
[1752874483] -- 18/07/2025 17:34:47 * Finished (main,compress)
						This took about 4 seconds, peak mem usage: 14.15 Mb
[1752874488] -- 18/07/2025 17:34:52 * Finished (main,compress)
						This took about 4 seconds, peak mem usage: 14.15 Mb
[1752874493] -- 18/07/2025 17:34:58 * Finished (main,compress)
						This took about 5 seconds, peak mem usage: 14.15 Mb
[1752874499] -- 18/07/2025 17:35:05 * Finished (main,compress)
						This took about 6 seconds, peak mem usage: 14.15 Mb
[1752874507] -- 18/07/2025 17:35:15 * Finished (main,compress)
						This took about 8 seconds, peak mem usage: 14.15 Mb
[1752874516] -- 18/07/2025 17:35:24 * Finished (main,compress)
						This took about 8 seconds, peak mem usage: 14.15 Mb
[1752874526] -- 18/07/2025 17:35:36 * Finished (main,compress)
						This took about 10 seconds, peak mem usage: 14.15 Mb
[1752874538] -- 18/07/2025 17:35:51 * Finished (main,compress)
						This took about 13 seconds, peak mem usage: 14.15 Mb
[1752874552] -- 18/07/2025 17:36:04 * Finished (main,compress)
						This took about 12 seconds, peak mem usage: 14.15 Mb
[1752874565] -- 18/07/2025 17:36:17 * Finished (main,compress)
						This took about 12 seconds, peak mem usage: 14.15 Mb
[1752874579] -- 18/07/2025 17:36:34 * Finished (main,compress)
						This took about 15 seconds, peak mem usage: 14.15 Mb
[1752874595] -- 18/07/2025 17:36:49 * Finished (main,compress)
						This took about 14 seconds, peak mem usage: 14.15 Mb
[1752874611] -- 18/07/2025 17:37:05 * Finished (main,compress)
						This took about 14 seconds, peak mem usage: 14.28 Mb
[1752874627] -- 18/07/2025 17:37:20 * Finished (main,compress)
						This took about 13 seconds, peak mem usage: 14.28 Mb
[1752874642] -- 18/07/2025 17:37:37 * Finished (main,compress)
						This took about 15 seconds, peak mem usage: 14.28 Mb
[1752874658] -- 18/07/2025 17:37:54 * Finished (main,compress)
						This took about 16 seconds, peak mem usage: 14.28 Mb
[1752874676] -- 18/07/2025 17:38:13 * Finished (main,compress)
						This took about 17 seconds, peak mem usage: 14.28 Mb
[1752874695] -- 18/07/2025 17:38:15 * Finished (main,compress)
						This took about 0 seconds, peak mem usage: 11.33 Mb
[1752874696] -- 18/07/2025 17:38:16 * Finished (main,compress)
						This took about 0 seconds, peak mem usage: 11.33 Mb
[1752874696] -- 18/07/2025 17:38:16 * Finished (main,compress)
						This took about 0 seconds, peak mem usage: 11.33 Mb
[1752874696] -- 18/07/2025 17:38:16 * Finished (main,compress)
						This took about 0 seconds, peak mem usage: 11.33 Mb
[1752874697] -- 18/07/2025 17:38:17 * Finished (main,compress)
						This took about 0 seconds, peak mem usage: 11.33 Mb
[1752874697] -- 18/07/2025 17:38:17 * Finished (main,compress)
						This took about 0 seconds, peak mem usage: 11.52 Mb
[1752874698] -- 18/07/2025 17:38:18 * Finished (main,compress)
						This took about 0 seconds, peak mem usage: 11.52 Mb
[1752874699] -- 18/07/2025 17:38:19 * Finished (main,compress)
						This took about 0 seconds, peak mem usage: 11.52 Mb
[1752874700] -- 18/07/2025 17:38:20 * Finished (main,compress)
						This took about 0 seconds, peak mem usage: 11.52 Mb
[1752874700] -- 18/07/2025 17:38:20 * Finished (main,compress)
						This took about 0 seconds, peak mem usage: 11.52 Mb
[1752874701] -- 18/07/2025 17:38:21 * Finished (main,compress)
						This took about 0 seconds, peak mem usage: 11.52 Mb
[1752874702] -- 18/07/2025 17:38:22 * Finished (main,compress)
						This took about 0 seconds, peak mem usage: 11.89 Mb
[1752874703] -- 18/07/2025 17:38:23 * Finished (main,compress)
						This took about 0 seconds, peak mem usage: 11.89 Mb
[1752874704] -- 18/07/2025 17:38:24 * Finished (main,compress)
						This took about 0 seconds, peak mem usage: 11.89 Mb
[1752874705] -- 18/07/2025 17:38:25 * Finished (main,compress)
						This took about 0 seconds, peak mem usage: 11.89 Mb
[1752874706] -- 18/07/2025 17:38:26 * Finished (main,compress)
						This took about 0 seconds, peak mem usage: 11.89 Mb
[1752874707] -- 18/07/2025 17:38:27 * Finished (main,compress)
						This took about 0 seconds, peak mem usage: 11.89 Mb
[1752874709] -- 18/07/2025 17:38:29 * Finished (main,compress)
						This took about 0 seconds, peak mem usage: 11.89 Mb
[1752874710] -- 18/07/2025 17:38:30 * Finished (main,compress)
						This took about 0 seconds, peak mem usage: 11.89 Mb
[1752874711] -- 18/07/2025 17:38:31 * Finished (main,compress)
						This took about 0 seconds, peak mem usage: 11.89 Mb
[1752874712] -- 18/07/2025 17:38:33 * Finished (main,compress)
						This took about 1 seconds, peak mem usage: 11.89 Mb
[1752874714] -- 18/07/2025 17:38:34 * Finished (main,compress)
						This took about 0 seconds, peak mem usage: 11.89 Mb
[1752874715] -- 18/07/2025 17:38:35 * Finished (main,compress)
						This took about 0 seconds, peak mem usage: 11.89 Mb
[1752874717] -- 18/07/2025 17:38:37 * Finished (main,compress)
						This took about 0 seconds, peak mem usage: 11.89 Mb
[1752874719] -- 18/07/2025 17:38:39 * Finished (main,compress)
						This took about 0 seconds, peak mem usage: 11.89 Mb
[1752874724] -- 18/07/2025 17:38:45 * Finished (main,compress)
						This took about 1 seconds, peak mem usage: 344.93 Mb
[1752874730] -- 18/07/2025 17:38:52 * Finished (main,compress)
						This took about 2 seconds, peak mem usage: 467.41 Mb
[1752874740] -- 18/07/2025 17:39:02 * Finished (main,compress)
						This took about 2 seconds, peak mem usage: 467.41 Mb
[1752874753] -- 18/07/2025 17:39:16 * Finished (main,compress)
						This took about 3 seconds, peak mem usage: 467.41 Mb
[1752874769] -- 18/07/2025 17:39:33 * Finished (main,compress)
						This took about 4 seconds, peak mem usage: 467.41 Mb
[1752874788] -- 18/07/2025 17:39:52 * Finished (main,compress)
						This took about 4 seconds, peak mem usage: 467.41 Mb
[1752874810] -- 18/07/2025 17:40:14 * Finished (main,compress)
						This took about 4 seconds, peak mem usage: 467.41 Mb
[1752874835] -- 18/07/2025 17:40:40 * Finished (main,compress)
						This took about 5 seconds, peak mem usage: 467.41 Mb
[1752874861] -- 18/07/2025 17:41:06 * Finished (main,compress)
						This took about 5 seconds, peak mem usage: 467.41 Mb
[1752874890] -- 18/07/2025 17:41:36 * Finished (main,compress)
						This took about 6 seconds, peak mem usage: 467.41 Mb
[1752874923] -- 18/07/2025 17:42:08 * Finished (main,compress)
						This took about 5 seconds, peak mem usage: 467.41 Mb
[1752874956] -- 18/07/2025 17:42:42 * Finished (main,compress)
						This took about 6 seconds, peak mem usage: 467.41 Mb
[1752874991] -- 18/07/2025 17:43:17 * Finished (main,compress)
						This took about 6 seconds, peak mem usage: 467.41 Mb
[1752875027] -- 18/07/2025 17:43:52 * Finished (main,compress)
						This took about 5 seconds, peak mem usage: 489.02 Mb
[1752875064] -- 18/07/2025 17:44:30 * Finished (main,compress)
						This took about 6 seconds, peak mem usage: 489.02 Mb
[1752875105] -- 18/07/2025 17:45:11 * Finished (main,compress)
						This took about 6 seconds, peak mem usage: 489.02 Mb
[1752875147] -- 18/07/2025 17:45:55 * Finished (main,compress)
						This took about 8 seconds, peak mem usage: 489.02 Mb
[1752875193] -- 18/07/2025 17:46:41 * Finished (main,compress)
						This took about 8 seconds, peak mem usage: 489.02 Mb
[1752875242] -- 18/07/2025 17:47:29 * Finished (main,compress)
						This took about 7 seconds, peak mem usage: 489.02 Mb
[1752875291] -- 18/07/2025 17:48:19 * Finished (main,compress)
						This took about 8 seconds, peak mem usage: 489.02 Mb
[1752875342] -- 18/07/2025 17:49:10 * Finished (main,compress)
						This took about 8 seconds, peak mem usage: 489.02 Mb
[1752875395] -- 18/07/2025 17:50:03 * Finished (main,compress)
						This took about 8 seconds, peak mem usage: 489.02 Mb
[1752875451] -- 18/07/2025 17:51:00 * Finished (main,compress)
						This took about 9 seconds, peak mem usage: 489.02 Mb
[1752875511] -- 18/07/2025 17:52:01 * Finished (main,compress)
						This took about 10 seconds, peak mem usage: 489.02 Mb
[1752875573] -- 18/07/2025 17:53:03 * Finished (main,compress)
						This took about 10 seconds, peak mem usage: 489.02 Mb
[1752875615] -- 18/07/2025 17:53:36 * Finished (main,compress)
						This took about 1 seconds, peak mem usage: 133.81 Mb
[1752875620] -- 18/07/2025 17:53:42 * Finished (main,compress)
						This took about 2 seconds, peak mem usage: 158.95 Mb
[1752875626] -- 18/07/2025 17:53:49 * Finished (main,compress)
						This took about 3 seconds, peak mem usage: 163.96 Mb
[1752875636] -- 18/07/2025 17:54:00 * Finished (main,compress)
						This took about 4 seconds, peak mem usage: 163.96 Mb
[1752875649] -- 18/07/2025 17:54:13 * Finished (main,compress)
						This took about 4 seconds, peak mem usage: 163.96 Mb
[1752875663] -- 18/07/2025 17:54:28 * Finished (main,compress)
						This took about 5 seconds, peak mem usage: 163.96 Mb
[1752875679] -- 18/07/2025 17:54:44 * Finished (main,compress)
						This took about 5 seconds, peak mem usage: 163.96 Mb
[1752875697] -- 18/07/2025 17:55:02 * Finished (main,compress)
						This took about 5 seconds, peak mem usage: 163.96 Mb
[1752875717] -- 18/07/2025 17:55:22 * Finished (main,compress)
						This took about 5 seconds, peak mem usage: 203.98 Mb
[1752875737] -- 18/07/2025 17:55:42 * Finished (main,compress)
						This took about 5 seconds, peak mem usage: 203.98 Mb
[1752875759] -- 18/07/2025 17:56:04 * Finished (main,compress)
						This took about 5 seconds, peak mem usage: 203.98 Mb
[1752875782] -- 18/07/2025 17:56:27 * Finished (main,compress)
						This took about 5 seconds, peak mem usage: 208.99 Mb
[1752875806] -- 18/07/2025 17:56:51 * Finished (main,compress)
						This took about 5 seconds, peak mem usage: 203.98 Mb
[1752875833] -- 18/07/2025 17:57:18 * Finished (main,compress)
						This took about 5 seconds, peak mem usage: 203.98 Mb
[1752875862] -- 18/07/2025 17:57:47 * Finished (main,compress)
						This took about 5 seconds, peak mem usage: 203.98 Mb
[1752875891] -- 18/07/2025 17:58:16 * Finished (main,compress)
						This took about 5 seconds, peak mem usage: 203.98 Mb
[1752875923] -- 18/07/2025 17:58:48 * Finished (main,compress)
						This took about 5 seconds, peak mem usage: 208.99 Mb
[1752875956] -- 18/07/2025 17:59:21 * Finished (main,compress)
						This took about 5 seconds, peak mem usage: 233.88 Mb
[1752875990] -- 18/07/2025 17:59:55 * Finished (main,compress)
						This took about 5 seconds, peak mem usage: 233.88 Mb
[1752876026] -- 18/07/2025 18:00:32 * Finished (main,compress)
						This took about 6 seconds, peak mem usage: 233.88 Mb
[1752876066] -- 18/07/2025 18:01:12 * Finished (main,compress)
						This took about 6 seconds, peak mem usage: 233.88 Mb
[1752876107] -- 18/07/2025 18:01:54 * Finished (main,compress)
						This took about 7 seconds, peak mem usage: 233.88 Mb
[1752876151] -- 18/07/2025 18:02:38 * Finished (main,compress)
						This took about 7 seconds, peak mem usage: 233.88 Mb
[1752876198] -- 18/07/2025 18:03:25 * Finished (main,compress)
						This took about 7 seconds, peak mem usage: 233.88 Mb
[1752876246] -- 18/07/2025 18:04:13 * Finished (main,compress)
						This took about 7 seconds, peak mem usage: 233.88 Mb
[1752876294] -- 18/07/2025 18:04:55 * Finished (main,compress)
						This took about 1 seconds, peak mem usage: 217.62 Mb
[1752876303] -- 18/07/2025 18:05:05 * Finished (main,compress)
						This took about 2 seconds, peak mem usage: 217.62 Mb
[1752876314] -- 18/07/2025 18:05:18 * Finished (main,compress)
						This took about 4 seconds, peak mem usage: 217.62 Mb
[1752876329] -- 18/07/2025 18:05:34 * Finished (main,compress)
						This took about 5 seconds, peak mem usage: 229.48 Mb
[1752876347] -- 18/07/2025 18:05:51 * Finished (main,compress)
						This took about 4 seconds, peak mem usage: 229.48 Mb
[1752876367] -- 18/07/2025 18:06:12 * Finished (main,compress)
						This took about 5 seconds, peak mem usage: 229.48 Mb
[1752876390] -- 18/07/2025 18:06:36 * Finished (main,compress)
						This took about 6 seconds, peak mem usage: 229.48 Mb
[1752876415] -- 18/07/2025 18:07:02 * Finished (main,compress)
						This took about 7 seconds, peak mem usage: 229.48 Mb
[1752876443] -- 18/07/2025 18:07:30 * Finished (main,compress)
						This took about 7 seconds, peak mem usage: 229.48 Mb
[1752876472] -- 18/07/2025 18:08:00 * Finished (main,compress)
						This took about 8 seconds, peak mem usage: 229.48 Mb
[1752876504] -- 18/07/2025 18:08:34 * Finished (main,compress)
						This took about 10 seconds, peak mem usage: 229.48 Mb
[1752876539] -- 18/07/2025 18:09:08 * Finished (main,compress)
						This took about 9 seconds, peak mem usage: 229.48 Mb
[1752876576] -- 18/07/2025 18:09:46 * Finished (main,compress)
						This took about 10 seconds, peak mem usage: 229.48 Mb
[1752876613] -- 18/07/2025 18:10:24 * Finished (main,compress)
						This took about 11 seconds, peak mem usage: 229.48 Mb
[1752876653] -- 18/07/2025 18:11:05 * Finished (main,compress)
						This took about 12 seconds, peak mem usage: 229.48 Mb
[1752876696] -- 18/07/2025 18:11:48 * Finished (main,compress)
						This took about 12 seconds, peak mem usage: 229.48 Mb
[1752876742] -- 18/07/2025 18:12:36 * Finished (main,compress)
						This took about 14 seconds, peak mem usage: 229.48 Mb
[1752876791] -- 18/07/2025 18:13:24 * Finished (main,compress)
						This took about 13 seconds, peak mem usage: 229.48 Mb
[1752876839] -- 18/07/2025 18:14:13 * Finished (main,compress)
						This took about 14 seconds, peak mem usage: 229.48 Mb
[1752876892] -- 18/07/2025 18:15:06 * Finished (main,compress)
						This took about 14 seconds, peak mem usage: 229.48 Mb
[1752876946] -- 18/07/2025 18:16:00 * Finished (main,compress)
						This took about 14 seconds, peak mem usage: 229.48 Mb
[1752877000] -- 18/07/2025 18:16:55 * Finished (main,compress)
						This took about 15 seconds, peak mem usage: 229.48 Mb
[1752877057] -- 18/07/2025 18:17:53 * Finished (main,compress)
						This took about 16 seconds, peak mem usage: 229.48 Mb
[1752877116] -- 18/07/2025 18:18:52 * Finished (main,compress)
						This took about 16 seconds, peak mem usage: 229.48 Mb
[1752877178] -- 18/07/2025 18:19:55 * Finished (main,compress)
						This took about 17 seconds, peak mem usage: 229.48 Mb
[1752877229] -- 18/07/2025 18:20:29 * Finished (main,compress)
						This took about 0 seconds, peak mem usage: 53.88 Mb
[1752877232] -- 18/07/2025 18:20:33 * Finished (main,compress)
						This took about 1 seconds, peak mem usage: 57.97 Mb
[1752877238] -- 18/07/2025 18:20:39 * Finished (main,compress)
						This took about 1 seconds, peak mem usage: 66.16 Mb
[1752877246] -- 18/07/2025 18:20:47 * Finished (main,compress)
						This took about 1 seconds, peak mem usage: 66.16 Mb
[1752877256] -- 18/07/2025 18:20:57 * Finished (main,compress)
						This took about 1 seconds, peak mem usage: 66.16 Mb
[1752877269] -- 18/07/2025 18:21:09 * Finished (main,compress)
						This took about 0 seconds, peak mem usage: 66.16 Mb
[1752877284] -- 18/07/2025 18:21:24 * Finished (main,compress)
						This took about 0 seconds, peak mem usage: 66.16 Mb
[1752877300] -- 18/07/2025 18:21:41 * Finished (main,compress)
						This took about 1 seconds, peak mem usage: 66.16 Mb
[1752877319] -- 18/07/2025 18:21:59 * Finished (main,compress)
						This took about 0 seconds, peak mem usage: 66.16 Mb
[1752877340] -- 18/07/2025 18:22:20 * Finished (main,compress)
						This took about 0 seconds, peak mem usage: 66.16 Mb
[1752877362] -- 18/07/2025 18:22:43 * Finished (main,compress)
						This took about 1 seconds, peak mem usage: 66.16 Mb
[1752877386] -- 18/07/2025 18:23:07 * Finished (main,compress)
						This took about 1 seconds, peak mem usage: 66.16 Mb
[1752877412] -- 18/07/2025 18:23:33 * Finished (main,compress)
						This took about 1 seconds, peak mem usage: 66.16 Mb
[1752877440] -- 18/07/2025 18:24:01 * Finished (main,compress)
						This took about 1 seconds, peak mem usage: 66.16 Mb
[1752877470] -- 18/07/2025 18:24:31 * Finished (main,compress)
						This took about 1 seconds, peak mem usage: 66.16 Mb
[1752877502] -- 18/07/2025 18:25:02 * Finished (main,compress)
						This took about 0 seconds, peak mem usage: 66.16 Mb
[1752877535] -- 18/07/2025 18:25:36 * Finished (main,compress)
						This took about 1 seconds, peak mem usage: 66.16 Mb
[1752877570] -- 18/07/2025 18:26:11 * Finished (main,compress)
						This took about 1 seconds, peak mem usage: 66.16 Mb
[1752877608] -- 18/07/2025 18:26:49 * Finished (main,compress)
						This took about 1 seconds, peak mem usage: 66.16 Mb
[1752877648] -- 18/07/2025 18:27:29 * Finished (main,compress)
						This took about 1 seconds, peak mem usage: 66.16 Mb
[1752877689] -- 18/07/2025 18:28:10 * Finished (main,compress)
						This took about 1 seconds, peak mem usage: 66.16 Mb
[1752877733] -- 18/07/2025 18:28:53 * Finished (main,compress)
						This took about 0 seconds, peak mem usage: 66.16 Mb
[1752877778] -- 18/07/2025 18:29:39 * Finished (main,compress)
						This took about 1 seconds, peak mem usage: 66.16 Mb
[1752877826] -- 18/07/2025 18:30:27 * Finished (main,compress)
						This took about 1 seconds, peak mem usage: 66.16 Mb
[1752877876] -- 18/07/2025 18:31:17 * Finished (main,compress)
						This took about 1 seconds, peak mem usage: 66.16 Mb
[1752877926] -- 18/07/2025 18:32:07 * Finished (main,compress)
						This took about 1 seconds, peak mem usage: 235.45 Mb
[1752877930] -- 18/07/2025 18:32:12 * Finished (main,compress)
						This took about 2 seconds, peak mem usage: 334.39 Mb
[1752877937] -- 18/07/2025 18:32:19 * Finished (main,compress)
						This took about 2 seconds, peak mem usage: 334.39 Mb
[1752877945] -- 18/07/2025 18:32:27 * Finished (main,compress)
						This took about 2 seconds, peak mem usage: 334.39 Mb
[1752877954] -- 18/07/2025 18:32:37 * Finished (main,compress)
						This took about 3 seconds, peak mem usage: 334.39 Mb
[1752877965] -- 18/07/2025 18:32:47 * Finished (main,compress)
						This took about 2 seconds, peak mem usage: 334.39 Mb
[1752877976] -- 18/07/2025 18:32:59 * Finished (main,compress)
						This took about 3 seconds, peak mem usage: 387.90 Mb
[1752877989] -- 18/07/2025 18:33:12 * Finished (main,compress)
						This took about 3 seconds, peak mem usage: 387.90 Mb
[1752878004] -- 18/07/2025 18:33:27 * Finished (main,compress)
						This took about 3 seconds, peak mem usage: 387.90 Mb
[1752878020] -- 18/07/2025 18:33:44 * Finished (main,compress)
						This took about 4 seconds, peak mem usage: 387.90 Mb
[1752878038] -- 18/07/2025 18:34:02 * Finished (main,compress)
						This took about 4 seconds, peak mem usage: 387.90 Mb
[1752878058] -- 18/07/2025 18:34:22 * Finished (main,compress)
						This took about 4 seconds, peak mem usage: 387.90 Mb
[1752878079] -- 18/07/2025 18:34:43 * Finished (main,compress)
						This took about 4 seconds, peak mem usage: 387.90 Mb
[1752878102] -- 18/07/2025 18:35:06 * Finished (main,compress)
						This took about 4 seconds, peak mem usage: 387.90 Mb
[1752878126] -- 18/07/2025 18:35:30 * Finished (main,compress)
						This took about 4 seconds, peak mem usage: 387.90 Mb
[1752878151] -- 18/07/2025 18:35:56 * Finished (main,compress)
						This took about 5 seconds, peak mem usage: 471.97 Mb
[1752878178] -- 18/07/2025 18:36:23 * Finished (main,compress)
						This took about 5 seconds, peak mem usage: 471.97 Mb
[1752878206] -- 18/07/2025 18:36:51 * Finished (main,compress)
						This took about 5 seconds, peak mem usage: 471.97 Mb
[1752878237] -- 18/07/2025 18:37:22 * Finished (main,compress)
						This took about 5 seconds, peak mem usage: 471.97 Mb
[1752878269] -- 18/07/2025 18:37:55 * Finished (main,compress)
						This took about 6 seconds, peak mem usage: 471.97 Mb
[1752878304] -- 18/07/2025 18:38:30 * Finished (main,compress)
						This took about 6 seconds, peak mem usage: 471.97 Mb
[1752878340] -- 18/07/2025 18:39:07 * Finished (main,compress)
						This took about 7 seconds, peak mem usage: 471.97 Mb
[1752878379] -- 18/07/2025 18:39:46 * Finished (main,compress)
						This took about 7 seconds, peak mem usage: 471.97 Mb
[1752878420] -- 18/07/2025 18:40:27 * Finished (main,compress)
						This took about 7 seconds, peak mem usage: 471.97 Mb
[1752878462] -- 18/07/2025 18:41:09 * Finished (main,compress)
						This took about 7 seconds, peak mem usage: 471.97 Mb
[1752878514] -- 18/07/2025 18:42:18 * Finished (main,compress)
						This took about 24 seconds, peak mem usage: 1826.31 Mb
[1752878571] -- 18/07/2025 18:43:50 * Finished (main,compress)
						This took about 59 seconds, peak mem usage: 1826.31 Mb
[1752878679] -- 18/07/2025 18:46:29 * Finished (main,compress)
						This took about 110 seconds, peak mem usage: 1846.30 Mb
[1752878865] -- 18/07/2025 18:50:47 * Finished (main,compress)
						This took about 182 seconds, peak mem usage: 1783.84 Mb
[1752879136] -- 18/07/2025 18:56:28 * Finished (main,compress)
						This took about 252 seconds, peak mem usage: 1805.29 Mb
[1752879496] -- 18/07/2025 19:05:22 * Finished (main,compress)
						This took about 426 seconds, peak mem usage: 1805.29 Mb
[1752880047] -- 18/07/2025 19:15:48 * Finished (main,compress)
						This took about 501 seconds, peak mem usage: 1783.84 Mb
[1752880693] -- 18/07/2025 19:29:57 * Finished (main,compress)
						This took about 704 seconds, peak mem usage: 1805.29 Mb
[1752881560] -- 18/07/2025 19:45:38 * Finished (main,compress)
						This took about 778 seconds, peak mem usage: 1783.84 Mb
[1752882519] -- 18/07/2025 20:02:51 * Finished (main,compress)
						This took about 852 seconds, peak mem usage: 1846.30 Mb
[1752883558] -- 18/07/2025 20:20:37 * Finished (main,compress)
						This took about 879 seconds, peak mem usage: 1826.31 Mb
[1752884636] -- 18/07/2025 20:40:25 * Finished (main,compress)
						This took about 989 seconds, peak mem usage: 1805.29 Mb
[1752885832] -- 18/07/2025 21:00:49 * Finished (main,compress)
						This took about 1017 seconds, peak mem usage: 1826.31 Mb
[1752887066] -- 18/07/2025 21:23:52 * Finished (main,compress)
						This took about 1166 seconds, peak mem usage: 1846.30 Mb
[1752888454] -- 18/07/2025 21:49:19 * Finished (main,compress)
						This took about 1305 seconds, peak mem usage: 1866.27 Mb
[1752889988] -- 18/07/2025 22:14:35 * Finished (main,compress)
						This took about 1287 seconds, peak mem usage: 1805.29 Mb
[1752891517] -- 18/07/2025 22:41:53 * Finished (main,compress)
						This took about 1396 seconds, peak mem usage: 1826.31 Mb
[1752893162] -- 18/07/2025 23:13:08 * Finished (main,compress)
						This took about 1626 seconds, peak mem usage: 1805.29 Mb
[1752895055] -- 18/07/2025 23:45:58 * Finished (main,compress)
						This took about 1703 seconds, peak mem usage: 1805.29 Mb
[1752897040] -- 19/07/2025 00:21:47 * Finished (main,compress)
						This took about 1867 seconds, peak mem usage: 1805.29 Mb
[1752899201] -- 19/07/2025 01:01:08 * Finished (main,compress)
						This took about 2067 seconds, peak mem usage: 1846.30 Mb
[1752901567] -- 19/07/2025 01:41:51 * Finished (main,compress)
						This took about 2144 seconds, peak mem usage: 1805.70 Mb
[1752904024] -- 19/07/2025 02:25:16 * Finished (main,compress)
						This took about 2292 seconds, peak mem usage: 1826.31 Mb
[1752906631] -- 19/07/2025 03:07:53 * Finished (main,compress)
						This took about 2242 seconds, peak mem usage: 1805.68 Mb
[1752909199] -- 19/07/2025 03:52:55 * Finished (main,compress)
						This took about 2376 seconds, peak mem usage: 1887.74 Mb
[1752928018] -- 19/07/2025 08:26:58 * Finished (main,compress)
						This took about 0 seconds, peak mem usage: 8.30 Mb
[1752928019] -- 19/07/2025 08:26:59 * Finished (main,compress)
						This took about 0 seconds, peak mem usage: 8.30 Mb
[1752928019] -- 19/07/2025 08:26:59 * Finished (main,compress)
						This took about 0 seconds, peak mem usage: 8.30 Mb
[1752928020] -- 19/07/2025 08:27:00 * Finished (main,compress)
						This took about 0 seconds, peak mem usage: 8.30 Mb
[1752928020] -- 19/07/2025 08:27:00 * Finished (main,compress)
						This took about 0 seconds, peak mem usage: 8.30 Mb
[1752928020] -- 19/07/2025 08:27:00 * Finished (main,compress)
						This took about 0 seconds, peak mem usage: 8.30 Mb
[1752928020] -- 19/07/2025 08:27:00 * Finished (main,compress)
						This took about 0 seconds, peak mem usage: 8.30 Mb
[1752928021] -- 19/07/2025 08:27:01 * Finished (main,compress)
						This took about 0 seconds, peak mem usage: 8.30 Mb
[1752928021] -- 19/07/2025 08:27:01 * Finished (main,compress)
						This took about 0 seconds, peak mem usage: 8.30 Mb
[1752928021] -- 19/07/2025 08:27:01 * Finished (main,compress)
						This took about 0 seconds, peak mem usage: 8.30 Mb
[1752928021] -- 19/07/2025 08:27:01 * Finished (main,compress)
						This took about 0 seconds, peak mem usage: 8.30 Mb
[1752928022] -- 19/07/2025 08:27:02 * Finished (main,compress)
						This took about 0 seconds, peak mem usage: 8.30 Mb
[1752928022] -- 19/07/2025 08:27:02 * Finished (main,compress)
						This took about 0 seconds, peak mem usage: 8.30 Mb
[1752928022] -- 19/07/2025 08:27:02 * Finished (main,compress)
						This took about 0 seconds, peak mem usage: 8.30 Mb
[1752928023] -- 19/07/2025 08:27:03 * Finished (main,compress)
						This took about 0 seconds, peak mem usage: 8.30 Mb
[1752928023] -- 19/07/2025 08:27:03 * Finished (main,compress)
						This took about 0 seconds, peak mem usage: 8.30 Mb
[1752928023] -- 19/07/2025 08:27:03 * Finished (main,compress)
						This took about 0 seconds, peak mem usage: 8.30 Mb
[1752928024] -- 19/07/2025 08:27:04 * Finished (main,compress)
						This took about 0 seconds, peak mem usage: 8.30 Mb
[1752928024] -- 19/07/2025 08:27:04 * Finished (main,compress)
						This took about 0 seconds, peak mem usage: 8.30 Mb
[1752928025] -- 19/07/2025 08:27:05 * Finished (main,compress)
						This took about 0 seconds, peak mem usage: 8.30 Mb
[1752928025] -- 19/07/2025 08:27:05 * Finished (main,compress)
						This took about 0 seconds, peak mem usage: 8.30 Mb
[1752928025] -- 19/07/2025 08:27:05 * Finished (main,compress)
						This took about 0 seconds, peak mem usage: 8.30 Mb
[1752928026] -- 19/07/2025 08:27:06 * Finished (main,compress)
						This took about 0 seconds, peak mem usage: 8.30 Mb
[1752928026] -- 19/07/2025 08:27:06 * Finished (main,compress)
						This took about 0 seconds, peak mem usage: 8.30 Mb
[1752928026] -- 19/07/2025 08:27:06 * Finished (main,compress)
						This took about 0 seconds, peak mem usage: 8.30 Mb
[1752928028] -- 19/07/2025 08:27:08 * Finished (main,compress)
						This took about 0 seconds, peak mem usage: 11.02 Mb
[1752928028] -- 19/07/2025 08:27:09 * Finished (main,compress)
						This took about 1 seconds, peak mem usage: 11.02 Mb
[1752928029] -- 19/07/2025 08:27:09 * Finished (main,compress)
						This took about 0 seconds, peak mem usage: 11.02 Mb
[1752928030] -- 19/07/2025 08:27:10 * Finished (main,compress)
						This took about 0 seconds, peak mem usage: 11.02 Mb
[1752928030] -- 19/07/2025 08:27:10 * Finished (main,compress)
						This took about 0 seconds, peak mem usage: 11.02 Mb
[1752928031] -- 19/07/2025 08:27:11 * Finished (main,compress)
						This took about 0 seconds, peak mem usage: 10.87 Mb
[1752928032] -- 19/07/2025 08:27:12 * Finished (main,compress)
						This took about 0 seconds, peak mem usage: 11.02 Mb
[1752928033] -- 19/07/2025 08:27:13 * Finished (main,compress)
						This took about 0 seconds, peak mem usage: 11.01 Mb
[1752928034] -- 19/07/2025 08:27:15 * Finished (main,compress)
						This took about 1 seconds, peak mem usage: 10.87 Mb
[1752928036] -- 19/07/2025 08:27:16 * Finished (main,compress)
						This took about 0 seconds, peak mem usage: 11.01 Mb
[1752928037] -- 19/07/2025 08:27:17 * Finished (main,compress)
						This took about 0 seconds, peak mem usage: 10.88 Mb
[1752928038] -- 19/07/2025 08:27:18 * Finished (main,compress)
						This took about 0 seconds, peak mem usage: 10.87 Mb
[1752928039] -- 19/07/2025 08:27:19 * Finished (main,compress)
						This took about 0 seconds, peak mem usage: 10.88 Mb
[1752928041] -- 19/07/2025 08:27:21 * Finished (main,compress)
						This took about 0 seconds, peak mem usage: 10.87 Mb
[1752928042] -- 19/07/2025 08:27:22 * Finished (main,compress)
						This took about 0 seconds, peak mem usage: 10.88 Mb
[1752928044] -- 19/07/2025 08:27:24 * Finished (main,compress)
						This took about 0 seconds, peak mem usage: 11.02 Mb
[1752928045] -- 19/07/2025 08:27:25 * Finished (main,compress)
						This took about 0 seconds, peak mem usage: 10.87 Mb
[1752928047] -- 19/07/2025 08:27:27 * Finished (main,compress)
						This took about 0 seconds, peak mem usage: 11.02 Mb
[1752928048] -- 19/07/2025 08:27:28 * Finished (main,compress)
						This took about 0 seconds, peak mem usage: 11.03 Mb
[1752928050] -- 19/07/2025 08:27:30 * Finished (main,compress)
						This took about 0 seconds, peak mem usage: 10.88 Mb
[1752928052] -- 19/07/2025 08:27:32 * Finished (main,compress)
						This took about 0 seconds, peak mem usage: 10.88 Mb
[1752928053] -- 19/07/2025 08:27:33 * Finished (main,compress)
						This took about 0 seconds, peak mem usage: 10.88 Mb
[1752928055] -- 19/07/2025 08:27:35 * Finished (main,compress)
						This took about 0 seconds, peak mem usage: 10.88 Mb
[1752928057] -- 19/07/2025 08:27:37 * Finished (main,compress)
						This took about 0 seconds, peak mem usage: 10.87 Mb
[1752928059] -- 19/07/2025 08:27:39 * Finished (main,compress)
						This took about 0 seconds, peak mem usage: 11.02 Mb
[1752928061] -- 19/07/2025 08:27:41 * Finished (main,compress)
						This took about 0 seconds, peak mem usage: 12.78 Mb
[1752928062] -- 19/07/2025 08:27:42 * Finished (main,compress)
						This took about 0 seconds, peak mem usage: 12.91 Mb
[1752928063] -- 19/07/2025 08:27:44 * Finished (main,compress)
						This took about 1 seconds, peak mem usage: 33.66 Mb
[1752928065] -- 19/07/2025 08:27:45 * Finished (main,compress)
						This took about 0 seconds, peak mem usage: 38.13 Mb
[1752928068] -- 19/07/2025 08:27:48 * Finished (main,compress)
						This took about 0 seconds, peak mem usage: 38.13 Mb
[1752928072] -- 19/07/2025 08:27:52 * Finished (main,compress)
						This took about 0 seconds, peak mem usage: 38.13 Mb
[1752928078] -- 19/07/2025 08:27:58 * Finished (main,compress)
						This took about 0 seconds, peak mem usage: 38.13 Mb
[1752928085] -- 19/07/2025 08:28:05 * Finished (main,compress)
						This took about 0 seconds, peak mem usage: 38.13 Mb
[1752928093] -- 19/07/2025 08:28:13 * Finished (main,compress)
						This took about 0 seconds, peak mem usage: 38.13 Mb
[1752928102] -- 19/07/2025 08:28:22 * Finished (main,compress)
						This took about 0 seconds, peak mem usage: 38.13 Mb
[1752928113] -- 19/07/2025 08:28:33 * Finished (main,compress)
						This took about 0 seconds, peak mem usage: 38.13 Mb
[1752928125] -- 19/07/2025 08:28:45 * Finished (main,compress)
						This took about 0 seconds, peak mem usage: 38.13 Mb
[1752928137] -- 19/07/2025 08:28:57 * Finished (main,compress)
						This took about 0 seconds, peak mem usage: 38.13 Mb
[1752928150] -- 19/07/2025 08:29:10 * Finished (main,compress)
						This took about 0 seconds, peak mem usage: 38.13 Mb
[1752928163] -- 19/07/2025 08:29:24 * Finished (main,compress)
						This took about 1 seconds, peak mem usage: 38.13 Mb
[1752928177] -- 19/07/2025 08:29:38 * Finished (main,compress)
						This took about 1 seconds, peak mem usage: 38.13 Mb
[1752928192] -- 19/07/2025 08:29:52 * Finished (main,compress)
						This took about 0 seconds, peak mem usage: 38.13 Mb
[1752928206] -- 19/07/2025 08:30:06 * Finished (main,compress)
						This took about 0 seconds, peak mem usage: 38.13 Mb
[1752928221] -- 19/07/2025 08:30:21 * Finished (main,compress)
						This took about 0 seconds, peak mem usage: 38.13 Mb
[1752928237] -- 19/07/2025 08:30:37 * Finished (main,compress)
						This took about 0 seconds, peak mem usage: 38.13 Mb
[1752928253] -- 19/07/2025 08:30:53 * Finished (main,compress)
						This took about 0 seconds, peak mem usage: 38.13 Mb
[1752928270] -- 19/07/2025 08:31:10 * Finished (main,compress)
						This took about 0 seconds, peak mem usage: 38.13 Mb
[1752928288] -- 19/07/2025 08:31:28 * Finished (main,compress)
						This took about 0 seconds, peak mem usage: 38.13 Mb
[1752928306] -- 19/07/2025 08:31:47 * Finished (main,compress)
						This took about 1 seconds, peak mem usage: 38.13 Mb
[1752928326] -- 19/07/2025 08:32:07 * Finished (main,compress)
						This took about 1 seconds, peak mem usage: 38.13 Mb
[1752928347] -- 19/07/2025 08:32:27 * Finished (main,compress)
						This took about 0 seconds, peak mem usage: 38.13 Mb
[1752928367] -- 19/07/2025 08:32:48 * Finished (main,compress)
						This took about 1 seconds, peak mem usage: 38.13 Mb
[1752928388] -- 19/07/2025 08:33:09 * Finished (main,compress)
						This took about 1 seconds, peak mem usage: 18.37 Mb
[1752928389] -- 19/07/2025 08:33:11 * Finished (main,compress)
						This took about 2 seconds, peak mem usage: 24.50 Mb
[1752928391] -- 19/07/2025 08:33:13 * Finished (main,compress)
						This took about 2 seconds, peak mem usage: 24.50 Mb
[1752928394] -- 19/07/2025 08:33:17 * Finished (main,compress)
						This took about 3 seconds, peak mem usage: 24.50 Mb
[1752928397] -- 19/07/2025 08:33:21 * Finished (main,compress)
						This took about 4 seconds, peak mem usage: 24.50 Mb
[1752928402] -- 19/07/2025 08:33:27 * Finished (main,compress)
						This took about 5 seconds, peak mem usage: 24.50 Mb
[1752928408] -- 19/07/2025 08:33:33 * Finished (main,compress)
						This took about 5 seconds, peak mem usage: 24.50 Mb
[1752928414] -- 19/07/2025 08:33:40 * Finished (main,compress)
						This took about 6 seconds, peak mem usage: 24.50 Mb
[1752928421] -- 19/07/2025 08:33:50 * Finished (main,compress)
						This took about 9 seconds, peak mem usage: 24.50 Mb
[1752928431] -- 19/07/2025 08:34:04 * Finished (main,compress)
						This took about 13 seconds, peak mem usage: 24.63 Mb
[1752928446] -- 19/07/2025 08:34:20 * Finished (main,compress)
						This took about 14 seconds, peak mem usage: 24.63 Mb
[1752928462] -- 19/07/2025 08:34:39 * Finished (main,compress)
						This took about 17 seconds, peak mem usage: 24.63 Mb
[1752928481] -- 19/07/2025 08:34:59 * Finished (main,compress)
						This took about 18 seconds, peak mem usage: 24.63 Mb
[1752928501] -- 19/07/2025 08:35:23 * Finished (main,compress)
						This took about 22 seconds, peak mem usage: 24.63 Mb
[1752928525] -- 19/07/2025 08:35:47 * Finished (main,compress)
						This took about 22 seconds, peak mem usage: 24.63 Mb
[1752928549] -- 19/07/2025 08:36:14 * Finished (main,compress)
						This took about 25 seconds, peak mem usage: 24.63 Mb
[1752928576] -- 19/07/2025 08:36:44 * Finished (main,compress)
						This took about 28 seconds, peak mem usage: 24.63 Mb
[1752928606] -- 19/07/2025 08:37:16 * Finished (main,compress)
						This took about 30 seconds, peak mem usage: 24.63 Mb
[1752928638] -- 19/07/2025 08:37:46 * Finished (main,compress)
						This took about 28 seconds, peak mem usage: 24.63 Mb
[1752928668] -- 19/07/2025 08:38:18 * Finished (main,compress)
						This took about 30 seconds, peak mem usage: 24.63 Mb
[1752928701] -- 19/07/2025 08:38:53 * Finished (main,compress)
						This took about 32 seconds, peak mem usage: 24.63 Mb
[1752928735] -- 19/07/2025 08:39:31 * Finished (main,compress)
						This took about 36 seconds, peak mem usage: 24.63 Mb
[1752928774] -- 19/07/2025 08:40:09 * Finished (main,compress)
						This took about 35 seconds, peak mem usage: 24.63 Mb
[1752928812] -- 19/07/2025 08:40:53 * Finished (main,compress)
						This took about 41 seconds, peak mem usage: 24.63 Mb
[1752928855] -- 19/07/2025 08:41:40 * Finished (main,compress)
						This took about 45 seconds, peak mem usage: 24.63 Mb
[1752928902] -- 19/07/2025 08:41:42 * Finished (main,compress)
						This took about 0 seconds, peak mem usage: 12.45 Mb
[1752928902] -- 19/07/2025 08:41:42 * Finished (main,compress)
						This took about 0 seconds, peak mem usage: 12.45 Mb
[1752928903] -- 19/07/2025 08:41:43 * Finished (main,compress)
						This took about 0 seconds, peak mem usage: 12.45 Mb
[1752928904] -- 19/07/2025 08:41:44 * Finished (main,compress)
						This took about 0 seconds, peak mem usage: 12.45 Mb
[1752928905] -- 19/07/2025 08:41:45 * Finished (main,compress)
						This took about 0 seconds, peak mem usage: 12.45 Mb
[1752928906] -- 19/07/2025 08:41:46 * Finished (main,compress)
						This took about 0 seconds, peak mem usage: 12.45 Mb
[1752928907] -- 19/07/2025 08:41:47 * Finished (main,compress)
						This took about 0 seconds, peak mem usage: 12.45 Mb
[1752928908] -- 19/07/2025 08:41:48 * Finished (main,compress)
						This took about 0 seconds, peak mem usage: 12.45 Mb
[1752928909] -- 19/07/2025 08:41:49 * Finished (main,compress)
						This took about 0 seconds, peak mem usage: 12.45 Mb
[1752928911] -- 19/07/2025 08:41:51 * Finished (main,compress)
						This took about 0 seconds, peak mem usage: 12.45 Mb
[1752928912] -- 19/07/2025 08:41:52 * Finished (main,compress)
						This took about 0 seconds, peak mem usage: 12.45 Mb
[1752928914] -- 19/07/2025 08:41:54 * Finished (main,compress)
						This took about 0 seconds, peak mem usage: 12.45 Mb
[1752928916] -- 19/07/2025 08:41:56 * Finished (main,compress)
						This took about 0 seconds, peak mem usage: 12.45 Mb
[1752928918] -- 19/07/2025 08:41:58 * Finished (main,compress)
						This took about 0 seconds, peak mem usage: 12.45 Mb
[1752928920] -- 19/07/2025 08:42:00 * Finished (main,compress)
						This took about 0 seconds, peak mem usage: 12.82 Mb
[1752928922] -- 19/07/2025 08:42:02 * Finished (main,compress)
						This took about 0 seconds, peak mem usage: 12.82 Mb
[1752928925] -- 19/07/2025 08:42:05 * Finished (main,compress)
						This took about 0 seconds, peak mem usage: 12.82 Mb
[1752928927] -- 19/07/2025 08:42:07 * Finished (main,compress)
						This took about 0 seconds, peak mem usage: 12.82 Mb
[1752928930] -- 19/07/2025 08:42:10 * Finished (main,compress)
						This took about 0 seconds, peak mem usage: 12.82 Mb
[1752928933] -- 19/07/2025 08:42:13 * Finished (main,compress)
						This took about 0 seconds, peak mem usage: 12.82 Mb
[1752928936] -- 19/07/2025 08:42:16 * Finished (main,compress)
						This took about 0 seconds, peak mem usage: 12.82 Mb
[1752928939] -- 19/07/2025 08:42:19 * Finished (main,compress)
						This took about 0 seconds, peak mem usage: 12.82 Mb
[1752928942] -- 19/07/2025 08:42:22 * Finished (main,compress)
						This took about 0 seconds, peak mem usage: 12.82 Mb
[1752928945] -- 19/07/2025 08:42:25 * Finished (main,compress)
						This took about 0 seconds, peak mem usage: 12.82 Mb
[1752928949] -- 19/07/2025 08:42:29 * Finished (main,compress)
						This took about 0 seconds, peak mem usage: 12.82 Mb
[1752928957] -- 19/07/2025 08:42:39 * Finished (main,compress)
						This took about 2 seconds, peak mem usage: 496.23 Mb
[1752928967] -- 19/07/2025 08:42:50 * Finished (main,compress)
						This took about 3 seconds, peak mem usage: 510.64 Mb
[1752928984] -- 19/07/2025 08:43:08 * Finished (main,compress)
						This took about 4 seconds, peak mem usage: 517.85 Mb
[1752929007] -- 19/07/2025 08:43:32 * Finished (main,compress)
						This took about 5 seconds, peak mem usage: 510.64 Mb
[1752929035] -- 19/07/2025 08:44:02 * Finished (main,compress)
						This took about 7 seconds, peak mem usage: 532.26 Mb
[1752929068] -- 19/07/2025 08:44:35 * Finished (main,compress)
						This took about 7 seconds, peak mem usage: 532.26 Mb
[1752929104] -- 19/07/2025 08:45:12 * Finished (main,compress)
						This took about 8 seconds, peak mem usage: 532.26 Mb
[1752929143] -- 19/07/2025 08:45:52 * Finished (main,compress)
						This took about 9 seconds, peak mem usage: 532.26 Mb
[1752929185] -- 19/07/2025 08:46:33 * Finished (main,compress)
						This took about 8 seconds, peak mem usage: 539.48 Mb
[1752929230] -- 19/07/2025 08:47:20 * Finished (main,compress)
						This took about 10 seconds, peak mem usage: 539.48 Mb
[1752929279] -- 19/07/2025 08:48:09 * Finished (main,compress)
						This took about 10 seconds, peak mem usage: 539.48 Mb
[1752929331] -- 19/07/2025 08:49:03 * Finished (main,compress)
						This took about 12 seconds, peak mem usage: 539.68 Mb
[1752929389] -- 19/07/2025 08:50:01 * Finished (main,compress)
						This took about 12 seconds, peak mem usage: 539.48 Mb
[1752929449] -- 19/07/2025 08:51:01 * Finished (main,compress)
						This took about 12 seconds, peak mem usage: 539.48 Mb
[1752929511] -- 19/07/2025 08:52:04 * Finished (main,compress)
						This took about 13 seconds, peak mem usage: 539.48 Mb
[1752929575] -- 19/07/2025 08:53:08 * Finished (main,compress)
						This took about 13 seconds, peak mem usage: 539.48 Mb
[1752929642] -- 19/07/2025 08:54:16 * Finished (main,compress)
						This took about 14 seconds, peak mem usage: 539.48 Mb
[1752929713] -- 19/07/2025 08:55:27 * Finished (main,compress)
						This took about 14 seconds, peak mem usage: 539.48 Mb
[1752929785] -- 19/07/2025 08:56:41 * Finished (main,compress)
						This took about 16 seconds, peak mem usage: 539.48 Mb
[1752929862] -- 19/07/2025 08:57:57 * Finished (main,compress)
						This took about 15 seconds, peak mem usage: 539.48 Mb
[1752929942] -- 19/07/2025 08:59:18 * Finished (main,compress)
						This took about 16 seconds, peak mem usage: 539.48 Mb
[1752930025] -- 19/07/2025 09:00:40 * Finished (main,compress)
						This took about 15 seconds, peak mem usage: 539.68 Mb
[1752930108] -- 19/07/2025 09:02:04 * Finished (main,compress)
						This took about 16 seconds, peak mem usage: 539.48 Mb
[1752930196] -- 19/07/2025 09:03:34 * Finished (main,compress)
						This took about 18 seconds, peak mem usage: 539.68 Mb
[1752930286] -- 19/07/2025 09:05:04 * Finished (main,compress)
						This took about 18 seconds, peak mem usage: 539.68 Mb
[1752930340] -- 19/07/2025 09:05:42 * Finished (main,compress)
						This took about 2 seconds, peak mem usage: 228.88 Mb
[1752930347] -- 19/07/2025 09:05:51 * Finished (main,compress)
						This took about 4 seconds, peak mem usage: 228.88 Mb
[1752930359] -- 19/07/2025 09:06:04 * Finished (main,compress)
						This took about 5 seconds, peak mem usage: 228.88 Mb
[1752930375] -- 19/07/2025 09:06:22 * Finished (main,compress)
						This took about 7 seconds, peak mem usage: 238.88 Mb
[1752930397] -- 19/07/2025 09:06:46 * Finished (main,compress)
						This took about 9 seconds, peak mem usage: 243.89 Mb
[1752930421] -- 19/07/2025 09:07:10 * Finished (main,compress)
						This took about 9 seconds, peak mem usage: 243.89 Mb
[1752930447] -- 19/07/2025 09:07:37 * Finished (main,compress)
						This took about 10 seconds, peak mem usage: 243.89 Mb
[1752930476] -- 19/07/2025 09:08:04 * Finished (main,compress)
						This took about 8 seconds, peak mem usage: 248.89 Mb
[1752930506] -- 19/07/2025 09:08:35 * Finished (main,compress)
						This took about 9 seconds, peak mem usage: 248.89 Mb
[1752930539] -- 19/07/2025 09:09:08 * Finished (main,compress)
						This took about 9 seconds, peak mem usage: 248.89 Mb
[1752930574] -- 19/07/2025 09:09:45 * Finished (main,compress)
						This took about 11 seconds, peak mem usage: 248.89 Mb
[1752930614] -- 19/07/2025 09:10:25 * Finished (main,compress)
						This took about 11 seconds, peak mem usage: 248.89 Mb
[1752930656] -- 19/07/2025 09:11:07 * Finished (main,compress)
						This took about 11 seconds, peak mem usage: 248.89 Mb
[1752930698] -- 19/07/2025 09:11:50 * Finished (main,compress)
						This took about 12 seconds, peak mem usage: 248.89 Mb
[1752930744] -- 19/07/2025 09:12:37 * Finished (main,compress)
						This took about 13 seconds, peak mem usage: 248.89 Mb
[1752930793] -- 19/07/2025 09:13:26 * Finished (main,compress)
						This took about 13 seconds, peak mem usage: 248.89 Mb
[1752930844] -- 19/07/2025 09:14:16 * Finished (main,compress)
						This took about 12 seconds, peak mem usage: 248.89 Mb
[1752930895] -- 19/07/2025 09:15:08 * Finished (main,compress)
						This took about 13 seconds, peak mem usage: 253.89 Mb
[1752930950] -- 19/07/2025 09:16:05 * Finished (main,compress)
						This took about 15 seconds, peak mem usage: 253.89 Mb
[1752931009] -- 19/07/2025 09:17:04 * Finished (main,compress)
						This took about 15 seconds, peak mem usage: 264.03 Mb
[1752931069] -- 19/07/2025 09:18:04 * Finished (main,compress)
						This took about 15 seconds, peak mem usage: 264.03 Mb
[1752931132] -- 19/07/2025 09:19:07 * Finished (main,compress)
						This took about 15 seconds, peak mem usage: 264.03 Mb
[1752931196] -- 19/07/2025 09:20:11 * Finished (main,compress)
						This took about 15 seconds, peak mem usage: 264.03 Mb
[1752931262] -- 19/07/2025 09:21:17 * Finished (main,compress)
						This took about 15 seconds, peak mem usage: 264.03 Mb
[1752931331] -- 19/07/2025 09:22:25 * Finished (main,compress)
						This took about 14 seconds, peak mem usage: 264.03 Mb
[1752931388] -- 19/07/2025 09:23:12 * Finished (main,compress)
						This took about 4 seconds, peak mem usage: 265.06 Mb
[1752931404] -- 19/07/2025 09:23:33 * Finished (main,compress)
						This took about 9 seconds, peak mem usage: 282.85 Mb
[1752931431] -- 19/07/2025 09:24:11 * Finished (main,compress)
						This took about 20 seconds, peak mem usage: 265.06 Mb
[1752931475] -- 19/07/2025 09:25:03 * Finished (main,compress)
						This took about 28 seconds, peak mem usage: 265.06 Mb
[1752931533] -- 19/07/2025 09:26:10 * Finished (main,compress)
						This took about 37 seconds, peak mem usage: 265.06 Mb
[1752931604] -- 19/07/2025 09:27:31 * Finished (main,compress)
						This took about 47 seconds, peak mem usage: 270.99 Mb
[1752931689] -- 19/07/2025 09:29:04 * Finished (main,compress)
						This took about 55 seconds, peak mem usage: 265.06 Mb
[1752931784] -- 19/07/2025 09:30:42 * Finished (main,compress)
						This took about 58 seconds, peak mem usage: 282.85 Mb
[1752931888] -- 19/07/2025 09:32:36 * Finished (main,compress)
						This took about 68 seconds, peak mem usage: 270.99 Mb
[1752932003] -- 19/07/2025 09:34:40 * Finished (main,compress)
						This took about 77 seconds, peak mem usage: 265.06 Mb
[1752932131] -- 19/07/2025 09:37:02 * Finished (main,compress)
						This took about 91 seconds, peak mem usage: 265.06 Mb
[1752932276] -- 19/07/2025 09:39:33 * Finished (main,compress)
						This took about 97 seconds, peak mem usage: 265.06 Mb
[1752932429] -- 19/07/2025 09:42:15 * Finished (main,compress)
						This took about 106 seconds, peak mem usage: 265.06 Mb
[1752932593] -- 19/07/2025 09:45:05 * Finished (main,compress)
						This took about 112 seconds, peak mem usage: 265.06 Mb
[1752932768] -- 19/07/2025 09:48:09 * Finished (main,compress)
						This took about 121 seconds, peak mem usage: 265.06 Mb
[1752932954] -- 19/07/2025 09:51:23 * Finished (main,compress)
						This took about 129 seconds, peak mem usage: 265.06 Mb
[1752933151] -- 19/07/2025 09:54:45 * Finished (main,compress)
						This took about 134 seconds, peak mem usage: 265.06 Mb
[1752933355] -- 19/07/2025 09:58:16 * Finished (main,compress)
						This took about 141 seconds, peak mem usage: 265.06 Mb
[1752933565] -- 19/07/2025 10:01:46 * Finished (main,compress)
						This took about 141 seconds, peak mem usage: 270.99 Mb
[1752933783] -- 19/07/2025 10:05:25 * Finished (main,compress)
						This took about 142 seconds, peak mem usage: 270.99 Mb
[1752934001] -- 19/07/2025 10:09:08 * Finished (main,compress)
						This took about 147 seconds, peak mem usage: 265.06 Mb
[1752934226] -- 19/07/2025 10:13:01 * Finished (main,compress)
						This took about 155 seconds, peak mem usage: 265.06 Mb
[1752934459] -- 19/07/2025 10:16:56 * Finished (main,compress)
						This took about 157 seconds, peak mem usage: 270.99 Mb
[1752934697] -- 19/07/2025 10:21:01 * Finished (main,compress)
						This took about 164 seconds, peak mem usage: 265.06 Mb
[1752934944] -- 19/07/2025 10:25:04 * Finished (main,compress)
						This took about 160 seconds, peak mem usage: 265.06 Mb
[1752935144] -- 19/07/2025 10:25:45 * Finished (main,compress)
						This took about 1 seconds, peak mem usage: 70.25 Mb
[1752935150] -- 19/07/2025 10:25:51 * Finished (main,compress)
						This took about 1 seconds, peak mem usage: 74.35 Mb
[1752935160] -- 19/07/2025 10:26:03 * Finished (main,compress)
						This took about 3 seconds, peak mem usage: 74.35 Mb
[1752935175] -- 19/07/2025 10:26:20 * Finished (main,compress)
						This took about 5 seconds, peak mem usage: 78.45 Mb
[1752935195] -- 19/07/2025 10:26:40 * Finished (main,compress)
						This took about 5 seconds, peak mem usage: 78.45 Mb
[1752935220] -- 19/07/2025 10:27:04 * Finished (main,compress)
						This took about 4 seconds, peak mem usage: 78.45 Mb
[1752935247] -- 19/07/2025 10:27:32 * Finished (main,compress)
						This took about 5 seconds, peak mem usage: 78.45 Mb
[1752935278] -- 19/07/2025 10:28:04 * Finished (main,compress)
						This took about 6 seconds, peak mem usage: 78.45 Mb
[1752935313] -- 19/07/2025 10:28:40 * Finished (main,compress)
						This took about 7 seconds, peak mem usage: 78.45 Mb
[1752935352] -- 19/07/2025 10:29:18 * Finished (main,compress)
						This took about 6 seconds, peak mem usage: 78.45 Mb
[1752935393] -- 19/07/2025 10:30:00 * Finished (main,compress)
						This took about 7 seconds, peak mem usage: 78.45 Mb
[1752935439] -- 19/07/2025 10:30:47 * Finished (main,compress)
						This took about 8 seconds, peak mem usage: 78.45 Mb
[1752935488] -- 19/07/2025 10:31:38 * Finished (main,compress)
						This took about 10 seconds, peak mem usage: 78.45 Mb
[1752935543] -- 19/07/2025 10:32:34 * Finished (main,compress)
						This took about 11 seconds, peak mem usage: 78.45 Mb
[1752935603] -- 19/07/2025 10:33:35 * Finished (main,compress)
						This took about 12 seconds, peak mem usage: 78.45 Mb
[1752935666] -- 19/07/2025 10:34:38 * Finished (main,compress)
						This took about 12 seconds, peak mem usage: 86.64 Mb
[1752935731] -- 19/07/2025 10:35:43 * Finished (main,compress)
						This took about 12 seconds, peak mem usage: 86.64 Mb
[1752935797] -- 19/07/2025 10:36:49 * Finished (main,compress)
						This took about 12 seconds, peak mem usage: 86.64 Mb
[1752935866] -- 19/07/2025 10:37:57 * Finished (main,compress)
						This took about 11 seconds, peak mem usage: 86.64 Mb
[1752935938] -- 19/07/2025 10:39:10 * Finished (main,compress)
						This took about 12 seconds, peak mem usage: 86.64 Mb
[1752936013] -- 19/07/2025 10:40:25 * Finished (main,compress)
						This took about 12 seconds, peak mem usage: 86.64 Mb
[1752936092] -- 19/07/2025 10:41:45 * Finished (main,compress)
						This took about 13 seconds, peak mem usage: 86.64 Mb
[1752936176] -- 19/07/2025 10:43:09 * Finished (main,compress)
						This took about 13 seconds, peak mem usage: 86.64 Mb
[1752936263] -- 19/07/2025 10:44:35 * Finished (main,compress)
						This took about 12 seconds, peak mem usage: 86.64 Mb
[1752936351] -- 19/07/2025 10:46:04 * Finished (main,compress)
						This took about 13 seconds, peak mem usage: 86.64 Mb
[1752936433] -- 19/07/2025 10:47:15 * Finished (main,compress)
						This took about 2 seconds, peak mem usage: 425.98 Mb
[1752936440] -- 19/07/2025 10:47:22 * Finished (main,compress)
						This took about 2 seconds, peak mem usage: 555.88 Mb
[1752936452] -- 19/07/2025 10:47:35 * Finished (main,compress)
						This took about 3 seconds, peak mem usage: 555.88 Mb
[1752936466] -- 19/07/2025 10:47:50 * Finished (main,compress)
						This took about 4 seconds, peak mem usage: 555.88 Mb
[1752936484] -- 19/07/2025 10:48:09 * Finished (main,compress)
						This took about 5 seconds, peak mem usage: 609.21 Mb
[1752936506] -- 19/07/2025 10:48:30 * Finished (main,compress)
						This took about 4 seconds, peak mem usage: 609.21 Mb
[1752936529] -- 19/07/2025 10:48:54 * Finished (main,compress)
						This took about 5 seconds, peak mem usage: 609.21 Mb
[1752936553] -- 19/07/2025 10:49:19 * Finished (main,compress)
						This took about 6 seconds, peak mem usage: 609.21 Mb
[1752936581] -- 19/07/2025 10:49:47 * Finished (main,compress)
						This took about 6 seconds, peak mem usage: 609.21 Mb
[1752936612] -- 19/07/2025 10:50:19 * Finished (main,compress)
						This took about 7 seconds, peak mem usage: 609.21 Mb
[1752936647] -- 19/07/2025 10:50:55 * Finished (main,compress)
						This took about 8 seconds, peak mem usage: 609.21 Mb
[1752936685] -- 19/07/2025 10:51:32 * Finished (main,compress)
						This took about 7 seconds, peak mem usage: 609.21 Mb
[1752936724] -- 19/07/2025 10:52:12 * Finished (main,compress)
						This took about 8 seconds, peak mem usage: 609.21 Mb
[1752936766] -- 19/07/2025 10:52:54 * Finished (main,compress)
						This took about 8 seconds, peak mem usage: 609.21 Mb
[1752936809] -- 19/07/2025 10:53:38 * Finished (main,compress)
						This took about 9 seconds, peak mem usage: 609.21 Mb
[1752936856] -- 19/07/2025 10:54:25 * Finished (main,compress)
						This took about 9 seconds, peak mem usage: 609.21 Mb
[1752936906] -- 19/07/2025 10:55:16 * Finished (main,compress)
						This took about 10 seconds, peak mem usage: 609.38 Mb
[1752936960] -- 19/07/2025 10:56:10 * Finished (main,compress)
						This took about 10 seconds, peak mem usage: 609.39 Mb
[1752937016] -- 19/07/2025 10:57:07 * Finished (main,compress)
						This took about 11 seconds, peak mem usage: 609.39 Mb
[1752937076] -- 19/07/2025 10:58:07 * Finished (main,compress)
						This took about 11 seconds, peak mem usage: 609.39 Mb
[1752937137] -- 19/07/2025 10:59:08 * Finished (main,compress)
						This took about 11 seconds, peak mem usage: 609.38 Mb
[1752937200] -- 19/07/2025 11:00:12 * Finished (main,compress)
						This took about 12 seconds, peak mem usage: 609.38 Mb
[1752937267] -- 19/07/2025 11:01:19 * Finished (main,compress)
						This took about 12 seconds, peak mem usage: 609.38 Mb
[1752937336] -- 19/07/2025 11:02:29 * Finished (main,compress)
						This took about 13 seconds, peak mem usage: 617.03 Mb
[1752937408] -- 19/07/2025 11:03:41 * Finished (main,compress)
						This took about 13 seconds, peak mem usage: 617.03 Mb
[1752937471] -- 19/07/2025 11:04:56 * Finished (main,compress)
						This took about 25 seconds, peak mem usage: 2133.79 Mb
[1752937532] -- 19/07/2025 11:06:32 * Finished (main,compress)
						This took about 60 seconds, peak mem usage: 2112.20 Mb
[1752937643] -- 19/07/2025 11:09:14 * Finished (main,compress)
						This took about 111 seconds, peak mem usage: 2154.01 Mb
[1752937834] -- 19/07/2025 11:13:37 * Finished (main,compress)
						This took about 183 seconds, peak mem usage: 2112.20 Mb
[1752938109] -- 19/07/2025 11:19:22 * Finished (main,compress)
						This took about 253 seconds, peak mem usage: 2112.20 Mb
[1752938473] -- 19/07/2025 11:28:21 * Finished (main,compress)
						This took about 428 seconds, peak mem usage: 2092.57 Mb
[1752939029] -- 19/07/2025 11:38:51 * Finished (main,compress)
						This took about 502 seconds, peak mem usage: 2112.20 Mb
[1752939681] -- 19/07/2025 11:53:06 * Finished (main,compress)
						This took about 705 seconds, peak mem usage: 2112.20 Mb
[1752940553] -- 19/07/2025 12:08:51 * Finished (main,compress)
						This took about 778 seconds, peak mem usage: 2092.57 Mb
[1752941517] -- 19/07/2025 12:26:10 * Finished (main,compress)
						This took about 853 seconds, peak mem usage: 2112.20 Mb
[1752942562] -- 19/07/2025 12:44:08 * Finished (main,compress)
						This took about 886 seconds, peak mem usage: 2112.20 Mb
[1752943649] -- 19/07/2025 13:04:00 * Finished (main,compress)
						This took about 991 seconds, peak mem usage: 2133.79 Mb
[1752944850] -- 19/07/2025 13:24:28 * Finished (main,compress)
						This took about 1018 seconds, peak mem usage: 2174.76 Mb
[1752946083] -- 19/07/2025 13:47:26 * Finished (main,compress)
						This took about 1163 seconds, peak mem usage: 2112.20 Mb
[1752947470] -- 19/07/2025 14:12:49 * Finished (main,compress)
						This took about 1299 seconds, peak mem usage: 2154.01 Mb
[1752948999] -- 19/07/2025 14:38:08 * Finished (main,compress)
						This took about 1289 seconds, peak mem usage: 2072.21 Mb
[1752950534] -- 19/07/2025 15:05:29 * Finished (main,compress)
						This took about 1395 seconds, peak mem usage: 2133.79 Mb
[1752952183] -- 19/07/2025 15:36:51 * Finished (main,compress)
						This took about 1628 seconds, peak mem usage: 2154.01 Mb
[1752954083] -- 19/07/2025 16:09:47 * Finished (main,compress)
						This took about 1704 seconds, peak mem usage: 2133.79 Mb
[1752956071] -- 19/07/2025 16:45:33 * Finished (main,compress)
						This took about 1862 seconds, peak mem usage: 2133.79 Mb
[1752958235] -- 19/07/2025 17:25:05 * Finished (main,compress)
						This took about 2070 seconds, peak mem usage: 2154.01 Mb
[1752960610] -- 19/07/2025 18:05:58 * Finished (main,compress)
						This took about 2148 seconds, peak mem usage: 2112.65 Mb
[1752963074] -- 19/07/2025 18:49:31 * Finished (main,compress)
						This took about 2297 seconds, peak mem usage: 2133.79 Mb
[1752965687] -- 19/07/2025 19:32:10 * Finished (main,compress)
						This took about 2243 seconds, peak mem usage: 2112.20 Mb
[1752968267] -- 19/07/2025 20:17:26 * Finished (main,compress)
						This took about 2379 seconds, peak mem usage: 2154.01 Mb
[1752982651] -- 19/07/2025 23:37:31 * Finished (main,compress)
						This took about 0 seconds, peak mem usage: 8.30 Mb
[1752982652] -- 19/07/2025 23:37:32 * Finished (main,compress)
						This took about 0 seconds, peak mem usage: 8.30 Mb
[1752982652] -- 19/07/2025 23:37:32 * Finished (main,compress)
						This took about 0 seconds, peak mem usage: 8.30 Mb
[1752982652] -- 19/07/2025 23:37:32 * Finished (main,compress)
						This took about 0 seconds, peak mem usage: 8.30 Mb
[1752982653] -- 19/07/2025 23:37:33 * Finished (main,compress)
						This took about 0 seconds, peak mem usage: 8.30 Mb
[1752982653] -- 19/07/2025 23:37:33 * Finished (main,compress)
						This took about 0 seconds, peak mem usage: 8.30 Mb
[1752982654] -- 19/07/2025 23:37:34 * Finished (main,compress)
						This took about 0 seconds, peak mem usage: 8.30 Mb
[1752982654] -- 19/07/2025 23:37:34 * Finished (main,compress)
						This took about 0 seconds, peak mem usage: 8.30 Mb
[1752982654] -- 19/07/2025 23:37:34 * Finished (main,compress)
						This took about 0 seconds, peak mem usage: 8.30 Mb
[1752982655] -- 19/07/2025 23:37:35 * Finished (main,compress)
						This took about 0 seconds, peak mem usage: 8.30 Mb
[1752982655] -- 19/07/2025 23:37:35 * Finished (main,compress)
						This took about 0 seconds, peak mem usage: 8.30 Mb
[1752982656] -- 19/07/2025 23:37:36 * Finished (main,compress)
						This took about 0 seconds, peak mem usage: 8.30 Mb
[1752982656] -- 19/07/2025 23:37:36 * Finished (main,compress)
						This took about 0 seconds, peak mem usage: 8.30 Mb
[1752982657] -- 19/07/2025 23:37:37 * Finished (main,compress)
						This took about 0 seconds, peak mem usage: 8.30 Mb
[1752982657] -- 19/07/2025 23:37:37 * Finished (main,compress)
						This took about 0 seconds, peak mem usage: 8.30 Mb
[1752982658] -- 19/07/2025 23:37:38 * Finished (main,compress)
						This took about 0 seconds, peak mem usage: 8.30 Mb
[1752982658] -- 19/07/2025 23:37:38 * Finished (main,compress)
						This took about 0 seconds, peak mem usage: 8.30 Mb
[1752982659] -- 19/07/2025 23:37:39 * Finished (main,compress)
						This took about 0 seconds, peak mem usage: 8.30 Mb
[1752982660] -- 19/07/2025 23:37:40 * Finished (main,compress)
						This took about 0 seconds, peak mem usage: 8.30 Mb
[1752982660] -- 19/07/2025 23:37:40 * Finished (main,compress)
						This took about 0 seconds, peak mem usage: 8.30 Mb
[1752982661] -- 19/07/2025 23:37:41 * Finished (main,compress)
						This took about 0 seconds, peak mem usage: 8.30 Mb
[1752982661] -- 19/07/2025 23:37:41 * Finished (main,compress)
						This took about 0 seconds, peak mem usage: 8.30 Mb
[1752982662] -- 19/07/2025 23:37:42 * Finished (main,compress)
						This took about 0 seconds, peak mem usage: 8.30 Mb
[1752982662] -- 19/07/2025 23:37:42 * Finished (main,compress)
						This took about 0 seconds, peak mem usage: 8.30 Mb
[1752982663] -- 19/07/2025 23:37:43 * Finished (main,compress)
						This took about 0 seconds, peak mem usage: 8.30 Mb
[1752982664] -- 19/07/2025 23:37:44 * Finished (main,compress)
						This took about 0 seconds, peak mem usage: 11.02 Mb
[1752982665] -- 19/07/2025 23:37:45 * Finished (main,compress)
						This took about 0 seconds, peak mem usage: 11.02 Mb
[1752982666] -- 19/07/2025 23:37:46 * Finished (main,compress)
						This took about 0 seconds, peak mem usage: 11.01 Mb
[1752982667] -- 19/07/2025 23:37:47 * Finished (main,compress)
						This took about 0 seconds, peak mem usage: 11.02 Mb
[1752982668] -- 19/07/2025 23:37:48 * Finished (main,compress)
						This took about 0 seconds, peak mem usage: 10.87 Mb
[1752982669] -- 19/07/2025 23:37:49 * Finished (main,compress)
						This took about 0 seconds, peak mem usage: 10.87 Mb
[1752982670] -- 19/07/2025 23:37:50 * Finished (main,compress)
						This took about 0 seconds, peak mem usage: 11.01 Mb
[1752982672] -- 19/07/2025 23:37:52 * Finished (main,compress)
						This took about 0 seconds, peak mem usage: 11.01 Mb
[1752982673] -- 19/07/2025 23:37:53 * Finished (main,compress)
						This took about 0 seconds, peak mem usage: 11.01 Mb
[1752982675] -- 19/07/2025 23:37:55 * Finished (main,compress)
						This took about 0 seconds, peak mem usage: 10.87 Mb
[1752982676] -- 19/07/2025 23:37:56 * Finished (main,compress)
						This took about 0 seconds, peak mem usage: 10.88 Mb
[1752982678] -- 19/07/2025 23:37:58 * Finished (main,compress)
						This took about 0 seconds, peak mem usage: 11.02 Mb
[1752982680] -- 19/07/2025 23:38:00 * Finished (main,compress)
						This took about 0 seconds, peak mem usage: 10.87 Mb
[1752982682] -- 19/07/2025 23:38:02 * Finished (main,compress)
						This took about 0 seconds, peak mem usage: 11.02 Mb
[1752982684] -- 19/07/2025 23:38:04 * Finished (main,compress)
						This took about 0 seconds, peak mem usage: 11.02 Mb
[1752982687] -- 19/07/2025 23:38:07 * Finished (main,compress)
						This took about 0 seconds, peak mem usage: 11.02 Mb
[1752982689] -- 19/07/2025 23:38:09 * Finished (main,compress)
						This took about 0 seconds, peak mem usage: 10.87 Mb
[1752982691] -- 19/07/2025 23:38:12 * Finished (main,compress)
						This took about 1 seconds, peak mem usage: 10.88 Mb
[1752982694] -- 19/07/2025 23:38:14 * Finished (main,compress)
						This took about 0 seconds, peak mem usage: 11.02 Mb
[1752982697] -- 19/07/2025 23:38:17 * Finished (main,compress)
						This took about 0 seconds, peak mem usage: 11.02 Mb
[1752982699] -- 19/07/2025 23:38:20 * Finished (main,compress)
						This took about 1 seconds, peak mem usage: 10.88 Mb
[1752982702] -- 19/07/2025 23:38:23 * Finished (main,compress)
						This took about 1 seconds, peak mem usage: 11.02 Mb
[1752982705] -- 19/07/2025 23:38:26 * Finished (main,compress)
						This took about 1 seconds, peak mem usage: 10.87 Mb
[1752982709] -- 19/07/2025 23:38:29 * Finished (main,compress)
						This took about 0 seconds, peak mem usage: 10.87 Mb
[1752982712] -- 19/07/2025 23:38:32 * Finished (main,compress)
						This took about 0 seconds, peak mem usage: 10.88 Mb
[1752982715] -- 19/07/2025 23:38:36 * Finished (main,compress)
						This took about 1 seconds, peak mem usage: 12.78 Mb
[1752982716] -- 19/07/2025 23:38:37 * Finished (main,compress)
						This took about 1 seconds, peak mem usage: 12.91 Mb
[1752982718] -- 19/07/2025 23:38:38 * Finished (main,compress)
						This took about 0 seconds, peak mem usage: 12.91 Mb
[1752982719] -- 19/07/2025 23:38:39 * Finished (main,compress)
						This took about 0 seconds, peak mem usage: 12.78 Mb
[1752982721] -- 19/07/2025 23:38:41 * Finished (main,compress)
						This took about 0 seconds, peak mem usage: 12.91 Mb
[1752982723] -- 19/07/2025 23:38:43 * Finished (main,compress)
						This took about 0 seconds, peak mem usage: 12.78 Mb
[1752982725] -- 19/07/2025 23:38:45 * Finished (main,compress)
						This took about 0 seconds, peak mem usage: 12.78 Mb
[1752982728] -- 19/07/2025 23:38:48 * Finished (main,compress)
						This took about 0 seconds, peak mem usage: 12.78 Mb
[1752982731] -- 19/07/2025 23:38:51 * Finished (main,compress)
						This took about 0 seconds, peak mem usage: 12.78 Mb
[1752982734] -- 19/07/2025 23:38:54 * Finished (main,compress)
						This took about 0 seconds, peak mem usage: 12.91 Mb
[1752982737] -- 19/07/2025 23:38:57 * Finished (main,compress)
						This took about 0 seconds, peak mem usage: 12.78 Mb
[1752982741] -- 19/07/2025 23:39:01 * Finished (main,compress)
						This took about 0 seconds, peak mem usage: 12.78 Mb
[1752982745] -- 19/07/2025 23:39:05 * Finished (main,compress)
						This took about 0 seconds, peak mem usage: 12.91 Mb
[1752982749] -- 19/07/2025 23:39:09 * Finished (main,compress)
						This took about 0 seconds, peak mem usage: 13.03 Mb
[1752982753] -- 19/07/2025 23:39:14 * Finished (main,compress)
						This took about 1 seconds, peak mem usage: 12.91 Mb
[1752982758] -- 19/07/2025 23:39:18 * Finished (main,compress)
						This took about 0 seconds, peak mem usage: 12.91 Mb
[1752982764] -- 19/07/2025 23:39:24 * Finished (main,compress)
						This took about 0 seconds, peak mem usage: 12.91 Mb
[1752982769] -- 19/07/2025 23:39:29 * Finished (main,compress)
						This took about 0 seconds, peak mem usage: 12.91 Mb
[1752982775] -- 19/07/2025 23:39:35 * Finished (main,compress)
						This took about 0 seconds, peak mem usage: 12.91 Mb
[1752982781] -- 19/07/2025 23:39:41 * Finished (main,compress)
						This took about 0 seconds, peak mem usage: 12.91 Mb
[1752982787] -- 19/07/2025 23:39:47 * Finished (main,compress)
						This took about 0 seconds, peak mem usage: 12.91 Mb
[1752982793] -- 19/07/2025 23:39:54 * Finished (main,compress)
						This took about 1 seconds, peak mem usage: 12.91 Mb
[1752982800] -- 19/07/2025 23:40:00 * Finished (main,compress)
						This took about 0 seconds, peak mem usage: 12.91 Mb
[1752982807] -- 19/07/2025 23:40:07 * Finished (main,compress)
						This took about 0 seconds, peak mem usage: 12.91 Mb
[1752982815] -- 19/07/2025 23:40:15 * Finished (main,compress)
						This took about 0 seconds, peak mem usage: 13.03 Mb
[1752982823] -- 19/07/2025 23:40:23 * Finished (main,compress)
						This took about 0 seconds, peak mem usage: 33.66 Mb
[1752982824] -- 19/07/2025 23:40:24 * Finished (main,compress)
						This took about 0 seconds, peak mem usage: 38.13 Mb
[1752982829] -- 19/07/2025 23:40:29 * Finished (main,compress)
						This took about 0 seconds, peak mem usage: 38.13 Mb
[1752982837] -- 19/07/2025 23:40:37 * Finished (main,compress)
						This took about 0 seconds, peak mem usage: 38.13 Mb
[1752982849] -- 19/07/2025 23:40:49 * Finished (main,compress)
						This took about 0 seconds, peak mem usage: 38.13 Mb
[1752982864] -- 19/07/2025 23:41:04 * Finished (main,compress)
						This took about 0 seconds, peak mem usage: 38.13 Mb
[1752982882] -- 19/07/2025 23:41:23 * Finished (main,compress)
						This took about 1 seconds, peak mem usage: 38.13 Mb
[1752982904] -- 19/07/2025 23:41:45 * Finished (main,compress)
						This took about 1 seconds, peak mem usage: 38.13 Mb
[1752982930] -- 19/07/2025 23:42:10 * Finished (main,compress)
						This took about 0 seconds, peak mem usage: 38.13 Mb
[1752982956] -- 19/07/2025 23:42:36 * Finished (main,compress)
						This took about 0 seconds, peak mem usage: 38.13 Mb
[1752982986] -- 19/07/2025 23:43:06 * Finished (main,compress)
						This took about 0 seconds, peak mem usage: 38.13 Mb
[1752983018] -- 19/07/2025 23:43:38 * Finished (main,compress)
						This took about 0 seconds, peak mem usage: 38.13 Mb
[1752983053] -- 19/07/2025 23:44:14 * Finished (main,compress)
						This took about 1 seconds, peak mem usage: 38.13 Mb
[1752983091] -- 19/07/2025 23:44:51 * Finished (main,compress)
						This took about 0 seconds, peak mem usage: 38.13 Mb
[1752983132] -- 19/07/2025 23:45:32 * Finished (main,compress)
						This took about 0 seconds, peak mem usage: 38.13 Mb
[1752983177] -- 19/07/2025 23:46:18 * Finished (main,compress)
						This took about 1 seconds, peak mem usage: 38.13 Mb
[1752983223] -- 19/07/2025 23:47:04 * Finished (main,compress)
						This took about 1 seconds, peak mem usage: 38.13 Mb
[1752983271] -- 19/07/2025 23:47:52 * Finished (main,compress)
						This took about 1 seconds, peak mem usage: 38.13 Mb
[1752983319] -- 19/07/2025 23:48:40 * Finished (main,compress)
						This took about 1 seconds, peak mem usage: 38.13 Mb
[1752983369] -- 19/07/2025 23:49:29 * Finished (main,compress)
						This took about 0 seconds, peak mem usage: 38.13 Mb
[1752983418] -- 19/07/2025 23:50:19 * Finished (main,compress)
						This took about 1 seconds, peak mem usage: 38.13 Mb
[1752983470] -- 19/07/2025 23:51:10 * Finished (main,compress)
						This took about 0 seconds, peak mem usage: 38.13 Mb
[1752983523] -- 19/07/2025 23:52:03 * Finished (main,compress)
						This took about 0 seconds, peak mem usage: 38.13 Mb
[1752983577] -- 19/07/2025 23:52:57 * Finished (main,compress)
						This took about 0 seconds, peak mem usage: 38.13 Mb
[1752983632] -- 19/07/2025 23:53:52 * Finished (main,compress)
						This took about 0 seconds, peak mem usage: 38.13 Mb
[1752983687] -- 19/07/2025 23:54:47 * Finished (main,compress)
						This took about 0 seconds, peak mem usage: 18.37 Mb
[1752983688] -- 19/07/2025 23:54:49 * Finished (main,compress)
						This took about 1 seconds, peak mem usage: 24.50 Mb
[1752983690] -- 19/07/2025 23:54:52 * Finished (main,compress)
						This took about 2 seconds, peak mem usage: 24.50 Mb
[1752983693] -- 19/07/2025 23:54:55 * Finished (main,compress)
						This took about 2 seconds, peak mem usage: 24.50 Mb
[1752983696] -- 19/07/2025 23:54:59 * Finished (main,compress)
						This took about 3 seconds, peak mem usage: 24.50 Mb
[1752983700] -- 19/07/2025 23:55:06 * Finished (main,compress)
						This took about 6 seconds, peak mem usage: 24.50 Mb
[1752983707] -- 19/07/2025 23:55:12 * Finished (main,compress)
						This took about 5 seconds, peak mem usage: 24.50 Mb
[1752983714] -- 19/07/2025 23:55:20 * Finished (main,compress)
						This took about 6 seconds, peak mem usage: 24.50 Mb
[1752983721] -- 19/07/2025 23:55:29 * Finished (main,compress)
						This took about 8 seconds, peak mem usage: 32.94 Mb
[1752983731] -- 19/07/2025 23:55:40 * Finished (main,compress)
						This took about 9 seconds, peak mem usage: 32.94 Mb
[1752983742] -- 19/07/2025 23:55:52 * Finished (main,compress)
						This took about 10 seconds, peak mem usage: 32.94 Mb
[1752983754] -- 19/07/2025 23:56:07 * Finished (main,compress)
						This took about 13 seconds, peak mem usage: 32.94 Mb
[1752983769] -- 19/07/2025 23:56:23 * Finished (main,compress)
						This took about 14 seconds, peak mem usage: 33.07 Mb
[1752983786] -- 19/07/2025 23:56:41 * Finished (main,compress)
						This took about 15 seconds, peak mem usage: 33.07 Mb
[1752983804] -- 19/07/2025 23:57:01 * Finished (main,compress)
						This took about 17 seconds, peak mem usage: 33.07 Mb
[1752983824] -- 19/07/2025 23:57:26 * Finished (main,compress)
						This took about 22 seconds, peak mem usage: 33.07 Mb
[1752983849] -- 19/07/2025 23:57:51 * Finished (main,compress)
						This took about 22 seconds, peak mem usage: 33.07 Mb
[1752983874] -- 19/07/2025 23:58:18 * Finished (main,compress)
						This took about 24 seconds, peak mem usage: 33.07 Mb
[1752983901] -- 19/07/2025 23:58:47 * Finished (main,compress)
						This took about 26 seconds, peak mem usage: 33.07 Mb
[1752983930] -- 19/07/2025 23:59:18 * Finished (main,compress)
						This took about 28 seconds, peak mem usage: 33.07 Mb
[1752983961] -- 19/07/2025 23:59:53 * Finished (main,compress)
						This took about 32 seconds, peak mem usage: 33.07 Mb
[1752983996] -- 20/07/2025 00:00:30 * Finished (main,compress)
						This took about 34 seconds, peak mem usage: 33.07 Mb
[1752984033] -- 20/07/2025 00:01:06 * Finished (main,compress)
						This took about 33 seconds, peak mem usage: 33.07 Mb
[1752984070] -- 20/07/2025 00:01:43 * Finished (main,compress)
						This took about 33 seconds, peak mem usage: 33.07 Mb
[1752984107] -- 20/07/2025 00:02:22 * Finished (main,compress)
						This took about 35 seconds, peak mem usage: 33.07 Mb
[1752984145] -- 20/07/2025 00:02:25 * Finished (main,compress)
						This took about 0 seconds, peak mem usage: 12.45 Mb
[1752984146] -- 20/07/2025 00:02:26 * Finished (main,compress)
						This took about 0 seconds, peak mem usage: 12.45 Mb
[1752984147] -- 20/07/2025 00:02:27 * Finished (main,compress)
						This took about 0 seconds, peak mem usage: 12.45 Mb
[1752984148] -- 20/07/2025 00:02:28 * Finished (main,compress)
						This took about 0 seconds, peak mem usage: 12.45 Mb
[1752984150] -- 20/07/2025 00:02:30 * Finished (main,compress)
						This took about 0 seconds, peak mem usage: 12.45 Mb
[1752984152] -- 20/07/2025 00:02:32 * Finished (main,compress)
						This took about 0 seconds, peak mem usage: 13.38 Mb
[1752984154] -- 20/07/2025 00:02:34 * Finished (main,compress)
						This took about 0 seconds, peak mem usage: 12.45 Mb
[1752984156] -- 20/07/2025 00:02:36 * Finished (main,compress)
						This took about 0 seconds, peak mem usage: 12.45 Mb
[1752984159] -- 20/07/2025 00:02:39 * Finished (main,compress)
						This took about 0 seconds, peak mem usage: 12.63 Mb
[1752984162] -- 20/07/2025 00:02:42 * Finished (main,compress)
						This took about 0 seconds, peak mem usage: 12.45 Mb
[1752984165] -- 20/07/2025 00:02:45 * Finished (main,compress)
						This took about 0 seconds, peak mem usage: 14.68 Mb
[1752984169] -- 20/07/2025 00:02:49 * Finished (main,compress)
						This took about 0 seconds, peak mem usage: 14.68 Mb
[1752984173] -- 20/07/2025 00:02:53 * Finished (main,compress)
						This took about 0 seconds, peak mem usage: 14.68 Mb
[1752984177] -- 20/07/2025 00:02:57 * Finished (main,compress)
						This took about 0 seconds, peak mem usage: 15.42 Mb
[1752984182] -- 20/07/2025 00:03:02 * Finished (main,compress)
						This took about 0 seconds, peak mem usage: 15.42 Mb
[1752984187] -- 20/07/2025 00:03:07 * Finished (main,compress)
						This took about 0 seconds, peak mem usage: 15.42 Mb
[1752984192] -- 20/07/2025 00:03:12 * Finished (main,compress)
						This took about 0 seconds, peak mem usage: 15.42 Mb
[1752984198] -- 20/07/2025 00:03:18 * Finished (main,compress)
						This took about 0 seconds, peak mem usage: 15.42 Mb
[1752984204] -- 20/07/2025 00:03:24 * Finished (main,compress)
						This took about 0 seconds, peak mem usage: 15.42 Mb
[1752984210] -- 20/07/2025 00:03:30 * Finished (main,compress)
						This took about 0 seconds, peak mem usage: 15.42 Mb
[1752984216] -- 20/07/2025 00:03:37 * Finished (main,compress)
						This took about 1 seconds, peak mem usage: 15.42 Mb
[1752984223] -- 20/07/2025 00:03:43 * Finished (main,compress)
						This took about 0 seconds, peak mem usage: 15.42 Mb
[1752984231] -- 20/07/2025 00:03:51 * Finished (main,compress)
						This took about 0 seconds, peak mem usage: 15.42 Mb
[1752984238] -- 20/07/2025 00:03:58 * Finished (main,compress)
						This took about 0 seconds, peak mem usage: 15.42 Mb
[1752984246] -- 20/07/2025 00:04:06 * Finished (main,compress)
						This took about 0 seconds, peak mem usage: 15.42 Mb
[1752984259] -- 20/07/2025 00:04:21 * Finished (main,compress)
						This took about 2 seconds, peak mem usage: 496.23 Mb
[1752984270] -- 20/07/2025 00:04:33 * Finished (main,compress)
						This took about 3 seconds, peak mem usage: 510.64 Mb
[1752984290] -- 20/07/2025 00:04:54 * Finished (main,compress)
						This took about 4 seconds, peak mem usage: 510.64 Mb
[1752984315] -- 20/07/2025 00:05:20 * Finished (main,compress)
						This took about 5 seconds, peak mem usage: 510.64 Mb
[1752984345] -- 20/07/2025 00:05:51 * Finished (main,compress)
						This took about 6 seconds, peak mem usage: 510.64 Mb
[1752984379] -- 20/07/2025 00:06:26 * Finished (main,compress)
						This took about 7 seconds, peak mem usage: 546.69 Mb
[1752984419] -- 20/07/2025 00:07:06 * Finished (main,compress)
						This took about 7 seconds, peak mem usage: 546.69 Mb
[1752984463] -- 20/07/2025 00:07:51 * Finished (main,compress)
						This took about 8 seconds, peak mem usage: 546.69 Mb
[1752984511] -- 20/07/2025 00:08:39 * Finished (main,compress)
						This took about 8 seconds, peak mem usage: 546.69 Mb
[1752984563] -- 20/07/2025 00:09:31 * Finished (main,compress)
						This took about 8 seconds, peak mem usage: 546.69 Mb
[1752984619] -- 20/07/2025 00:10:28 * Finished (main,compress)
						This took about 9 seconds, peak mem usage: 546.69 Mb
[1752984680] -- 20/07/2025 00:11:30 * Finished (main,compress)
						This took about 10 seconds, peak mem usage: 546.69 Mb
[1752984747] -- 20/07/2025 00:12:37 * Finished (main,compress)
						This took about 10 seconds, peak mem usage: 546.69 Mb
[1752984821] -- 20/07/2025 00:13:50 * Finished (main,compress)
						This took about 9 seconds, peak mem usage: 546.69 Mb
[1752984899] -- 20/07/2025 00:15:10 * Finished (main,compress)
						This took about 11 seconds, peak mem usage: 546.69 Mb
[1752984981] -- 20/07/2025 00:16:33 * Finished (main,compress)
						This took about 12 seconds, peak mem usage: 546.69 Mb
[1752985067] -- 20/07/2025 00:17:58 * Finished (main,compress)
						This took about 11 seconds, peak mem usage: 546.69 Mb
[1752985160] -- 20/07/2025 00:19:32 * Finished (main,compress)
						This took about 12 seconds, peak mem usage: 546.69 Mb
[1752985259] -- 20/07/2025 00:21:11 * Finished (main,compress)
						This took about 12 seconds, peak mem usage: 546.69 Mb
[1752985362] -- 20/07/2025 00:22:55 * Finished (main,compress)
						This took about 13 seconds, peak mem usage: 546.69 Mb
[1752985471] -- 20/07/2025 00:24:45 * Finished (main,compress)
						This took about 14 seconds, peak mem usage: 546.69 Mb
[1752985586] -- 20/07/2025 00:26:41 * Finished (main,compress)
						This took about 15 seconds, peak mem usage: 546.69 Mb
[1752985707] -- 20/07/2025 00:28:41 * Finished (main,compress)
						This took about 14 seconds, peak mem usage: 546.69 Mb
[1752985830] -- 20/07/2025 00:30:45 * Finished (main,compress)
						This took about 15 seconds, peak mem usage: 546.69 Mb
[1752985962] -- 20/07/2025 00:32:57 * Finished (main,compress)
						This took about 15 seconds, peak mem usage: 546.69 Mb
[1752986062] -- 20/07/2025 00:34:24 * Finished (main,compress)
						This took about 2 seconds, peak mem usage: 228.88 Mb
[1752986070] -- 20/07/2025 00:34:34 * Finished (main,compress)
						This took about 4 seconds, peak mem usage: 228.88 Mb
[1752986085] -- 20/07/2025 00:34:50 * Finished (main,compress)
						This took about 5 seconds, peak mem usage: 248.89 Mb
[1752986106] -- 20/07/2025 00:35:13 * Finished (main,compress)
						This took about 7 seconds, peak mem usage: 248.89 Mb
[1752986134] -- 20/07/2025 00:35:43 * Finished (main,compress)
						This took about 9 seconds, peak mem usage: 248.89 Mb
[1752986168] -- 20/07/2025 00:36:18 * Finished (main,compress)
						This took about 10 seconds, peak mem usage: 248.89 Mb
[1752986208] -- 20/07/2025 00:36:58 * Finished (main,compress)
						This took about 10 seconds, peak mem usage: 259.02 Mb
[1752986253] -- 20/07/2025 00:37:43 * Finished (main,compress)
						This took about 10 seconds, peak mem usage: 259.02 Mb
[1752986303] -- 20/07/2025 00:38:32 * Finished (main,compress)
						This took about 9 seconds, peak mem usage: 259.02 Mb
[1752986356] -- 20/07/2025 00:39:29 * Finished (main,compress)
						This took about 13 seconds, peak mem usage: 259.02 Mb
[1752986418] -- 20/07/2025 00:40:31 * Finished (main,compress)
						This took about 13 seconds, peak mem usage: 259.02 Mb
[1752986485] -- 20/07/2025 00:41:41 * Finished (main,compress)
						This took about 16 seconds, peak mem usage: 259.02 Mb
[1752986561] -- 20/07/2025 00:42:57 * Finished (main,compress)
						This took about 16 seconds, peak mem usage: 259.02 Mb
[1752986640] -- 20/07/2025 00:44:16 * Finished (main,compress)
						This took about 16 seconds, peak mem usage: 259.02 Mb
[1752986725] -- 20/07/2025 00:45:42 * Finished (main,compress)
						This took about 17 seconds, peak mem usage: 259.02 Mb
[1752986817] -- 20/07/2025 00:47:16 * Finished (main,compress)
						This took about 19 seconds, peak mem usage: 259.02 Mb
[1752986918] -- 20/07/2025 00:48:58 * Finished (main,compress)
						This took about 20 seconds, peak mem usage: 259.02 Mb
[1752987026] -- 20/07/2025 00:50:48 * Finished (main,compress)
						This took about 22 seconds, peak mem usage: 259.02 Mb
[1752987141] -- 20/07/2025 00:52:43 * Finished (main,compress)
						This took about 22 seconds, peak mem usage: 259.02 Mb
[1752987264] -- 20/07/2025 00:54:48 * Finished (main,compress)
						This took about 24 seconds, peak mem usage: 259.02 Mb
[1752987396] -- 20/07/2025 00:57:01 * Finished (main,compress)
						This took about 25 seconds, peak mem usage: 259.02 Mb
[1752987533] -- 20/07/2025 00:59:15 * Finished (main,compress)
						This took about 22 seconds, peak mem usage: 259.02 Mb
[1752987671] -- 20/07/2025 01:01:31 * Finished (main,compress)
						This took about 20 seconds, peak mem usage: 259.02 Mb
[1752987814] -- 20/07/2025 01:03:53 * Finished (main,compress)
						This took about 19 seconds, peak mem usage: 259.02 Mb
[1752987963] -- 20/07/2025 01:06:22 * Finished (main,compress)
						This took about 19 seconds, peak mem usage: 259.02 Mb
[1752988100] -- 20/07/2025 01:08:24 * Finished (main,compress)
						This took about 4 seconds, peak mem usage: 265.06 Mb
[1752988118] -- 20/07/2025 01:08:48 * Finished (main,compress)
						This took about 10 seconds, peak mem usage: 270.99 Mb
[1752988148] -- 20/07/2025 01:09:26 * Finished (main,compress)
						This took about 18 seconds, peak mem usage: 276.92 Mb
[1752988194] -- 20/07/2025 01:10:18 * Finished (main,compress)
						This took about 24 seconds, peak mem usage: 265.06 Mb
[1752988255] -- 20/07/2025 01:11:31 * Finished (main,compress)
						This took about 36 seconds, peak mem usage: 265.06 Mb
[1752988334] -- 20/07/2025 01:13:00 * Finished (main,compress)
						This took about 46 seconds, peak mem usage: 265.06 Mb
[1752988427] -- 20/07/2025 01:14:41 * Finished (main,compress)
						This took about 54 seconds, peak mem usage: 276.92 Mb
[1752988535] -- 20/07/2025 01:16:32 * Finished (main,compress)
						This took about 57 seconds, peak mem usage: 265.06 Mb
[1752988652] -- 20/07/2025 01:18:38 * Finished (main,compress)
						This took about 66 seconds, peak mem usage: 265.06 Mb
[1752988782] -- 20/07/2025 01:20:57 * Finished (main,compress)
						This took about 75 seconds, peak mem usage: 265.06 Mb
[1752988928] -- 20/07/2025 01:23:34 * Finished (main,compress)
						This took about 86 seconds, peak mem usage: 265.06 Mb
[1752989092] -- 20/07/2025 01:26:22 * Finished (main,compress)
						This took about 90 seconds, peak mem usage: 265.06 Mb
[1752989269] -- 20/07/2025 01:29:24 * Finished (main,compress)
						This took about 95 seconds, peak mem usage: 265.06 Mb
[1752989451] -- 20/07/2025 01:32:38 * Finished (main,compress)
						This took about 107 seconds, peak mem usage: 265.06 Mb
[1752989652] -- 20/07/2025 01:36:07 * Finished (main,compress)
						This took about 115 seconds, peak mem usage: 265.06 Mb
[1752989869] -- 20/07/2025 01:39:45 * Finished (main,compress)
						This took about 116 seconds, peak mem usage: 270.99 Mb
[1752990092] -- 20/07/2025 01:43:38 * Finished (main,compress)
						This took about 126 seconds, peak mem usage: 265.06 Mb
[1752990330] -- 20/07/2025 01:47:49 * Finished (main,compress)
						This took about 139 seconds, peak mem usage: 265.06 Mb
[1752990587] -- 20/07/2025 01:52:13 * Finished (main,compress)
						This took about 146 seconds, peak mem usage: 265.06 Mb
[1752990859] -- 20/07/2025 01:56:56 * Finished (main,compress)
						This took about 157 seconds, peak mem usage: 265.06 Mb
[1752991145] -- 20/07/2025 02:01:44 * Finished (main,compress)
						This took about 159 seconds, peak mem usage: 265.06 Mb
[1752991440] -- 20/07/2025 02:06:45 * Finished (main,compress)
						This took about 165 seconds, peak mem usage: 276.92 Mb
[1752991746] -- 20/07/2025 02:12:03 * Finished (main,compress)
						This took about 177 seconds, peak mem usage: 265.06 Mb
[1752992068] -- 20/07/2025 02:17:25 * Finished (main,compress)
						This took about 177 seconds, peak mem usage: 265.06 Mb
[1752992398] -- 20/07/2025 02:23:02 * Finished (main,compress)
						This took about 184 seconds, peak mem usage: 265.06 Mb
[1752992692] -- 20/07/2025 02:24:52 * Finished (main,compress)
						This took about 0 seconds, peak mem usage: 70.25 Mb
[1752992700] -- 20/07/2025 02:25:01 * Finished (main,compress)
						This took about 1 seconds, peak mem usage: 74.35 Mb
[1752992715] -- 20/07/2025 02:25:17 * Finished (main,compress)
						This took about 2 seconds, peak mem usage: 74.35 Mb
[1752992737] -- 20/07/2025 02:25:40 * Finished (main,compress)
						This took about 3 seconds, peak mem usage: 74.35 Mb
[1752992766] -- 20/07/2025 02:26:09 * Finished (main,compress)
						This took about 3 seconds, peak mem usage: 74.35 Mb
[1752992800] -- 20/07/2025 02:26:44 * Finished (main,compress)
						This took about 4 seconds, peak mem usage: 78.45 Mb
[1752992841] -- 20/07/2025 02:27:26 * Finished (main,compress)
						This took about 5 seconds, peak mem usage: 78.45 Mb
[1752992889] -- 20/07/2025 02:28:14 * Finished (main,compress)
						This took about 5 seconds, peak mem usage: 78.45 Mb
[1752992943] -- 20/07/2025 02:29:08 * Finished (main,compress)
						This took about 5 seconds, peak mem usage: 78.45 Mb
[1752993004] -- 20/07/2025 02:30:11 * Finished (main,compress)
						This took about 7 seconds, peak mem usage: 78.45 Mb
[1752993074] -- 20/07/2025 02:31:20 * Finished (main,compress)
						This took about 6 seconds, peak mem usage: 78.45 Mb
[1752993149] -- 20/07/2025 02:32:36 * Finished (main,compress)
						This took about 7 seconds, peak mem usage: 86.64 Mb
[1752993231] -- 20/07/2025 02:33:58 * Finished (main,compress)
						This took about 7 seconds, peak mem usage: 78.45 Mb
[1752993320] -- 20/07/2025 02:35:29 * Finished (main,compress)
						This took about 9 seconds, peak mem usage: 78.45 Mb
[1752993418] -- 20/07/2025 02:37:06 * Finished (main,compress)
						This took about 8 seconds, peak mem usage: 78.45 Mb
[1752993521] -- 20/07/2025 02:38:48 * Finished (main,compress)
						This took about 7 seconds, peak mem usage: 78.45 Mb
[1752993630] -- 20/07/2025 02:40:38 * Finished (main,compress)
						This took about 8 seconds, peak mem usage: 78.45 Mb
[1752993746] -- 20/07/2025 02:42:34 * Finished (main,compress)
						This took about 8 seconds, peak mem usage: 78.45 Mb
[1752993869] -- 20/07/2025 02:44:36 * Finished (main,compress)
						This took about 7 seconds, peak mem usage: 78.45 Mb
[1752994000] -- 20/07/2025 02:46:48 * Finished (main,compress)
						This took about 8 seconds, peak mem usage: 78.45 Mb
[1752994140] -- 20/07/2025 02:49:08 * Finished (main,compress)
						This took about 8 seconds, peak mem usage: 78.45 Mb
[1752994284] -- 20/07/2025 02:51:32 * Finished (main,compress)
						This took about 8 seconds, peak mem usage: 78.45 Mb
[1752994440] -- 20/07/2025 02:54:09 * Finished (main,compress)
						This took about 9 seconds, peak mem usage: 78.45 Mb
[1752994605] -- 20/07/2025 02:56:56 * Finished (main,compress)
						This took about 11 seconds, peak mem usage: 86.64 Mb
[1752994781] -- 20/07/2025 02:59:53 * Finished (main,compress)
						This took about 12 seconds, peak mem usage: 78.45 Mb
[1752994955] -- 20/07/2025 03:02:37 * Finished (main,compress)
						This took about 2 seconds, peak mem usage: 425.98 Mb
[1752994963] -- 20/07/2025 03:02:46 * Finished (main,compress)
						This took about 3 seconds, peak mem usage: 578.83 Mb
[1752994976] -- 20/07/2025 03:02:59 * Finished (main,compress)
						This took about 3 seconds, peak mem usage: 578.83 Mb
[1752994994] -- 20/07/2025 03:03:17 * Finished (main,compress)
						This took about 3 seconds, peak mem usage: 578.83 Mb
[1752995015] -- 20/07/2025 03:03:39 * Finished (main,compress)
						This took about 4 seconds, peak mem usage: 578.83 Mb
[1752995041] -- 20/07/2025 03:04:05 * Finished (main,compress)
						This took about 4 seconds, peak mem usage: 609.21 Mb
[1752995071] -- 20/07/2025 03:04:35 * Finished (main,compress)
						This took about 4 seconds, peak mem usage: 609.21 Mb
[1752995104] -- 20/07/2025 03:05:09 * Finished (main,compress)
						This took about 5 seconds, peak mem usage: 609.21 Mb
[1752995140] -- 20/07/2025 03:05:47 * Finished (main,compress)
						This took about 7 seconds, peak mem usage: 609.21 Mb
[1752995184] -- 20/07/2025 03:06:31 * Finished (main,compress)
						This took about 7 seconds, peak mem usage: 609.21 Mb
[1752995231] -- 20/07/2025 03:07:17 * Finished (main,compress)
						This took about 6 seconds, peak mem usage: 609.21 Mb
[1752995281] -- 20/07/2025 03:08:09 * Finished (main,compress)
						This took about 8 seconds, peak mem usage: 609.21 Mb
[1752995337] -- 20/07/2025 03:09:05 * Finished (main,compress)
						This took about 8 seconds, peak mem usage: 609.21 Mb
[1752995396] -- 20/07/2025 03:10:05 * Finished (main,compress)
						This took about 9 seconds, peak mem usage: 609.21 Mb
[1752995461] -- 20/07/2025 03:11:11 * Finished (main,compress)
						This took about 10 seconds, peak mem usage: 609.21 Mb
[1752995532] -- 20/07/2025 03:12:22 * Finished (main,compress)
						This took about 10 seconds, peak mem usage: 609.21 Mb
[1752995606] -- 20/07/2025 03:13:37 * Finished (main,compress)
						This took about 11 seconds, peak mem usage: 609.21 Mb
[1752995684] -- 20/07/2025 03:14:55 * Finished (main,compress)
						This took about 11 seconds, peak mem usage: 609.21 Mb
[1752995767] -- 20/07/2025 03:16:18 * Finished (main,compress)
						This took about 11 seconds, peak mem usage: 609.21 Mb
[1752995854] -- 20/07/2025 03:17:47 * Finished (main,compress)
						This took about 13 seconds, peak mem usage: 609.37 Mb
[1752995946] -- 20/07/2025 03:19:19 * Finished (main,compress)
						This took about 13 seconds, peak mem usage: 609.38 Mb
[1752996042] -- 20/07/2025 03:20:55 * Finished (main,compress)
						This took about 13 seconds, peak mem usage: 609.39 Mb
[1752996143] -- 20/07/2025 03:22:37 * Finished (main,compress)
						This took about 14 seconds, peak mem usage: 609.21 Mb
[1752996248] -- 20/07/2025 03:24:22 * Finished (main,compress)
						This took about 14 seconds, peak mem usage: 609.38 Mb
[1752996358] -- 20/07/2025 03:26:12 * Finished (main,compress)
						This took about 14 seconds, peak mem usage: 609.39 Mb
[1752996464] -- 20/07/2025 03:28:10 * Finished (main,compress)
						This took about 26 seconds, peak mem usage: 2133.79 Mb
[1752996527] -- 20/07/2025 03:29:47 * Finished (main,compress)
						This took about 60 seconds, peak mem usage: 2112.20 Mb
[1752996642] -- 20/07/2025 03:32:33 * Finished (main,compress)
						This took about 111 seconds, peak mem usage: 2154.01 Mb
[1752996839] -- 20/07/2025 03:37:01 * Finished (main,compress)
						This took about 182 seconds, peak mem usage: 2112.20 Mb
[1752997122] -- 20/07/2025 03:42:56 * Finished (main,compress)
						This took about 254 seconds, peak mem usage: 2112.20 Mb
[1752997497] -- 20/07/2025 03:51:11 * Finished (main,compress)
						This took about 374 seconds, peak mem usage: 2133.79 Mb
[1752998011] -- 20/07/2025 04:01:16 * Finished (main,compress)
						This took about 465 seconds, peak mem usage: 2112.20 Mb
[1752998633] -- 20/07/2025 04:12:46 * Finished (main,compress)
						This took about 533 seconds, peak mem usage: 2133.79 Mb
[1752999341] -- 20/07/2025 04:26:14 * Finished (main,compress)
						This took about 633 seconds, peak mem usage: 2174.76 Mb
[1753000159] -- 20/07/2025 04:40:00 * Finished (main,compress)
						This took about 641 seconds, peak mem usage: 2112.20 Mb
[1753000998] -- 20/07/2025 04:56:53 * Finished (main,compress)
						This took about 815 seconds, peak mem usage: 2154.01 Mb
[1753002023] -- 20/07/2025 05:13:33 * Finished (main,compress)
						This took about 790 seconds, peak mem usage: 2133.79 Mb
[1753003033] -- 20/07/2025 05:32:02 * Finished (main,compress)
						This took about 889 seconds, peak mem usage: 2092.57 Mb
[1753004159] -- 20/07/2025 05:52:02 * Finished (main,compress)
						This took about 963 seconds, peak mem usage: 2174.76 Mb
[1753005372] -- 20/07/2025 06:13:07 * Finished (main,compress)
						This took about 1015 seconds, peak mem usage: 2174.76 Mb
[1753006649] -- 20/07/2025 06:36:22 * Finished (main,compress)
						This took about 1133 seconds, peak mem usage: 2154.01 Mb
[1753008053] -- 20/07/2025 07:00:10 * Finished (main,compress)
						This took about 1157 seconds, peak mem usage: 2092.57 Mb
[1753009488] -- 20/07/2025 07:27:29 * Finished (main,compress)
						This took about 1361 seconds, peak mem usage: 2174.76 Mb
[1753011146] -- 20/07/2025 07:56:56 * Finished (main,compress)
						This took about 1470 seconds, peak mem usage: 2133.79 Mb
[1753012924] -- 20/07/2025 08:27:37 * Finished (main,compress)
						This took about 1533 seconds, peak mem usage: 2133.79 Mb
[1753014774] -- 20/07/2025 09:00:00 * Finished (main,compress)
						This took about 1626 seconds, peak mem usage: 2154.01 Mb
[1753016728] -- 20/07/2025 09:33:54 * Finished (main,compress)
						This took about 1706 seconds, peak mem usage: 2133.79 Mb
[1753018774] -- 20/07/2025 10:08:55 * Finished (main,compress)
						This took about 1761 seconds, peak mem usage: 2112.20 Mb
[1753020884] -- 20/07/2025 10:45:39 * Finished (main,compress)
						This took about 1855 seconds, peak mem usage: 2092.57 Mb
[1753023115] -- 20/07/2025 11:27:22 * Finished (main,compress)
						This took about 2127 seconds, peak mem usage: 2133.79 Mb
[1753041416] -- 20/07/2025 15:56:56 * Finished (main,compress)
						This took about 0 seconds, peak mem usage: 8.30 Mb
[1753041452] -- 20/07/2025 15:57:32 * Finished (main,compress)
						This took about 0 seconds, peak mem usage: 11.02 Mb
[1753041494] -- 20/07/2025 15:58:14 * Finished (main,compress)
						This took about 0 seconds, peak mem usage: 12.78 Mb
[1753041532] -- 20/07/2025 15:58:53 * Finished (main,compress)
						This took about 1 seconds, peak mem usage: 33.66 Mb
[1753041574] -- 20/07/2025 15:59:35 * Finished (main,compress)
						This took about 1 seconds, peak mem usage: 18.37 Mb
[1753041614] -- 20/07/2025 16:00:14 * Finished (main,compress)
						This took about 0 seconds, peak mem usage: 12.45 Mb
[1753041656] -- 20/07/2025 16:00:58 * Finished (main,compress)
						This took about 2 seconds, peak mem usage: 496.23 Mb
[1753041715] -- 20/07/2025 16:01:57 * Finished (main,compress)
						This took about 2 seconds, peak mem usage: 228.88 Mb
[1753041892] -- 20/07/2025 16:04:52 * Finished (main,compress)
						This took about 0 seconds, peak mem usage: 8.30 Mb
[1753041892] -- 20/07/2025 16:04:52 * Finished (main,compress)
						This took about 0 seconds, peak mem usage: 8.30 Mb
[1753041893] -- 20/07/2025 16:04:53 * Finished (main,compress)
						This took about 0 seconds, peak mem usage: 8.30 Mb
[1753041893] -- 20/07/2025 16:04:53 * Finished (main,compress)
						This took about 0 seconds, peak mem usage: 8.30 Mb
[1753041894] -- 20/07/2025 16:04:54 * Finished (main,compress)
						This took about 0 seconds, peak mem usage: 8.30 Mb
[1753041895] -- 20/07/2025 16:04:55 * Finished (main,compress)
						This took about 0 seconds, peak mem usage: 8.30 Mb
[1753041895] -- 20/07/2025 16:04:55 * Finished (main,compress)
						This took about 0 seconds, peak mem usage: 8.30 Mb
[1753041896] -- 20/07/2025 16:04:56 * Finished (main,compress)
						This took about 0 seconds, peak mem usage: 8.30 Mb
[1753041897] -- 20/07/2025 16:04:57 * Finished (main,compress)
						This took about 0 seconds, peak mem usage: 8.30 Mb
[1753041897] -- 20/07/2025 16:04:57 * Finished (main,compress)
						This took about 0 seconds, peak mem usage: 8.30 Mb
[1753041898] -- 20/07/2025 16:04:58 * Finished (main,compress)
						This took about 0 seconds, peak mem usage: 8.30 Mb
[1753041899] -- 20/07/2025 16:04:59 * Finished (main,compress)
						This took about 0 seconds, peak mem usage: 8.30 Mb
[1753041900] -- 20/07/2025 16:05:00 * Finished (main,compress)
						This took about 0 seconds, peak mem usage: 8.30 Mb
[1753041900] -- 20/07/2025 16:05:00 * Finished (main,compress)
						This took about 0 seconds, peak mem usage: 8.30 Mb
[1753041901] -- 20/07/2025 16:05:01 * Finished (main,compress)
						This took about 0 seconds, peak mem usage: 8.30 Mb
[1753041902] -- 20/07/2025 16:05:02 * Finished (main,compress)
						This took about 0 seconds, peak mem usage: 8.30 Mb
[1753041903] -- 20/07/2025 16:05:03 * Finished (main,compress)
						This took about 0 seconds, peak mem usage: 8.30 Mb
[1753041904] -- 20/07/2025 16:05:04 * Finished (main,compress)
						This took about 0 seconds, peak mem usage: 8.30 Mb
[1753041905] -- 20/07/2025 16:05:05 * Finished (main,compress)
						This took about 0 seconds, peak mem usage: 8.30 Mb
[1753041906] -- 20/07/2025 16:05:06 * Finished (main,compress)
						This took about 0 seconds, peak mem usage: 8.30 Mb
[1753041906] -- 20/07/2025 16:05:06 * Finished (main,compress)
						This took about 0 seconds, peak mem usage: 8.30 Mb
[1753041907] -- 20/07/2025 16:05:07 * Finished (main,compress)
						This took about 0 seconds, peak mem usage: 8.30 Mb
[1753041908] -- 20/07/2025 16:05:08 * Finished (main,compress)
						This took about 0 seconds, peak mem usage: 8.30 Mb
[1753041909] -- 20/07/2025 16:05:09 * Finished (main,compress)
						This took about 0 seconds, peak mem usage: 8.30 Mb
[1753041910] -- 20/07/2025 16:05:10 * Finished (main,compress)
						This took about 0 seconds, peak mem usage: 8.30 Mb
[1753041912] -- 20/07/2025 16:05:12 * Finished (main,compress)
						This took about 0 seconds, peak mem usage: 11.02 Mb
[1753041913] -- 20/07/2025 16:05:13 * Finished (main,compress)
						This took about 0 seconds, peak mem usage: 10.87 Mb
[1753041914] -- 20/07/2025 16:05:14 * Finished (main,compress)
						This took about 0 seconds, peak mem usage: 11.01 Mb
[1753041916] -- 20/07/2025 16:05:16 * Finished (main,compress)
						This took about 0 seconds, peak mem usage: 10.87 Mb
[1753041919] -- 20/07/2025 16:05:19 * Finished (main,compress)
						This took about 0 seconds, peak mem usage: 10.87 Mb
[1753041921] -- 20/07/2025 16:05:22 * Finished (main,compress)
						This took about 1 seconds, peak mem usage: 11.01 Mb
[1753041925] -- 20/07/2025 16:05:25 * Finished (main,compress)
						This took about 0 seconds, peak mem usage: 10.87 Mb
[1753041929] -- 20/07/2025 16:05:29 * Finished (main,compress)
						This took about 0 seconds, peak mem usage: 11.01 Mb
[1753041933] -- 20/07/2025 16:05:33 * Finished (main,compress)
						This took about 0 seconds, peak mem usage: 11.02 Mb
[1753041938] -- 20/07/2025 16:05:38 * Finished (main,compress)
						This took about 0 seconds, peak mem usage: 11.02 Mb
[1753041943] -- 20/07/2025 16:05:43 * Finished (main,compress)
						This took about 0 seconds, peak mem usage: 10.88 Mb
[1753041949] -- 20/07/2025 16:05:49 * Finished (main,compress)
						This took about 0 seconds, peak mem usage: 10.87 Mb
[1753041955] -- 20/07/2025 16:05:55 * Finished (main,compress)
						This took about 0 seconds, peak mem usage: 11.03 Mb
[1753041962] -- 20/07/2025 16:06:02 * Finished (main,compress)
						This took about 0 seconds, peak mem usage: 10.87 Mb
[1753041969] -- 20/07/2025 16:06:09 * Finished (main,compress)
						This took about 0 seconds, peak mem usage: 10.87 Mb
[1753041977] -- 20/07/2025 16:06:17 * Finished (main,compress)
						This took about 0 seconds, peak mem usage: 11.02 Mb
[1753041986] -- 20/07/2025 16:06:26 * Finished (main,compress)
						This took about 0 seconds, peak mem usage: 10.88 Mb
[1753041995] -- 20/07/2025 16:06:35 * Finished (main,compress)
						This took about 0 seconds, peak mem usage: 10.87 Mb
[1753042004] -- 20/07/2025 16:06:44 * Finished (main,compress)
						This took about 0 seconds, peak mem usage: 10.88 Mb
[1753042014] -- 20/07/2025 16:06:54 * Finished (main,compress)
						This took about 0 seconds, peak mem usage: 11.02 Mb
[1753042023] -- 20/07/2025 16:07:04 * Finished (main,compress)
						This took about 1 seconds, peak mem usage: 10.87 Mb
[1753042033] -- 20/07/2025 16:07:14 * Finished (main,compress)
						This took about 1 seconds, peak mem usage: 11.02 Mb
[1753042044] -- 20/07/2025 16:07:24 * Finished (main,compress)
						This took about 0 seconds, peak mem usage: 11.02 Mb
[1753042054] -- 20/07/2025 16:07:35 * Finished (main,compress)
						This took about 1 seconds, peak mem usage: 11.03 Mb
[1753042065] -- 20/07/2025 16:07:46 * Finished (main,compress)
						This took about 1 seconds, peak mem usage: 10.87 Mb
[1753042078] -- 20/07/2025 16:07:58 * Finished (main,compress)
						This took about 0 seconds, peak mem usage: 12.78 Mb
[1753042079] -- 20/07/2025 16:08:00 * Finished (main,compress)
						This took about 1 seconds, peak mem usage: 12.91 Mb
[1753042082] -- 20/07/2025 16:08:02 * Finished (main,compress)
						This took about 0 seconds, peak mem usage: 12.78 Mb
[1753042086] -- 20/07/2025 16:08:06 * Finished (main,compress)
						This took about 0 seconds, peak mem usage: 12.78 Mb
[1753042091] -- 20/07/2025 16:08:12 * Finished (main,compress)
						This took about 1 seconds, peak mem usage: 12.91 Mb
[1753042098] -- 20/07/2025 16:08:18 * Finished (main,compress)
						This took about 0 seconds, peak mem usage: 12.91 Mb
[1753042105] -- 20/07/2025 16:08:25 * Finished (main,compress)
						This took about 0 seconds, peak mem usage: 12.78 Mb
[1753042113] -- 20/07/2025 16:08:33 * Finished (main,compress)
						This took about 0 seconds, peak mem usage: 13.03 Mb
[1753042122] -- 20/07/2025 16:08:42 * Finished (main,compress)
						This took about 0 seconds, peak mem usage: 12.78 Mb
[1753042132] -- 20/07/2025 16:08:52 * Finished (main,compress)
						This took about 0 seconds, peak mem usage: 13.03 Mb
[1753042143] -- 20/07/2025 16:09:03 * Finished (main,compress)
						This took about 0 seconds, peak mem usage: 12.78 Mb
[1753042156] -- 20/07/2025 16:09:16 * Finished (main,compress)
						This took about 0 seconds, peak mem usage: 12.78 Mb
[1753042169] -- 20/07/2025 16:09:29 * Finished (main,compress)
						This took about 0 seconds, peak mem usage: 12.78 Mb
[1753042183] -- 20/07/2025 16:09:43 * Finished (main,compress)
						This took about 0 seconds, peak mem usage: 12.78 Mb
[1753042199] -- 20/07/2025 16:09:59 * Finished (main,compress)
						This took about 0 seconds, peak mem usage: 12.78 Mb
[1753042215] -- 20/07/2025 16:10:15 * Finished (main,compress)
						This took about 0 seconds, peak mem usage: 13.03 Mb
[1753042233] -- 20/07/2025 16:10:33 * Finished (main,compress)
						This took about 0 seconds, peak mem usage: 12.91 Mb
[1753042252] -- 20/07/2025 16:10:52 * Finished (main,compress)
						This took about 0 seconds, peak mem usage: 13.03 Mb
[1753042272] -- 20/07/2025 16:11:12 * Finished (main,compress)
						This took about 0 seconds, peak mem usage: 12.91 Mb
[1753042293] -- 20/07/2025 16:11:33 * Finished (main,compress)
						This took about 0 seconds, peak mem usage: 12.91 Mb
[1753042315] -- 20/07/2025 16:11:55 * Finished (main,compress)
						This took about 0 seconds, peak mem usage: 12.91 Mb
[1753042338] -- 20/07/2025 16:12:19 * Finished (main,compress)
						This took about 1 seconds, peak mem usage: 12.91 Mb
[1753042363] -- 20/07/2025 16:12:43 * Finished (main,compress)
						This took about 0 seconds, peak mem usage: 12.91 Mb
[1753042389] -- 20/07/2025 16:13:09 * Finished (main,compress)
						This took about 0 seconds, peak mem usage: 12.91 Mb
[1753042416] -- 20/07/2025 16:13:36 * Finished (main,compress)
						This took about 0 seconds, peak mem usage: 12.91 Mb
[1753042445] -- 20/07/2025 16:14:05 * Finished (main,compress)
						This took about 0 seconds, peak mem usage: 33.66 Mb
[1753042446] -- 20/07/2025 16:14:06 * Finished (main,compress)
						This took about 0 seconds, peak mem usage: 38.13 Mb
[1753042458] -- 20/07/2025 16:14:19 * Finished (main,compress)
						This took about 1 seconds, peak mem usage: 38.13 Mb
[1753042472] -- 20/07/2025 16:14:32 * Finished (main,compress)
						This took about 0 seconds, peak mem usage: 38.13 Mb
[1753042488] -- 20/07/2025 16:14:48 * Finished (main,compress)
						This took about 0 seconds, peak mem usage: 38.13 Mb
[1753042510] -- 20/07/2025 16:15:11 * Finished (main,compress)
						This took about 1 seconds, peak mem usage: 38.13 Mb
[1753042537] -- 20/07/2025 16:15:37 * Finished (main,compress)
						This took about 0 seconds, peak mem usage: 38.13 Mb
[1753042564] -- 20/07/2025 16:16:04 * Finished (main,compress)
						This took about 0 seconds, peak mem usage: 38.13 Mb
[1753042592] -- 20/07/2025 16:16:32 * Finished (main,compress)
						This took about 0 seconds, peak mem usage: 38.13 Mb
[1753042626] -- 20/07/2025 16:17:06 * Finished (main,compress)
						This took about 0 seconds, peak mem usage: 38.13 Mb
[1753042660] -- 20/07/2025 16:17:41 * Finished (main,compress)
						This took about 1 seconds, peak mem usage: 38.13 Mb
[1753042698] -- 20/07/2025 16:18:18 * Finished (main,compress)
						This took about 0 seconds, peak mem usage: 38.13 Mb
[1753042737] -- 20/07/2025 16:18:57 * Finished (main,compress)
						This took about 0 seconds, peak mem usage: 38.13 Mb
[1753042777] -- 20/07/2025 16:19:37 * Finished (main,compress)
						This took about 0 seconds, peak mem usage: 38.13 Mb
[1753042821] -- 20/07/2025 16:20:21 * Finished (main,compress)
						This took about 0 seconds, peak mem usage: 38.13 Mb
[1753042866] -- 20/07/2025 16:21:06 * Finished (main,compress)
						This took about 0 seconds, peak mem usage: 38.13 Mb
[1753042916] -- 20/07/2025 16:21:56 * Finished (main,compress)
						This took about 0 seconds, peak mem usage: 38.13 Mb
[1753042967] -- 20/07/2025 16:22:47 * Finished (main,compress)
						This took about 0 seconds, peak mem usage: 38.13 Mb
[1753043020] -- 20/07/2025 16:23:40 * Finished (main,compress)
						This took about 0 seconds, peak mem usage: 38.13 Mb
[1753043073] -- 20/07/2025 16:24:34 * Finished (main,compress)
						This took about 1 seconds, peak mem usage: 38.13 Mb
[1753043127] -- 20/07/2025 16:25:28 * Finished (main,compress)
						This took about 1 seconds, peak mem usage: 38.13 Mb
[1753043183] -- 20/07/2025 16:26:23 * Finished (main,compress)
						This took about 0 seconds, peak mem usage: 38.13 Mb
[1753043242] -- 20/07/2025 16:27:22 * Finished (main,compress)
						This took about 0 seconds, peak mem usage: 38.13 Mb
[1753043301] -- 20/07/2025 16:28:22 * Finished (main,compress)
						This took about 1 seconds, peak mem usage: 38.13 Mb
[1753043365] -- 20/07/2025 16:29:26 * Finished (main,compress)
						This took about 1 seconds, peak mem usage: 38.13 Mb
[1753043432] -- 20/07/2025 16:30:32 * Finished (main,compress)
						This took about 0 seconds, peak mem usage: 18.37 Mb
[1753043433] -- 20/07/2025 16:30:35 * Finished (main,compress)
						This took about 2 seconds, peak mem usage: 22.97 Mb
[1753043436] -- 20/07/2025 16:30:38 * Finished (main,compress)
						This took about 2 seconds, peak mem usage: 22.97 Mb
[1753043440] -- 20/07/2025 16:30:42 * Finished (main,compress)
						This took about 2 seconds, peak mem usage: 22.97 Mb
[1753043444] -- 20/07/2025 16:30:48 * Finished (main,compress)
						This took about 4 seconds, peak mem usage: 22.97 Mb
[1753043451] -- 20/07/2025 16:30:56 * Finished (main,compress)
						This took about 5 seconds, peak mem usage: 22.97 Mb
[1753043459] -- 20/07/2025 16:31:05 * Finished (main,compress)
						This took about 6 seconds, peak mem usage: 22.97 Mb
[1753043469] -- 20/07/2025 16:31:17 * Finished (main,compress)
						This took about 8 seconds, peak mem usage: 22.97 Mb
[1753043481] -- 20/07/2025 16:31:29 * Finished (main,compress)
						This took about 8 seconds, peak mem usage: 22.97 Mb
[1753043494] -- 20/07/2025 16:31:44 * Finished (main,compress)
						This took about 10 seconds, peak mem usage: 22.97 Mb
[1753043509] -- 20/07/2025 16:32:01 * Finished (main,compress)
						This took about 12 seconds, peak mem usage: 22.97 Mb
[1753043527] -- 20/07/2025 16:32:20 * Finished (main,compress)
						This took about 13 seconds, peak mem usage: 22.97 Mb
[1753043546] -- 20/07/2025 16:32:41 * Finished (main,compress)
						This took about 15 seconds, peak mem usage: 23.10 Mb
[1753043567] -- 20/07/2025 16:33:04 * Finished (main,compress)
						This took about 17 seconds, peak mem usage: 23.10 Mb
[1753043591] -- 20/07/2025 16:33:30 * Finished (main,compress)
						This took about 19 seconds, peak mem usage: 23.10 Mb
[1753043618] -- 20/07/2025 16:33:59 * Finished (main,compress)
						This took about 21 seconds, peak mem usage: 23.11 Mb
[1753043647] -- 20/07/2025 16:34:33 * Finished (main,compress)
						This took about 26 seconds, peak mem usage: 23.11 Mb
[1753043682] -- 20/07/2025 16:35:08 * Finished (main,compress)
						This took about 26 seconds, peak mem usage: 23.11 Mb
[1753043717] -- 20/07/2025 16:35:48 * Finished (main,compress)
						This took about 31 seconds, peak mem usage: 23.11 Mb
[1753043758] -- 20/07/2025 16:36:26 * Finished (main,compress)
						This took about 28 seconds, peak mem usage: 23.10 Mb
[1753043796] -- 20/07/2025 16:37:06 * Finished (main,compress)
						This took about 30 seconds, peak mem usage: 23.10 Mb
[1753043836] -- 20/07/2025 16:37:47 * Finished (main,compress)
						This took about 31 seconds, peak mem usage: 23.11 Mb
[1753043878] -- 20/07/2025 16:38:32 * Finished (main,compress)
						This took about 34 seconds, peak mem usage: 23.10 Mb
[1753043923] -- 20/07/2025 16:39:19 * Finished (main,compress)
						This took about 36 seconds, peak mem usage: 23.10 Mb
[1753043971] -- 20/07/2025 16:40:08 * Finished (main,compress)
						This took about 37 seconds, peak mem usage: 23.10 Mb
[1753044021] -- 20/07/2025 16:40:21 * Finished (main,compress)
						This took about 0 seconds, peak mem usage: 12.45 Mb
[1753044022] -- 20/07/2025 16:40:22 * Finished (main,compress)
						This took about 0 seconds, peak mem usage: 12.45 Mb
[1753044024] -- 20/07/2025 16:40:24 * Finished (main,compress)
						This took about 0 seconds, peak mem usage: 12.45 Mb
[1753044028] -- 20/07/2025 16:40:28 * Finished (main,compress)
						This took about 0 seconds, peak mem usage: 12.45 Mb
[1753044033] -- 20/07/2025 16:40:33 * Finished (main,compress)
						This took about 0 seconds, peak mem usage: 12.82 Mb
[1753044040] -- 20/07/2025 16:40:40 * Finished (main,compress)
						This took about 0 seconds, peak mem usage: 12.82 Mb
[1753044048] -- 20/07/2025 16:40:48 * Finished (main,compress)
						This took about 0 seconds, peak mem usage: 12.82 Mb
[1753044057] -- 20/07/2025 16:40:57 * Finished (main,compress)
						This took about 0 seconds, peak mem usage: 12.82 Mb
[1753044067] -- 20/07/2025 16:41:07 * Finished (main,compress)
						This took about 0 seconds, peak mem usage: 13.00 Mb
[1753044079] -- 20/07/2025 16:41:19 * Finished (main,compress)
						This took about 0 seconds, peak mem usage: 13.00 Mb
[1753044092] -- 20/07/2025 16:41:33 * Finished (main,compress)
						This took about 1 seconds, peak mem usage: 13.19 Mb
[1753044107] -- 20/07/2025 16:41:47 * Finished (main,compress)
						This took about 0 seconds, peak mem usage: 13.19 Mb
[1753044123] -- 20/07/2025 16:42:03 * Finished (main,compress)
						This took about 0 seconds, peak mem usage: 13.19 Mb
[1753044141] -- 20/07/2025 16:42:21 * Finished (main,compress)
						This took about 0 seconds, peak mem usage: 13.19 Mb
[1753044160] -- 20/07/2025 16:42:40 * Finished (main,compress)
						This took about 0 seconds, peak mem usage: 13.19 Mb
[1753044180] -- 20/07/2025 16:43:00 * Finished (main,compress)
						This took about 0 seconds, peak mem usage: 13.19 Mb
[1753044202] -- 20/07/2025 16:43:22 * Finished (main,compress)
						This took about 0 seconds, peak mem usage: 13.19 Mb
[1753044225] -- 20/07/2025 16:43:45 * Finished (main,compress)
						This took about 0 seconds, peak mem usage: 13.19 Mb
[1753044249] -- 20/07/2025 16:44:10 * Finished (main,compress)
						This took about 1 seconds, peak mem usage: 13.19 Mb
[1753044274] -- 20/07/2025 16:44:34 * Finished (main,compress)
						This took about 0 seconds, peak mem usage: 13.19 Mb
[1753044301] -- 20/07/2025 16:45:01 * Finished (main,compress)
						This took about 0 seconds, peak mem usage: 13.19 Mb
[1753044327] -- 20/07/2025 16:45:27 * Finished (main,compress)
						This took about 0 seconds, peak mem usage: 13.19 Mb
[1753044355] -- 20/07/2025 16:45:55 * Finished (main,compress)
						This took about 0 seconds, peak mem usage: 13.19 Mb
[1753044383] -- 20/07/2025 16:46:23 * Finished (main,compress)
						This took about 0 seconds, peak mem usage: 13.75 Mb
[1753044411] -- 20/07/2025 16:46:51 * Finished (main,compress)
						This took about 0 seconds, peak mem usage: 13.75 Mb
[1753044445] -- 20/07/2025 16:47:27 * Finished (main,compress)
						This took about 2 seconds, peak mem usage: 496.23 Mb
[1753044464] -- 20/07/2025 16:47:47 * Finished (main,compress)
						This took about 3 seconds, peak mem usage: 503.43 Mb
[1753044499] -- 20/07/2025 16:48:22 * Finished (main,compress)
						This took about 3 seconds, peak mem usage: 517.85 Mb
[1753044552] -- 20/07/2025 16:49:17 * Finished (main,compress)
						This took about 5 seconds, peak mem usage: 517.85 Mb
[1753044627] -- 20/07/2025 16:50:34 * Finished (main,compress)
						This took about 7 seconds, peak mem usage: 517.85 Mb
[1753044722] -- 20/07/2025 16:52:10 * Finished (main,compress)
						This took about 8 seconds, peak mem usage: 517.85 Mb
[1753044837] -- 20/07/2025 16:54:06 * Finished (main,compress)
						This took about 9 seconds, peak mem usage: 517.85 Mb
[1753044973] -- 20/07/2025 16:56:22 * Finished (main,compress)
						This took about 9 seconds, peak mem usage: 517.85 Mb
[1753045130] -- 20/07/2025 16:59:00 * Finished (main,compress)
						This took about 10 seconds, peak mem usage: 517.85 Mb
[1753045308] -- 20/07/2025 17:01:58 * Finished (main,compress)
						This took about 10 seconds, peak mem usage: 517.85 Mb
[1753045504] -- 20/07/2025 17:05:14 * Finished (main,compress)
						This took about 10 seconds, peak mem usage: 525.05 Mb
[1753045719] -- 20/07/2025 17:08:49 * Finished (main,compress)
						This took about 10 seconds, peak mem usage: 525.05 Mb
[1753045956] -- 20/07/2025 17:12:47 * Finished (main,compress)
						This took about 11 seconds, peak mem usage: 532.26 Mb
[1753046214] -- 20/07/2025 17:17:06 * Finished (main,compress)
						This took about 12 seconds, peak mem usage: 532.26 Mb
[1753046496] -- 20/07/2025 17:21:48 * Finished (main,compress)
						This took about 12 seconds, peak mem usage: 532.26 Mb
[1753046796] -- 20/07/2025 17:26:48 * Finished (main,compress)
						This took about 12 seconds, peak mem usage: 532.46 Mb
[1753047119] -- 20/07/2025 17:32:12 * Finished (main,compress)
						This took about 13 seconds, peak mem usage: 532.26 Mb
[1753047465] -- 20/07/2025 17:37:57 * Finished (main,compress)
						This took about 12 seconds, peak mem usage: 532.26 Mb
[1753047832] -- 20/07/2025 17:44:05 * Finished (main,compress)
						This took about 13 seconds, peak mem usage: 532.46 Mb
[1753048221] -- 20/07/2025 17:50:34 * Finished (main,compress)
						This took about 13 seconds, peak mem usage: 532.26 Mb
[1753048633] -- 20/07/2025 17:57:26 * Finished (main,compress)
						This took about 13 seconds, peak mem usage: 532.26 Mb
[1753049072] -- 20/07/2025 18:04:45 * Finished (main,compress)
						This took about 13 seconds, peak mem usage: 532.26 Mb
[1753049532] -- 20/07/2025 18:12:26 * Finished (main,compress)
						This took about 14 seconds, peak mem usage: 532.26 Mb
[1753050026] -- 20/07/2025 18:20:40 * Finished (main,compress)
						This took about 14 seconds, peak mem usage: 532.26 Mb
[1753050548] -- 20/07/2025 18:29:22 * Finished (main,compress)
						This took about 14 seconds, peak mem usage: 546.69 Mb
[1753051063] -- 20/07/2025 18:37:45 * Finished (main,compress)
						This took about 2 seconds, peak mem usage: 228.88 Mb
[1753051081] -- 20/07/2025 18:38:04 * Finished (main,compress)
						This took about 3 seconds, peak mem usage: 269.03 Mb
[1753051114] -- 20/07/2025 18:38:38 * Finished (main,compress)
						This took about 4 seconds, peak mem usage: 269.03 Mb
[1753051163] -- 20/07/2025 18:39:28 * Finished (main,compress)
						This took about 5 seconds, peak mem usage: 269.03 Mb
[1753051231] -- 20/07/2025 18:40:37 * Finished (main,compress)
						This took about 6 seconds, peak mem usage: 269.03 Mb
[1753051321] -- 20/07/2025 18:42:08 * Finished (main,compress)
						This took about 7 seconds, peak mem usage: 269.03 Mb
[1753051430] -- 20/07/2025 18:43:57 * Finished (main,compress)
						This took about 7 seconds, peak mem usage: 269.03 Mb
[1753051557] -- 20/07/2025 18:46:03 * Finished (main,compress)
						This took about 6 seconds, peak mem usage: 269.03 Mb
[1753051703] -- 20/07/2025 18:48:30 * Finished (main,compress)
						This took about 7 seconds, peak mem usage: 269.03 Mb
[1753051871] -- 20/07/2025 18:51:20 * Finished (main,compress)
						This took about 9 seconds, peak mem usage: 269.03 Mb
[1753052069] -- 20/07/2025 18:54:39 * Finished (main,compress)
						This took about 10 seconds, peak mem usage: 269.03 Mb
[1753052291] -- 20/07/2025 18:58:22 * Finished (main,compress)
						This took about 11 seconds, peak mem usage: 269.03 Mb
[1753052540] -- 20/07/2025 19:02:31 * Finished (main,compress)
						This took about 11 seconds, peak mem usage: 269.03 Mb
[1753052814] -- 20/07/2025 19:07:05 * Finished (main,compress)
						This took about 11 seconds, peak mem usage: 269.03 Mb
[1753053114] -- 20/07/2025 19:12:07 * Finished (main,compress)
						This took about 13 seconds, peak mem usage: 269.03 Mb
[1753053444] -- 20/07/2025 19:17:37 * Finished (main,compress)
						This took about 13 seconds, peak mem usage: 269.03 Mb
[1753053808] -- 20/07/2025 19:23:42 * Finished (main,compress)
						This took about 14 seconds, peak mem usage: 269.03 Mb
[1753054205] -- 20/07/2025 19:30:19 * Finished (main,compress)
						This took about 14 seconds, peak mem usage: 269.03 Mb
[1753054635] -- 20/07/2025 19:37:29 * Finished (main,compress)
						This took about 14 seconds, peak mem usage: 269.03 Mb
[1753055090] -- 20/07/2025 19:45:05 * Finished (main,compress)
						This took about 15 seconds, peak mem usage: 269.03 Mb
[1753055578] -- 20/07/2025 19:53:12 * Finished (main,compress)
						This took about 14 seconds, peak mem usage: 269.03 Mb
[1753056097] -- 20/07/2025 20:01:51 * Finished (main,compress)
						This took about 14 seconds, peak mem usage: 269.03 Mb
[1753056652] -- 20/07/2025 20:11:05 * Finished (main,compress)
						This took about 13 seconds, peak mem usage: 269.03 Mb
[1753057240] -- 20/07/2025 20:20:54 * Finished (main,compress)
						This took about 14 seconds, peak mem usage: 269.03 Mb
[1753057871] -- 20/07/2025 20:31:24 * Finished (main,compress)
						This took about 13 seconds, peak mem usage: 269.03 Mb
[1753058523] -- 20/07/2025 20:42:08 * Finished (main,compress)
						This took about 5 seconds, peak mem usage: 265.06 Mb
[1753058551] -- 20/07/2025 20:42:42 * Finished (main,compress)
						This took about 11 seconds, peak mem usage: 265.06 Mb
[1753058604] -- 20/07/2025 20:43:42 * Finished (main,compress)
						This took about 18 seconds, peak mem usage: 270.99 Mb
[1753058684] -- 20/07/2025 20:45:11 * Finished (main,compress)
						This took about 27 seconds, peak mem usage: 265.06 Mb
[1753058792] -- 20/07/2025 20:47:11 * Finished (main,compress)
						This took about 39 seconds, peak mem usage: 265.06 Mb
[1753058930] -- 20/07/2025 20:49:33 * Finished (main,compress)
						This took about 43 seconds, peak mem usage: 265.06 Mb
[1753059092] -- 20/07/2025 20:52:20 * Finished (main,compress)
						This took about 48 seconds, peak mem usage: 265.06 Mb
[1753059279] -- 20/07/2025 20:55:33 * Finished (main,compress)
						This took about 54 seconds, peak mem usage: 270.99 Mb
[1753059492] -- 20/07/2025 20:59:13 * Finished (main,compress)
						This took about 61 seconds, peak mem usage: 265.06 Mb
[1753059730] -- 20/07/2025 21:03:16 * Finished (main,compress)
						This took about 66 seconds, peak mem usage: 270.99 Mb
[1753059996] -- 20/07/2025 21:07:49 * Finished (main,compress)
						This took about 73 seconds, peak mem usage: 265.06 Mb
[1753060293] -- 20/07/2025 21:12:56 * Finished (main,compress)
						This took about 83 seconds, peak mem usage: 265.06 Mb
[1753060618] -- 20/07/2025 21:18:26 * Finished (main,compress)
						This took about 88 seconds, peak mem usage: 265.06 Mb
[1753060972] -- 20/07/2025 21:24:25 * Finished (main,compress)
						This took about 93 seconds, peak mem usage: 265.06 Mb
[1753061351] -- 20/07/2025 21:30:54 * Finished (main,compress)
						This took about 103 seconds, peak mem usage: 265.06 Mb
[1753061764] -- 20/07/2025 21:37:56 * Finished (main,compress)
						This took about 112 seconds, peak mem usage: 265.06 Mb
[1753062209] -- 20/07/2025 21:45:27 * Finished (main,compress)
						This took about 118 seconds, peak mem usage: 265.06 Mb
[1753062683] -- 20/07/2025 21:53:28 * Finished (main,compress)
						This took about 125 seconds, peak mem usage: 265.06 Mb
[1753063194] -- 20/07/2025 22:02:03 * Finished (main,compress)
						This took about 129 seconds, peak mem usage: 265.06 Mb
[1753063731] -- 20/07/2025 22:11:03 * Finished (main,compress)
						This took about 132 seconds, peak mem usage: 270.99 Mb
[1753064300] -- 20/07/2025 22:20:36 * Finished (main,compress)
						This took about 136 seconds, peak mem usage: 265.06 Mb
[1753064895] -- 20/07/2025 22:30:42 * Finished (main,compress)
						This took about 147 seconds, peak mem usage: 265.06 Mb
[1753065529] -- 20/07/2025 22:41:18 * Finished (main,compress)
						This took about 149 seconds, peak mem usage: 265.06 Mb
[1753066190] -- 20/07/2025 22:52:31 * Finished (main,compress)
						This took about 161 seconds, peak mem usage: 265.06 Mb
[1753066889] -- 20/07/2025 23:04:06 * Finished (main,compress)
						This took about 157 seconds, peak mem usage: 276.92 Mb
[1753067569] -- 20/07/2025 23:12:49 * Finished (main,compress)
						This took about 0 seconds, peak mem usage: 70.25 Mb
[1753067593] -- 20/07/2025 23:13:15 * Finished (main,compress)
						This took about 2 seconds, peak mem usage: 82.54 Mb
[1753067645] -- 20/07/2025 23:14:06 * Finished (main,compress)
						This took about 1 seconds, peak mem usage: 74.35 Mb
[1753067722] -- 20/07/2025 23:15:25 * Finished (main,compress)
						This took about 3 seconds, peak mem usage: 82.54 Mb
[1753067829] -- 20/07/2025 23:17:11 * Finished (main,compress)
						This took about 2 seconds, peak mem usage: 78.45 Mb
[1753067967] -- 20/07/2025 23:19:30 * Finished (main,compress)
						This took about 3 seconds, peak mem usage: 78.45 Mb
[1753068135] -- 20/07/2025 23:22:17 * Finished (main,compress)
						This took about 2 seconds, peak mem usage: 78.45 Mb
[1753068332] -- 20/07/2025 23:25:36 * Finished (main,compress)
						This took about 4 seconds, peak mem usage: 78.45 Mb
[1753068564] -- 20/07/2025 23:29:28 * Finished (main,compress)
						This took about 4 seconds, peak mem usage: 78.45 Mb
[1753068830] -- 20/07/2025 23:33:55 * Finished (main,compress)
						This took about 5 seconds, peak mem usage: 78.45 Mb
[1753069132] -- 20/07/2025 23:38:57 * Finished (main,compress)
						This took about 5 seconds, peak mem usage: 78.45 Mb
[1753069472] -- 20/07/2025 23:44:37 * Finished (main,compress)
						This took about 5 seconds, peak mem usage: 78.45 Mb
[1753069848] -- 20/07/2025 23:50:53 * Finished (main,compress)
						This took about 5 seconds, peak mem usage: 78.45 Mb
[1753070272] -- 20/07/2025 23:57:58 * Finished (main,compress)
						This took about 6 seconds, peak mem usage: 78.45 Mb
[1753070725] -- 21/07/2025 00:05:32 * Finished (main,compress)
						This took about 7 seconds, peak mem usage: 78.45 Mb
[1753071223] -- 21/07/2025 00:13:50 * Finished (main,compress)
						This took about 7 seconds, peak mem usage: 78.45 Mb
[1753071762] -- 21/07/2025 00:22:50 * Finished (main,compress)
						This took about 8 seconds, peak mem usage: 78.45 Mb
[1753072360] -- 21/07/2025 00:32:49 * Finished (main,compress)
						This took about 9 seconds, peak mem usage: 78.45 Mb
[1753073003] -- 21/07/2025 00:43:31 * Finished (main,compress)
						This took about 8 seconds, peak mem usage: 78.45 Mb
[1753073690] -- 21/07/2025 00:54:59 * Finished (main,compress)
						This took about 9 seconds, peak mem usage: 78.45 Mb
[1753074426] -- 21/07/2025 01:07:15 * Finished (main,compress)
						This took about 9 seconds, peak mem usage: 78.45 Mb
[1753075215] -- 21/07/2025 01:20:23 * Finished (main,compress)
						This took about 8 seconds, peak mem usage: 78.45 Mb
[1753076050] -- 21/07/2025 01:34:19 * Finished (main,compress)
						This took about 9 seconds, peak mem usage: 78.45 Mb
[1753076934] -- 21/07/2025 01:49:03 * Finished (main,compress)
						This took about 9 seconds, peak mem usage: 78.45 Mb
[1753077870] -- 21/07/2025 02:04:40 * Finished (main,compress)
						This took about 10 seconds, peak mem usage: 78.45 Mb
[1753078848] -- 21/07/2025 02:20:49 * Finished (main,compress)
						This took about 1 seconds, peak mem usage: 425.98 Mb
[1753078863] -- 21/07/2025 02:21:05 * Finished (main,compress)
						This took about 2 seconds, peak mem usage: 425.98 Mb
[1753078891] -- 21/07/2025 02:21:33 * Finished (main,compress)
						This took about 2 seconds, peak mem usage: 425.98 Mb
[1753078930] -- 21/07/2025 02:22:13 * Finished (main,compress)
						This took about 3 seconds, peak mem usage: 449.12 Mb
[1753078982] -- 21/07/2025 02:23:05 * Finished (main,compress)
						This took about 3 seconds, peak mem usage: 449.12 Mb
[1753079045] -- 21/07/2025 02:24:08 * Finished (main,compress)
						This took about 3 seconds, peak mem usage: 571.16 Mb
[1753079119] -- 21/07/2025 02:25:23 * Finished (main,compress)
						This took about 4 seconds, peak mem usage: 571.16 Mb
[1753079207] -- 21/07/2025 02:26:51 * Finished (main,compress)
						This took about 4 seconds, peak mem usage: 571.16 Mb
[1753079308] -- 21/07/2025 02:28:33 * Finished (main,compress)
						This took about 5 seconds, peak mem usage: 617.03 Mb
[1753079424] -- 21/07/2025 02:30:29 * Finished (main,compress)
						This took about 5 seconds, peak mem usage: 617.03 Mb
[1753079557] -- 21/07/2025 02:32:42 * Finished (main,compress)
						This took about 5 seconds, peak mem usage: 617.03 Mb
[1753079709] -- 21/07/2025 02:35:14 * Finished (main,compress)
						This took about 5 seconds, peak mem usage: 617.03 Mb
[1753079878] -- 21/07/2025 02:38:05 * Finished (main,compress)
						This took about 7 seconds, peak mem usage: 617.03 Mb
[1753080071] -- 21/07/2025 02:41:18 * Finished (main,compress)
						This took about 7 seconds, peak mem usage: 617.03 Mb
[1753080281] -- 21/07/2025 02:44:49 * Finished (main,compress)
						This took about 8 seconds, peak mem usage: 617.03 Mb
[1753080512] -- 21/07/2025 02:48:39 * Finished (main,compress)
						This took about 7 seconds, peak mem usage: 617.03 Mb
[1753080762] -- 21/07/2025 02:52:50 * Finished (main,compress)
						This took about 8 seconds, peak mem usage: 624.61 Mb
[1753081036] -- 21/07/2025 02:57:25 * Finished (main,compress)
						This took about 9 seconds, peak mem usage: 624.61 Mb
[1753081333] -- 21/07/2025 03:02:22 * Finished (main,compress)
						This took about 9 seconds, peak mem usage: 624.61 Mb
[1753081653] -- 21/07/2025 03:07:44 * Finished (main,compress)
						This took about 11 seconds, peak mem usage: 624.61 Mb
[1753082006] -- 21/07/2025 03:13:37 * Finished (main,compress)
						This took about 11 seconds, peak mem usage: 624.61 Mb
[1753082380] -- 21/07/2025 03:19:52 * Finished (main,compress)
						This took about 12 seconds, peak mem usage: 624.61 Mb
[1753082777] -- 21/07/2025 03:26:29 * Finished (main,compress)
						This took about 12 seconds, peak mem usage: 624.61 Mb
[1753083201] -- 21/07/2025 03:33:35 * Finished (main,compress)
						This took about 14 seconds, peak mem usage: 624.61 Mb
[1753083649] -- 21/07/2025 03:41:03 * Finished (main,compress)
						This took about 14 seconds, peak mem usage: 624.61 Mb
[1753084102] -- 21/07/2025 03:48:47 * Finished (main,compress)
						This took about 25 seconds, peak mem usage: 2133.79 Mb
[1753084174] -- 21/07/2025 03:50:39 * Finished (main,compress)
						This took about 65 seconds, peak mem usage: 2133.79 Mb
[1753084316] -- 21/07/2025 03:53:43 * Finished (main,compress)
						This took about 107 seconds, peak mem usage: 2133.79 Mb
[1753084529] -- 21/07/2025 03:59:49 * Finished (main,compress)
						This took about 260 seconds, peak mem usage: 2154.01 Mb
[1753084953] -- 21/07/2025 04:07:19 * Finished (main,compress)
						This took about 286 seconds, peak mem usage: 2154.01 Mb
[1753085426] -- 21/07/2025 04:17:55 * Finished (main,compress)
						This took about 449 seconds, peak mem usage: 2112.20 Mb
[1753086099] -- 21/07/2025 04:28:32 * Finished (main,compress)
						This took about 413 seconds, peak mem usage: 2133.79 Mb
[1753086760] -- 21/07/2025 04:40:58 * Finished (main,compress)
						This took about 498 seconds, peak mem usage: 2154.01 Mb
[1753087536] -- 21/07/2025 04:55:43 * Finished (main,compress)
						This took about 607 seconds, peak mem usage: 2154.01 Mb
[1753088454] -- 21/07/2025 05:13:02 * Finished (main,compress)
						This took about 728 seconds, peak mem usage: 2112.20 Mb
[1753089529] -- 21/07/2025 05:32:16 * Finished (main,compress)
						This took about 807 seconds, peak mem usage: 2072.21 Mb
[1753090722] -- 21/07/2025 05:52:27 * Finished (main,compress)
						This took about 825 seconds, peak mem usage: 2133.79 Mb
[1753091958] -- 21/07/2025 06:15:07 * Finished (main,compress)
						This took about 949 seconds, peak mem usage: 2112.20 Mb
[1753093348] -- 21/07/2025 06:38:44 * Finished (main,compress)
						This took about 976 seconds, peak mem usage: 2133.79 Mb
[1753094793] -- 21/07/2025 07:06:05 * Finished (main,compress)
						This took about 1172 seconds, peak mem usage: 2112.20 Mb
[1753096459] -- 21/07/2025 07:33:57 * Finished (main,compress)
						This took about 1178 seconds, peak mem usage: 2092.57 Mb
[1753098175] -- 21/07/2025 08:05:35 * Finished (main,compress)
						This took about 1360 seconds, peak mem usage: 2133.79 Mb
[1753100097] -- 21/07/2025 08:36:34 * Finished (main,compress)
						This took about 1297 seconds, peak mem usage: 2174.76 Mb
[1753101995] -- 21/07/2025 09:08:02 * Finished (main,compress)
						This took about 1287 seconds, peak mem usage: 2154.01 Mb
[1753103911] -- 21/07/2025 09:43:46 * Finished (main,compress)
						This took about 1515 seconds, peak mem usage: 2092.57 Mb
[1753106077] -- 21/07/2025 10:20:24 * Finished (main,compress)
						This took about 1547 seconds, peak mem usage: 2133.79 Mb
[1753108313] -- 21/07/2025 10:59:32 * Finished (main,compress)
						This took about 1659 seconds, peak mem usage: 2154.01 Mb
[1753110701] -- 21/07/2025 11:41:53 * Finished (main,compress)
						This took about 1812 seconds, peak mem usage: 2112.20 Mb
[1753113271] -- 21/07/2025 12:26:58 * Finished (main,compress)
						This took about 1947 seconds, peak mem usage: 2133.79 Mb
[1753116013] -- 21/07/2025 13:16:16 * Finished (main,compress)
						This took about 2163 seconds, peak mem usage: 2133.79 Mb
[1753123119] -- 21/07/2025 14:38:39 * Finished (main,compress)
						This took about 0 seconds, peak mem usage: 8.30 Mb
[1753123120] -- 21/07/2025 14:38:40 * Finished (main,compress)
						This took about 0 seconds, peak mem usage: 8.30 Mb
[1753123120] -- 21/07/2025 14:38:40 * Finished (main,compress)
						This took about 0 seconds, peak mem usage: 8.30 Mb
[1753123121] -- 21/07/2025 14:38:41 * Finished (main,compress)
						This took about 0 seconds, peak mem usage: 8.30 Mb
[1753123121] -- 21/07/2025 14:38:41 * Finished (main,compress)
						This took about 0 seconds, peak mem usage: 8.30 Mb
[1753123121] -- 21/07/2025 14:38:41 * Finished (main,compress)
						This took about 0 seconds, peak mem usage: 8.30 Mb
[1753123122] -- 21/07/2025 14:38:42 * Finished (main,compress)
						This took about 0 seconds, peak mem usage: 8.30 Mb
[1753123122] -- 21/07/2025 14:38:42 * Finished (main,compress)
						This took about 0 seconds, peak mem usage: 8.30 Mb
[1753123122] -- 21/07/2025 14:38:42 * Finished (main,compress)
						This took about 0 seconds, peak mem usage: 8.30 Mb
[1753123123] -- 21/07/2025 14:38:43 * Finished (main,compress)
						This took about 0 seconds, peak mem usage: 8.30 Mb
[1753123123] -- 21/07/2025 14:38:43 * Finished (main,compress)
						This took about 0 seconds, peak mem usage: 8.30 Mb
[1753123123] -- 21/07/2025 14:38:43 * Finished (main,compress)
						This took about 0 seconds, peak mem usage: 8.30 Mb
[1753123124] -- 21/07/2025 14:38:44 * Finished (main,compress)
						This took about 0 seconds, peak mem usage: 8.30 Mb
[1753123124] -- 21/07/2025 14:38:44 * Finished (main,compress)
						This took about 0 seconds, peak mem usage: 8.30 Mb
[1753123125] -- 21/07/2025 14:38:45 * Finished (main,compress)
						This took about 0 seconds, peak mem usage: 8.30 Mb
[1753123125] -- 21/07/2025 14:38:45 * Finished (main,compress)
						This took about 0 seconds, peak mem usage: 8.30 Mb
[1753123125] -- 21/07/2025 14:38:45 * Finished (main,compress)
						This took about 0 seconds, peak mem usage: 8.30 Mb
[1753123126] -- 21/07/2025 14:38:46 * Finished (main,compress)
						This took about 0 seconds, peak mem usage: 8.30 Mb
[1753123126] -- 21/07/2025 14:38:46 * Finished (main,compress)
						This took about 0 seconds, peak mem usage: 8.30 Mb
[1753123127] -- 21/07/2025 14:38:47 * Finished (main,compress)
						This took about 0 seconds, peak mem usage: 8.30 Mb
[1753123127] -- 21/07/2025 14:38:47 * Finished (main,compress)
						This took about 0 seconds, peak mem usage: 8.30 Mb
[1753123128] -- 21/07/2025 14:38:48 * Finished (main,compress)
						This took about 0 seconds, peak mem usage: 8.30 Mb
[1753123128] -- 21/07/2025 14:38:48 * Finished (main,compress)
						This took about 0 seconds, peak mem usage: 8.30 Mb
[1753123129] -- 21/07/2025 14:38:49 * Finished (main,compress)
						This took about 0 seconds, peak mem usage: 8.30 Mb
[1753123129] -- 21/07/2025 14:38:49 * Finished (main,compress)
						This took about 0 seconds, peak mem usage: 8.30 Mb
[1753123131] -- 21/07/2025 14:38:51 * Finished (main,compress)
						This took about 0 seconds, peak mem usage: 11.02 Mb
[1753123131] -- 21/07/2025 14:38:51 * Finished (main,compress)
						This took about 0 seconds, peak mem usage: 10.87 Mb
[1753123132] -- 21/07/2025 14:38:52 * Finished (main,compress)
						This took about 0 seconds, peak mem usage: 11.02 Mb
[1753123133] -- 21/07/2025 14:38:53 * Finished (main,compress)
						This took about 0 seconds, peak mem usage: 11.01 Mb
[1753123134] -- 21/07/2025 14:38:54 * Finished (main,compress)
						This took about 0 seconds, peak mem usage: 10.86 Mb
[1753123135] -- 21/07/2025 14:38:55 * Finished (main,compress)
						This took about 0 seconds, peak mem usage: 11.01 Mb
[1753123136] -- 21/07/2025 14:38:56 * Finished (main,compress)
						This took about 0 seconds, peak mem usage: 11.02 Mb
[1753123138] -- 21/07/2025 14:38:58 * Finished (main,compress)
						This took about 0 seconds, peak mem usage: 11.02 Mb
[1753123139] -- 21/07/2025 14:38:59 * Finished (main,compress)
						This took about 0 seconds, peak mem usage: 11.02 Mb
[1753123141] -- 21/07/2025 14:39:01 * Finished (main,compress)
						This took about 0 seconds, peak mem usage: 11.01 Mb
[1753123142] -- 21/07/2025 14:39:02 * Finished (main,compress)
						This took about 0 seconds, peak mem usage: 11.02 Mb
[1753123144] -- 21/07/2025 14:39:04 * Finished (main,compress)
						This took about 0 seconds, peak mem usage: 10.87 Mb
[1753123146] -- 21/07/2025 14:39:06 * Finished (main,compress)
						This took about 0 seconds, peak mem usage: 10.88 Mb
[1753123148] -- 21/07/2025 14:39:08 * Finished (main,compress)
						This took about 0 seconds, peak mem usage: 10.88 Mb
[1753123150] -- 21/07/2025 14:39:10 * Finished (main,compress)
						This took about 0 seconds, peak mem usage: 10.87 Mb
[1753123152] -- 21/07/2025 14:39:12 * Finished (main,compress)
						This took about 0 seconds, peak mem usage: 10.88 Mb
[1753123154] -- 21/07/2025 14:39:14 * Finished (main,compress)
						This took about 0 seconds, peak mem usage: 10.88 Mb
[1753123157] -- 21/07/2025 14:39:17 * Finished (main,compress)
						This took about 0 seconds, peak mem usage: 10.88 Mb
[1753123159] -- 21/07/2025 14:39:19 * Finished (main,compress)
						This took about 0 seconds, peak mem usage: 11.02 Mb
[1753123162] -- 21/07/2025 14:39:22 * Finished (main,compress)
						This took about 0 seconds, peak mem usage: 10.88 Mb
[1753123164] -- 21/07/2025 14:39:24 * Finished (main,compress)
						This took about 0 seconds, peak mem usage: 10.87 Mb
[1753123167] -- 21/07/2025 14:39:27 * Finished (main,compress)
						This took about 0 seconds, peak mem usage: 10.87 Mb
[1753123170] -- 21/07/2025 14:39:30 * Finished (main,compress)
						This took about 0 seconds, peak mem usage: 11.02 Mb
[1753123173] -- 21/07/2025 14:39:33 * Finished (main,compress)
						This took about 0 seconds, peak mem usage: 11.02 Mb
[1753123176] -- 21/07/2025 14:39:36 * Finished (main,compress)
						This took about 0 seconds, peak mem usage: 10.87 Mb
[1753123179] -- 21/07/2025 14:39:39 * Finished (main,compress)
						This took about 0 seconds, peak mem usage: 12.78 Mb
[1753123180] -- 21/07/2025 14:39:40 * Finished (main,compress)
						This took about 0 seconds, peak mem usage: 13.03 Mb
[1753123181] -- 21/07/2025 14:39:41 * Finished (main,compress)
						This took about 0 seconds, peak mem usage: 12.91 Mb
[1753123182] -- 21/07/2025 14:39:42 * Finished (main,compress)
						This took about 0 seconds, peak mem usage: 12.91 Mb
[1753123184] -- 21/07/2025 14:39:44 * Finished (main,compress)
						This took about 0 seconds, peak mem usage: 12.91 Mb
[1753123186] -- 21/07/2025 14:39:46 * Finished (main,compress)
						This took about 0 seconds, peak mem usage: 12.91 Mb
[1753123188] -- 21/07/2025 14:39:48 * Finished (main,compress)
						This took about 0 seconds, peak mem usage: 12.91 Mb
[1753123190] -- 21/07/2025 14:39:50 * Finished (main,compress)
						This took about 0 seconds, peak mem usage: 12.91 Mb
[1753123193] -- 21/07/2025 14:39:53 * Finished (main,compress)
						This took about 0 seconds, peak mem usage: 12.91 Mb
[1753123196] -- 21/07/2025 14:39:56 * Finished (main,compress)
						This took about 0 seconds, peak mem usage: 13.03 Mb
[1753123199] -- 21/07/2025 14:39:59 * Finished (main,compress)
						This took about 0 seconds, peak mem usage: 12.91 Mb
[1753123202] -- 21/07/2025 14:40:02 * Finished (main,compress)
						This took about 0 seconds, peak mem usage: 12.91 Mb
[1753123206] -- 21/07/2025 14:40:06 * Finished (main,compress)
						This took about 0 seconds, peak mem usage: 12.91 Mb
[1753123210] -- 21/07/2025 14:40:10 * Finished (main,compress)
						This took about 0 seconds, peak mem usage: 12.91 Mb
[1753123214] -- 21/07/2025 14:40:14 * Finished (main,compress)
						This took about 0 seconds, peak mem usage: 12.91 Mb
[1753123218] -- 21/07/2025 14:40:18 * Finished (main,compress)
						This took about 0 seconds, peak mem usage: 12.91 Mb
[1753123222] -- 21/07/2025 14:40:22 * Finished (main,compress)
						This took about 0 seconds, peak mem usage: 13.03 Mb
[1753123227] -- 21/07/2025 14:40:27 * Finished (main,compress)
						This took about 0 seconds, peak mem usage: 12.91 Mb
[1753123232] -- 21/07/2025 14:40:32 * Finished (main,compress)
						This took about 0 seconds, peak mem usage: 12.91 Mb
[1753123237] -- 21/07/2025 14:40:37 * Finished (main,compress)
						This took about 0 seconds, peak mem usage: 12.91 Mb
[1753123242] -- 21/07/2025 14:40:42 * Finished (main,compress)
						This took about 0 seconds, peak mem usage: 12.91 Mb
[1753123247] -- 21/07/2025 14:40:48 * Finished (main,compress)
						This took about 1 seconds, peak mem usage: 12.91 Mb
[1753123253] -- 21/07/2025 14:40:53 * Finished (main,compress)
						This took about 0 seconds, peak mem usage: 12.91 Mb
[1753123259] -- 21/07/2025 14:40:59 * Finished (main,compress)
						This took about 0 seconds, peak mem usage: 12.91 Mb
[1753123265] -- 21/07/2025 14:41:06 * Finished (main,compress)
						This took about 1 seconds, peak mem usage: 13.03 Mb
[1753123272] -- 21/07/2025 14:41:12 * Finished (main,compress)
						This took about 0 seconds, peak mem usage: 33.66 Mb
[1753123274] -- 21/07/2025 14:41:14 * Finished (main,compress)
						This took about 0 seconds, peak mem usage: 38.13 Mb
[1753123278] -- 21/07/2025 14:41:18 * Finished (main,compress)
						This took about 0 seconds, peak mem usage: 38.13 Mb
[1753123283] -- 21/07/2025 14:41:23 * Finished (main,compress)
						This took about 0 seconds, peak mem usage: 38.13 Mb
[1753123289] -- 21/07/2025 14:41:29 * Finished (main,compress)
						This took about 0 seconds, peak mem usage: 38.13 Mb
[1753123296] -- 21/07/2025 14:41:36 * Finished (main,compress)
						This took about 0 seconds, peak mem usage: 38.13 Mb
[1753123305] -- 21/07/2025 14:41:45 * Finished (main,compress)
						This took about 0 seconds, peak mem usage: 38.13 Mb
[1753123314] -- 21/07/2025 14:41:55 * Finished (main,compress)
						This took about 1 seconds, peak mem usage: 38.13 Mb
[1753123325] -- 21/07/2025 14:42:06 * Finished (main,compress)
						This took about 1 seconds, peak mem usage: 38.13 Mb
[1753123337] -- 21/07/2025 14:42:18 * Finished (main,compress)
						This took about 1 seconds, peak mem usage: 38.13 Mb
[1753123350] -- 21/07/2025 14:42:30 * Finished (main,compress)
						This took about 0 seconds, peak mem usage: 38.13 Mb
[1753123363] -- 21/07/2025 14:42:44 * Finished (main,compress)
						This took about 1 seconds, peak mem usage: 38.13 Mb
[1753123378] -- 21/07/2025 14:42:58 * Finished (main,compress)
						This took about 0 seconds, peak mem usage: 38.13 Mb
[1753123393] -- 21/07/2025 14:43:13 * Finished (main,compress)
						This took about 0 seconds, peak mem usage: 38.13 Mb
[1753123409] -- 21/07/2025 14:43:29 * Finished (main,compress)
						This took about 0 seconds, peak mem usage: 38.13 Mb
[1753123425] -- 21/07/2025 14:43:45 * Finished (main,compress)
						This took about 0 seconds, peak mem usage: 38.13 Mb
[1753123442] -- 21/07/2025 14:44:02 * Finished (main,compress)
						This took about 0 seconds, peak mem usage: 38.13 Mb
[1753123459] -- 21/07/2025 14:44:19 * Finished (main,compress)
						This took about 0 seconds, peak mem usage: 38.13 Mb
[1753123477] -- 21/07/2025 14:44:38 * Finished (main,compress)
						This took about 1 seconds, peak mem usage: 38.13 Mb
[1753123497] -- 21/07/2025 14:44:57 * Finished (main,compress)
						This took about 0 seconds, peak mem usage: 40.37 Mb
[1753123517] -- 21/07/2025 14:45:17 * Finished (main,compress)
						This took about 0 seconds, peak mem usage: 40.37 Mb
[1753123538] -- 21/07/2025 14:45:38 * Finished (main,compress)
						This took about 0 seconds, peak mem usage: 40.37 Mb
[1753123559] -- 21/07/2025 14:45:59 * Finished (main,compress)
						This took about 0 seconds, peak mem usage: 40.37 Mb
[1753123581] -- 21/07/2025 14:46:21 * Finished (main,compress)
						This took about 0 seconds, peak mem usage: 40.37 Mb
[1753123604] -- 21/07/2025 14:46:44 * Finished (main,compress)
						This took about 0 seconds, peak mem usage: 40.37 Mb
[1753123626] -- 21/07/2025 14:47:07 * Finished (main,compress)
						This took about 1 seconds, peak mem usage: 18.37 Mb
[1753123627] -- 21/07/2025 14:47:08 * Finished (main,compress)
						This took about 1 seconds, peak mem usage: 19.13 Mb
[1753123629] -- 21/07/2025 14:47:11 * Finished (main,compress)
						This took about 2 seconds, peak mem usage: 20.67 Mb
[1753123632] -- 21/07/2025 14:47:16 * Finished (main,compress)
						This took about 4 seconds, peak mem usage: 19.13 Mb
[1753123637] -- 21/07/2025 14:47:22 * Finished (main,compress)
						This took about 5 seconds, peak mem usage: 19.52 Mb
[1753123644] -- 21/07/2025 14:47:31 * Finished (main,compress)
						This took about 7 seconds, peak mem usage: 19.13 Mb
[1753123652] -- 21/07/2025 14:47:41 * Finished (main,compress)
						This took about 9 seconds, peak mem usage: 20.28 Mb
[1753123662] -- 21/07/2025 14:47:52 * Finished (main,compress)
						This took about 10 seconds, peak mem usage: 19.13 Mb
[1753123674] -- 21/07/2025 14:48:08 * Finished (main,compress)
						This took about 14 seconds, peak mem usage: 20.28 Mb
[1753123690] -- 21/07/2025 14:48:25 * Finished (main,compress)
						This took about 15 seconds, peak mem usage: 19.90 Mb
[1753123707] -- 21/07/2025 14:48:41 * Finished (main,compress)
						This took about 14 seconds, peak mem usage: 19.90 Mb
[1753123723] -- 21/07/2025 14:48:58 * Finished (main,compress)
						This took about 15 seconds, peak mem usage: 20.03 Mb
[1753123741] -- 21/07/2025 14:49:20 * Finished (main,compress)
						This took about 19 seconds, peak mem usage: 20.03 Mb
[1753123763] -- 21/07/2025 14:49:43 * Finished (main,compress)
						This took about 20 seconds, peak mem usage: 20.03 Mb
[1753123786] -- 21/07/2025 14:50:08 * Finished (main,compress)
						This took about 22 seconds, peak mem usage: 20.03 Mb
[1753123811] -- 21/07/2025 14:50:36 * Finished (main,compress)
						This took about 25 seconds, peak mem usage: 20.41 Mb
[1753123838] -- 21/07/2025 14:51:02 * Finished (main,compress)
						This took about 24 seconds, peak mem usage: 20.81 Mb
[1753123865] -- 21/07/2025 14:51:32 * Finished (main,compress)
						This took about 27 seconds, peak mem usage: 20.80 Mb
[1753123895] -- 21/07/2025 14:52:03 * Finished (main,compress)
						This took about 28 seconds, peak mem usage: 20.80 Mb
[1753123926] -- 21/07/2025 14:52:39 * Finished (main,compress)
						This took about 33 seconds, peak mem usage: 20.80 Mb
[1753123962] -- 21/07/2025 14:53:17 * Finished (main,compress)
						This took about 35 seconds, peak mem usage: 20.80 Mb
[1753124000] -- 21/07/2025 14:53:59 * Finished (main,compress)
						This took about 39 seconds, peak mem usage: 20.80 Mb
[1753124042] -- 21/07/2025 14:54:41 * Finished (main,compress)
						This took about 39 seconds, peak mem usage: 20.80 Mb
[1753124082] -- 21/07/2025 14:54:43 * Finished (main,compress)
						This took about 1 seconds, peak mem usage: 12.45 Mb
[1753124083] -- 21/07/2025 14:54:43 * Finished (main,compress)
						This took about 0 seconds, peak mem usage: 12.45 Mb
[1753124084] -- 21/07/2025 14:54:44 * Finished (main,compress)
						This took about 0 seconds, peak mem usage: 13.93 Mb
[1753124085] -- 21/07/2025 14:54:45 * Finished (main,compress)
						This took about 0 seconds, peak mem usage: 13.93 Mb
[1753124087] -- 21/07/2025 14:54:47 * Finished (main,compress)
						This took about 0 seconds, peak mem usage: 13.93 Mb
[1753124088] -- 21/07/2025 14:54:48 * Finished (main,compress)
						This took about 0 seconds, peak mem usage: 13.93 Mb
[1753124093] -- 21/07/2025 14:54:56 * Finished (main,compress)
						This took about 3 seconds, peak mem usage: 496.23 Mb
[1753124105] -- 21/07/2025 14:55:07 * Finished (main,compress)
						This took about 2 seconds, peak mem usage: 496.23 Mb
[1753124121] -- 21/07/2025 14:55:24 * Finished (main,compress)
						This took about 3 seconds, peak mem usage: 546.69 Mb
[1753124142] -- 21/07/2025 14:55:46 * Finished (main,compress)
						This took about 4 seconds, peak mem usage: 546.69 Mb
[1753124169] -- 21/07/2025 14:56:14 * Finished (main,compress)
						This took about 5 seconds, peak mem usage: 546.69 Mb
[1753124201] -- 21/07/2025 14:56:47 * Finished (main,compress)
						This took about 6 seconds, peak mem usage: 546.69 Mb
[1753124239] -- 21/07/2025 14:57:25 * Finished (main,compress)
						This took about 6 seconds, peak mem usage: 546.69 Mb
[1753124285] -- 21/07/2025 14:58:14 * Finished (main,compress)
						This took about 9 seconds, peak mem usage: 546.69 Mb
[1753124340] -- 21/07/2025 14:59:09 * Finished (main,compress)
						This took about 9 seconds, peak mem usage: 546.69 Mb
[1753124400] -- 21/07/2025 15:00:10 * Finished (main,compress)
						This took about 10 seconds, peak mem usage: 546.69 Mb
[1753124465] -- 21/07/2025 15:01:17 * Finished (main,compress)
						This took about 12 seconds, peak mem usage: 546.69 Mb
[1753124537] -- 21/07/2025 15:02:27 * Finished (main,compress)
						This took about 10 seconds, peak mem usage: 546.69 Mb
[1753124612] -- 21/07/2025 15:03:45 * Finished (main,compress)
						This took about 13 seconds, peak mem usage: 546.69 Mb
[1753124694] -- 21/07/2025 15:05:07 * Finished (main,compress)
						This took about 13 seconds, peak mem usage: 553.89 Mb
[1753124780] -- 21/07/2025 15:06:33 * Finished (main,compress)
						This took about 13 seconds, peak mem usage: 546.69 Mb
[1753124870] -- 21/07/2025 15:08:03 * Finished (main,compress)
						This took about 13 seconds, peak mem usage: 546.69 Mb
[1753124966] -- 21/07/2025 15:09:41 * Finished (main,compress)
						This took about 15 seconds, peak mem usage: 546.69 Mb
[1753125068] -- 21/07/2025 15:11:24 * Finished (main,compress)
						This took about 16 seconds, peak mem usage: 546.69 Mb
[1753125177] -- 21/07/2025 15:13:13 * Finished (main,compress)
						This took about 16 seconds, peak mem usage: 546.69 Mb
[1753125290] -- 21/07/2025 15:15:07 * Finished (main,compress)
						This took about 17 seconds, peak mem usage: 546.69 Mb
[1753125407] -- 21/07/2025 15:17:04 * Finished (main,compress)
						This took about 17 seconds, peak mem usage: 546.69 Mb
[1753125527] -- 21/07/2025 15:19:04 * Finished (main,compress)
						This took about 17 seconds, peak mem usage: 546.69 Mb
[1753125649] -- 21/07/2025 15:21:07 * Finished (main,compress)
						This took about 18 seconds, peak mem usage: 546.69 Mb
[1753125778] -- 21/07/2025 15:23:16 * Finished (main,compress)
						This took about 18 seconds, peak mem usage: 546.69 Mb
[1753125908] -- 21/07/2025 15:25:26 * Finished (main,compress)
						This took about 18 seconds, peak mem usage: 546.69 Mb
[1753126002] -- 21/07/2025 15:26:45 * Finished (main,compress)
						This took about 3 seconds, peak mem usage: 228.88 Mb
[1753126010] -- 21/07/2025 15:26:54 * Finished (main,compress)
						This took about 4 seconds, peak mem usage: 233.88 Mb
[1753126024] -- 21/07/2025 15:27:11 * Finished (main,compress)
						This took about 7 seconds, peak mem usage: 233.88 Mb
[1753126046] -- 21/07/2025 15:27:33 * Finished (main,compress)
						This took about 7 seconds, peak mem usage: 233.88 Mb
[1753126071] -- 21/07/2025 15:27:59 * Finished (main,compress)
						This took about 8 seconds, peak mem usage: 253.89 Mb
[1753126101] -- 21/07/2025 15:28:31 * Finished (main,compress)
						This took about 10 seconds, peak mem usage: 253.89 Mb
[1753126137] -- 21/07/2025 15:29:06 * Finished (main,compress)
						This took about 9 seconds, peak mem usage: 253.89 Mb
[1753126175] -- 21/07/2025 15:29:44 * Finished (main,compress)
						This took about 9 seconds, peak mem usage: 253.89 Mb
[1753126216] -- 21/07/2025 15:30:26 * Finished (main,compress)
						This took about 10 seconds, peak mem usage: 253.89 Mb
[1753126259] -- 21/07/2025 15:31:09 * Finished (main,compress)
						This took about 10 seconds, peak mem usage: 259.02 Mb
[1753126307] -- 21/07/2025 15:31:59 * Finished (main,compress)
						This took about 12 seconds, peak mem usage: 259.02 Mb
[1753126361] -- 21/07/2025 15:32:53 * Finished (main,compress)
						This took about 12 seconds, peak mem usage: 259.02 Mb
[1753126419] -- 21/07/2025 15:33:53 * Finished (main,compress)
						This took about 14 seconds, peak mem usage: 259.02 Mb
[1753126484] -- 21/07/2025 15:34:58 * Finished (main,compress)
						This took about 14 seconds, peak mem usage: 259.02 Mb
[1753126551] -- 21/07/2025 15:36:05 * Finished (main,compress)
						This took about 14 seconds, peak mem usage: 259.02 Mb
[1753126621] -- 21/07/2025 15:37:16 * Finished (main,compress)
						This took about 15 seconds, peak mem usage: 259.02 Mb
[1753126696] -- 21/07/2025 15:38:31 * Finished (main,compress)
						This took about 15 seconds, peak mem usage: 259.02 Mb
[1753126775] -- 21/07/2025 15:39:49 * Finished (main,compress)
						This took about 14 seconds, peak mem usage: 259.02 Mb
[1753126855] -- 21/07/2025 15:41:08 * Finished (main,compress)
						This took about 13 seconds, peak mem usage: 264.03 Mb
[1753126938] -- 21/07/2025 15:42:31 * Finished (main,compress)
						This took about 13 seconds, peak mem usage: 264.03 Mb
[1753127025] -- 21/07/2025 15:44:00 * Finished (main,compress)
						This took about 15 seconds, peak mem usage: 264.03 Mb
[1753127118] -- 21/07/2025 15:45:33 * Finished (main,compress)
						This took about 15 seconds, peak mem usage: 264.03 Mb
[1753127216] -- 21/07/2025 15:47:11 * Finished (main,compress)
						This took about 15 seconds, peak mem usage: 264.03 Mb
[1753127317] -- 21/07/2025 15:48:52 * Finished (main,compress)
						This took about 15 seconds, peak mem usage: 264.03 Mb
[1753127422] -- 21/07/2025 15:50:37 * Finished (main,compress)
						This took about 15 seconds, peak mem usage: 264.03 Mb
[1753127521] -- 21/07/2025 15:52:05 * Finished (main,compress)
						This took about 4 seconds, peak mem usage: 265.06 Mb
[1753127539] -- 21/07/2025 15:52:30 * Finished (main,compress)
						This took about 11 seconds, peak mem usage: 265.06 Mb
[1753127569] -- 21/07/2025 15:53:08 * Finished (main,compress)
						This took about 19 seconds, peak mem usage: 265.06 Mb
[1753127617] -- 21/07/2025 15:54:04 * Finished (main,compress)
						This took about 27 seconds, peak mem usage: 265.06 Mb
[1753127678] -- 21/07/2025 15:55:15 * Finished (main,compress)
						This took about 37 seconds, peak mem usage: 270.99 Mb
[1753127753] -- 21/07/2025 15:56:39 * Finished (main,compress)
						This took about 46 seconds, peak mem usage: 265.06 Mb
[1753127843] -- 21/07/2025 15:58:15 * Finished (main,compress)
						This took about 52 seconds, peak mem usage: 282.85 Mb
[1753127942] -- 21/07/2025 16:00:01 * Finished (main,compress)
						This took about 59 seconds, peak mem usage: 270.99 Mb
[1753128053] -- 21/07/2025 16:02:07 * Finished (main,compress)
						This took about 74 seconds, peak mem usage: 276.92 Mb
[1753128184] -- 21/07/2025 16:04:15 * Finished (main,compress)
						This took about 71 seconds, peak mem usage: 265.06 Mb
[1753128317] -- 21/07/2025 16:06:35 * Finished (main,compress)
						This took about 78 seconds, peak mem usage: 265.06 Mb
[1753128464] -- 21/07/2025 16:09:11 * Finished (main,compress)
						This took about 87 seconds, peak mem usage: 265.06 Mb
[1753128623] -- 21/07/2025 16:11:59 * Finished (main,compress)
						This took about 96 seconds, peak mem usage: 265.06 Mb
[1753128793] -- 21/07/2025 16:15:05 * Finished (main,compress)
						This took about 112 seconds, peak mem usage: 270.99 Mb
[1753128986] -- 21/07/2025 16:18:18 * Finished (main,compress)
						This took about 112 seconds, peak mem usage: 265.06 Mb
[1753129182] -- 21/07/2025 16:21:41 * Finished (main,compress)
						This took about 119 seconds, peak mem usage: 265.06 Mb
[1753129390] -- 21/07/2025 16:25:13 * Finished (main,compress)
						This took about 123 seconds, peak mem usage: 265.06 Mb
[1753129606] -- 21/07/2025 16:28:54 * Finished (main,compress)
						This took about 128 seconds, peak mem usage: 265.06 Mb
[1753129834] -- 21/07/2025 16:32:49 * Finished (main,compress)
						This took about 135 seconds, peak mem usage: 265.06 Mb
[1753130071] -- 21/07/2025 16:36:51 * Finished (main,compress)
						This took about 140 seconds, peak mem usage: 265.06 Mb
[1753130317] -- 21/07/2025 16:41:08 * Finished (main,compress)
						This took about 151 seconds, peak mem usage: 265.06 Mb
[1753130579] -- 21/07/2025 16:45:33 * Finished (main,compress)
						This took about 154 seconds, peak mem usage: 265.06 Mb
[1753130849] -- 21/07/2025 16:50:06 * Finished (main,compress)
						This took about 157 seconds, peak mem usage: 265.06 Mb
[1753131124] -- 21/07/2025 16:54:49 * Finished (main,compress)
						This took about 165 seconds, peak mem usage: 265.06 Mb
[1753131411] -- 21/07/2025 16:59:38 * Finished (main,compress)
						This took about 167 seconds, peak mem usage: 276.92 Mb
[1753131657] -- 21/07/2025 17:00:58 * Finished (main,compress)
						This took about 1 seconds, peak mem usage: 70.25 Mb
[1753131665] -- 21/07/2025 17:01:06 * Finished (main,compress)
						This took about 1 seconds, peak mem usage: 70.25 Mb
[1753131678] -- 21/07/2025 17:01:20 * Finished (main,compress)
						This took about 2 seconds, peak mem usage: 70.25 Mb
[1753131697] -- 21/07/2025 17:01:40 * Finished (main,compress)
						This took about 3 seconds, peak mem usage: 78.45 Mb
[1753131722] -- 21/07/2025 17:02:06 * Finished (main,compress)
						This took about 4 seconds, peak mem usage: 82.54 Mb
[1753131753] -- 21/07/2025 17:02:38 * Finished (main,compress)
						This took about 5 seconds, peak mem usage: 82.54 Mb
[1753131793] -- 21/07/2025 17:03:17 * Finished (main,compress)
						This took about 4 seconds, peak mem usage: 82.54 Mb
[1753131836] -- 21/07/2025 17:04:00 * Finished (main,compress)
						This took about 4 seconds, peak mem usage: 82.54 Mb
[1753131883] -- 21/07/2025 17:04:48 * Finished (main,compress)
						This took about 5 seconds, peak mem usage: 82.54 Mb
[1753131937] -- 21/07/2025 17:05:42 * Finished (main,compress)
						This took about 5 seconds, peak mem usage: 82.54 Mb
[1753131993] -- 21/07/2025 17:06:38 * Finished (main,compress)
						This took about 5 seconds, peak mem usage: 82.54 Mb
[1753132055] -- 21/07/2025 17:07:40 * Finished (main,compress)
						This took about 5 seconds, peak mem usage: 82.54 Mb
[1753132121] -- 21/07/2025 17:08:46 * Finished (main,compress)
						This took about 5 seconds, peak mem usage: 82.54 Mb
[1753132194] -- 21/07/2025 17:09:59 * Finished (main,compress)
						This took about 5 seconds, peak mem usage: 82.54 Mb
[1753132270] -- 21/07/2025 17:11:15 * Finished (main,compress)
						This took about 5 seconds, peak mem usage: 82.54 Mb
[1753132350] -- 21/07/2025 17:12:35 * Finished (main,compress)
						This took about 5 seconds, peak mem usage: 82.54 Mb
[1753132436] -- 21/07/2025 17:14:02 * Finished (main,compress)
						This took about 6 seconds, peak mem usage: 82.54 Mb
[1753132528] -- 21/07/2025 17:15:35 * Finished (main,compress)
						This took about 7 seconds, peak mem usage: 82.54 Mb
[1753132626] -- 21/07/2025 17:17:13 * Finished (main,compress)
						This took about 7 seconds, peak mem usage: 82.54 Mb
[1753132730] -- 21/07/2025 17:18:58 * Finished (main,compress)
						This took about 8 seconds, peak mem usage: 82.54 Mb
[1753132840] -- 21/07/2025 17:20:48 * Finished (main,compress)
						This took about 8 seconds, peak mem usage: 82.54 Mb
[1753132957] -- 21/07/2025 17:22:47 * Finished (main,compress)
						This took about 10 seconds, peak mem usage: 82.54 Mb
[1753133081] -- 21/07/2025 17:24:51 * Finished (main,compress)
						This took about 10 seconds, peak mem usage: 82.54 Mb
[1753133212] -- 21/07/2025 17:27:01 * Finished (main,compress)
						This took about 9 seconds, peak mem usage: 82.54 Mb
[1753133347] -- 21/07/2025 17:29:18 * Finished (main,compress)
						This took about 11 seconds, peak mem usage: 82.54 Mb
[1753133480] -- 21/07/2025 17:31:22 * Finished (main,compress)
						This took about 2 seconds, peak mem usage: 425.98 Mb
[1753133488] -- 21/07/2025 17:31:30 * Finished (main,compress)
						This took about 2 seconds, peak mem usage: 464.27 Mb
[1753133500] -- 21/07/2025 17:31:43 * Finished (main,compress)
						This took about 3 seconds, peak mem usage: 479.37 Mb
[1753133516] -- 21/07/2025 17:31:59 * Finished (main,compress)
						This took about 3 seconds, peak mem usage: 494.76 Mb
[1753133536] -- 21/07/2025 17:32:20 * Finished (main,compress)
						This took about 4 seconds, peak mem usage: 494.76 Mb
[1753133560] -- 21/07/2025 17:32:44 * Finished (main,compress)
						This took about 4 seconds, peak mem usage: 494.76 Mb
[1753133587] -- 21/07/2025 17:33:12 * Finished (main,compress)
						This took about 5 seconds, peak mem usage: 510.04 Mb
[1753133619] -- 21/07/2025 17:33:44 * Finished (main,compress)
						This took about 5 seconds, peak mem usage: 540.64 Mb
[1753133655] -- 21/07/2025 17:34:21 * Finished (main,compress)
						This took about 6 seconds, peak mem usage: 540.64 Mb
[1753133695] -- 21/07/2025 17:35:02 * Finished (main,compress)
						This took about 7 seconds, peak mem usage: 540.64 Mb
[1753133738] -- 21/07/2025 17:35:45 * Finished (main,compress)
						This took about 7 seconds, peak mem usage: 594.08 Mb
[1753133787] -- 21/07/2025 17:36:34 * Finished (main,compress)
						This took about 7 seconds, peak mem usage: 594.08 Mb
[1753133839] -- 21/07/2025 17:37:26 * Finished (main,compress)
						This took about 7 seconds, peak mem usage: 594.08 Mb
[1753133896] -- 21/07/2025 17:38:24 * Finished (main,compress)
						This took about 8 seconds, peak mem usage: 594.08 Mb
[1753133956] -- 21/07/2025 17:39:25 * Finished (main,compress)
						This took about 9 seconds, peak mem usage: 594.08 Mb
[1753134022] -- 21/07/2025 17:40:31 * Finished (main,compress)
						This took about 9 seconds, peak mem usage: 594.08 Mb
[1753134091] -- 21/07/2025 17:41:41 * Finished (main,compress)
						This took about 10 seconds, peak mem usage: 594.08 Mb
[1753134166] -- 21/07/2025 17:42:56 * Finished (main,compress)
						This took about 10 seconds, peak mem usage: 594.08 Mb
[1753134246] -- 21/07/2025 17:44:17 * Finished (main,compress)
						This took about 11 seconds, peak mem usage: 594.08 Mb
[1753134330] -- 21/07/2025 17:45:41 * Finished (main,compress)
						This took about 11 seconds, peak mem usage: 594.08 Mb
[1753134418] -- 21/07/2025 17:47:09 * Finished (main,compress)
						This took about 11 seconds, peak mem usage: 594.08 Mb
[1753134510] -- 21/07/2025 17:48:42 * Finished (main,compress)
						This took about 12 seconds, peak mem usage: 594.08 Mb
[1753134608] -- 21/07/2025 17:50:21 * Finished (main,compress)
						This took about 13 seconds, peak mem usage: 609.39 Mb
[1753134712] -- 21/07/2025 17:52:05 * Finished (main,compress)
						This took about 13 seconds, peak mem usage: 609.39 Mb
[1753134820] -- 21/07/2025 17:53:53 * Finished (main,compress)
						This took about 13 seconds, peak mem usage: 609.39 Mb
[1753134925] -- 21/07/2025 17:55:50 * Finished (main,compress)
						This took about 25 seconds, peak mem usage: 2133.79 Mb
[1753134986] -- 21/07/2025 17:57:46 * Finished (main,compress)
						This took about 80 seconds, peak mem usage: 2133.79 Mb
[1753135120] -- 21/07/2025 18:01:31 * Finished (main,compress)
						This took about 171 seconds, peak mem usage: 2133.79 Mb
[1753135370] -- 21/07/2025 18:05:42 * Finished (main,compress)
						This took about 172 seconds, peak mem usage: 2112.20 Mb
[1753135638] -- 21/07/2025 18:11:47 * Finished (main,compress)
						This took about 269 seconds, peak mem usage: 2154.01 Mb
[1753136019] -- 21/07/2025 18:19:13 * Finished (main,compress)
						This took about 334 seconds, peak mem usage: 2112.20 Mb
[1753136481] -- 21/07/2025 18:27:50 * Finished (main,compress)
						This took about 389 seconds, peak mem usage: 2214.73 Mb
[1753137012] -- 21/07/2025 18:37:17 * Finished (main,compress)
						This took about 425 seconds, peak mem usage: 2174.76 Mb
[1753137590] -- 21/07/2025 18:48:07 * Finished (main,compress)
						This took about 497 seconds, peak mem usage: 2092.57 Mb
[1753138256] -- 21/07/2025 19:00:50 * Finished (main,compress)
						This took about 594 seconds, peak mem usage: 2133.79 Mb
[1753139035] -- 21/07/2025 19:17:02 * Finished (main,compress)
						This took about 787 seconds, peak mem usage: 2133.79 Mb
[1753140025] -- 21/07/2025 19:34:25 * Finished (main,compress)
						This took about 840 seconds, peak mem usage: 2195.75 Mb
[1753141077] -- 21/07/2025 19:51:27 * Finished (main,compress)
						This took about 810 seconds, peak mem usage: 2174.76 Mb
[1753142110] -- 21/07/2025 20:09:56 * Finished (main,compress)
						This took about 886 seconds, peak mem usage: 2133.79 Mb
[1753143227] -- 21/07/2025 20:30:11 * Finished (main,compress)
						This took about 984 seconds, peak mem usage: 2154.01 Mb
[1753144460] -- 21/07/2025 20:54:40 * Finished (main,compress)
						This took about 1220 seconds, peak mem usage: 2092.57 Mb
[1753145953] -- 21/07/2025 21:23:39 * Finished (main,compress)
						This took about 1466 seconds, peak mem usage: 2112.20 Mb
[1753147704] -- 21/07/2025 21:52:00 * Finished (main,compress)
						This took about 1416 seconds, peak mem usage: 2133.79 Mb
[1753149416] -- 21/07/2025 22:21:13 * Finished (main,compress)
						This took about 1457 seconds, peak mem usage: 2112.20 Mb
[1753151181] -- 21/07/2025 22:55:04 * Finished (main,compress)
						This took about 1723 seconds, peak mem usage: 2133.79 Mb
[1753153218] -- 21/07/2025 23:27:09 * Finished (main,compress)
						This took about 1611 seconds, peak mem usage: 2133.79 Mb
[1753155155] -- 22/07/2025 00:06:23 * Finished (main,compress)
						This took about 2028 seconds, peak mem usage: 2154.01 Mb
[1753157532] -- 22/07/2025 00:45:14 * Finished (main,compress)
						This took about 1982 seconds, peak mem usage: 2133.79 Mb
[1753159866] -- 22/07/2025 01:25:25 * Finished (main,compress)
						This took about 2059 seconds, peak mem usage: 2133.79 Mb
[1753162294] -- 22/07/2025 02:07:01 * Finished (main,compress)
						This took about 2127 seconds, peak mem usage: 2133.79 Mb
[1753724827] -- 28/07/2025 13:47:07 * Finished (main,compress)
						This took about 0 seconds, peak mem usage: 13.16 Mb
[1753724828] -- 28/07/2025 13:47:08 * Finished (main,compress)
						This took about 0 seconds, peak mem usage: 13.16 Mb
[1753724829] -- 28/07/2025 13:47:09 * Finished (main,compress)
						This took about 0 seconds, peak mem usage: 13.16 Mb
[1753724830] -- 28/07/2025 13:47:10 * Finished (main,compress)
						This took about 0 seconds, peak mem usage: 13.16 Mb
[1753724831] -- 28/07/2025 13:47:11 * Finished (main,compress)
						This took about 0 seconds, peak mem usage: 13.16 Mb
[1753724832] -- 28/07/2025 13:47:12 * Finished (main,compress)
						This took about 0 seconds, peak mem usage: 13.16 Mb
[1753724833] -- 28/07/2025 13:47:13 * Finished (main,compress)
						This took about 0 seconds, peak mem usage: 13.16 Mb
[1753724834] -- 28/07/2025 13:47:14 * Finished (main,compress)
						This took about 0 seconds, peak mem usage: 13.16 Mb
[1753724836] -- 28/07/2025 13:47:16 * Finished (main,compress)
						This took about 0 seconds, peak mem usage: 13.16 Mb
[1753724837] -- 28/07/2025 13:47:17 * Finished (main,compress)
						This took about 0 seconds, peak mem usage: 13.16 Mb
[1753724839] -- 28/07/2025 13:47:19 * Finished (main,compress)
						This took about 0 seconds, peak mem usage: 13.16 Mb
[1753724840] -- 28/07/2025 13:47:21 * Finished (main,compress)
						This took about 1 seconds, peak mem usage: 13.16 Mb
[1753724842] -- 28/07/2025 13:47:22 * Finished (main,compress)
						This took about 0 seconds, peak mem usage: 13.16 Mb
[1753724844] -- 28/07/2025 13:47:25 * Finished (main,compress)
						This took about 1 seconds, peak mem usage: 13.16 Mb
[1753724847] -- 28/07/2025 13:47:27 * Finished (main,compress)
						This took about 0 seconds, peak mem usage: 13.16 Mb
[1753724849] -- 28/07/2025 13:47:29 * Finished (main,compress)
						This took about 0 seconds, peak mem usage: 13.16 Mb
[1753724851] -- 28/07/2025 13:47:31 * Finished (main,compress)
						This took about 0 seconds, peak mem usage: 13.16 Mb
[1753724854] -- 28/07/2025 13:47:34 * Finished (main,compress)
						This took about 0 seconds, peak mem usage: 13.16 Mb
[1753724856] -- 28/07/2025 13:47:36 * Finished (main,compress)
						This took about 0 seconds, peak mem usage: 13.16 Mb
[1753724859] -- 28/07/2025 13:47:39 * Finished (main,compress)
						This took about 0 seconds, peak mem usage: 13.16 Mb
[1753724862] -- 28/07/2025 13:47:42 * Finished (main,compress)
						This took about 0 seconds, peak mem usage: 13.16 Mb
[1753724865] -- 28/07/2025 13:47:45 * Finished (main,compress)
						This took about 0 seconds, peak mem usage: 13.16 Mb
[1753724868] -- 28/07/2025 13:47:48 * Finished (main,compress)
						This took about 0 seconds, peak mem usage: 13.16 Mb
[1753724871] -- 28/07/2025 13:47:51 * Finished (main,compress)
						This took about 0 seconds, peak mem usage: 13.16 Mb
[1753724874] -- 28/07/2025 13:47:55 * Finished (main,compress)
						This took about 1 seconds, peak mem usage: 13.16 Mb
[1753725087] -- 28/07/2025 13:51:27 * Finished (main,compress)
						This took about 0 seconds, peak mem usage: 32.94 Mb
[1753725088] -- 28/07/2025 13:51:28 * Finished (main,compress)
						This took about 0 seconds, peak mem usage: 32.94 Mb
[1753725088] -- 28/07/2025 13:51:28 * Finished (main,compress)
						This took about 0 seconds, peak mem usage: 32.94 Mb
[1753725089] -- 28/07/2025 13:51:29 * Finished (main,compress)
						This took about 0 seconds, peak mem usage: 32.94 Mb
[1753725089] -- 28/07/2025 13:51:29 * Finished (main,compress)
						This took about 0 seconds, peak mem usage: 32.94 Mb
[1753725090] -- 28/07/2025 13:51:30 * Finished (main,compress)
						This took about 0 seconds, peak mem usage: 32.94 Mb
[1753725186] -- 28/07/2025 13:53:06 * Finished (main,compress)
						This took about 0 seconds, peak mem usage: 32.94 Mb
[1753725187] -- 28/07/2025 13:53:07 * Finished (main,compress)
						This took about 0 seconds, peak mem usage: 32.94 Mb
[1753725187] -- 28/07/2025 13:53:07 * Finished (main,compress)
						This took about 0 seconds, peak mem usage: 32.94 Mb
[1753725188] -- 28/07/2025 13:53:08 * Finished (main,compress)
						This took about 0 seconds, peak mem usage: 32.94 Mb
[1753725188] -- 28/07/2025 13:53:08 * Finished (main,compress)
						This took about 0 seconds, peak mem usage: 32.94 Mb
[1753725189] -- 28/07/2025 13:53:09 * Finished (main,compress)
						This took about 0 seconds, peak mem usage: 32.94 Mb
[1753725253] -- 28/07/2025 13:54:13 * Finished (main,compress)
						This took about 0 seconds, peak mem usage: 32.94 Mb
[1753725254] -- 28/07/2025 13:54:14 * Finished (main,compress)
						This took about 0 seconds, peak mem usage: 32.94 Mb
[1753725254] -- 28/07/2025 13:54:14 * Finished (main,compress)
						This took about 0 seconds, peak mem usage: 32.94 Mb
[1753725255] -- 28/07/2025 13:54:15 * Finished (main,compress)
						This took about 0 seconds, peak mem usage: 32.94 Mb
[1753725255] -- 28/07/2025 13:54:15 * Finished (main,compress)
						This took about 0 seconds, peak mem usage: 32.94 Mb
[1753725256] -- 28/07/2025 13:54:16 * Finished (main,compress)
						This took about 0 seconds, peak mem usage: 32.94 Mb
[1753725318] -- 28/07/2025 13:55:18 * Finished (main,compress)
						This took about 0 seconds, peak mem usage: 32.94 Mb
[1753725319] -- 28/07/2025 13:55:19 * Finished (main,compress)
						This took about 0 seconds, peak mem usage: 32.94 Mb
[1753725319] -- 28/07/2025 13:55:20 * Finished (main,compress)
						This took about 1 seconds, peak mem usage: 32.94 Mb
[1753725320] -- 28/07/2025 13:55:20 * Finished (main,compress)
						This took about 0 seconds, peak mem usage: 32.94 Mb
[1753725320] -- 28/07/2025 13:55:21 * Finished (main,compress)
						This took about 1 seconds, peak mem usage: 32.94 Mb
[1753725321] -- 28/07/2025 13:55:21 * Finished (main,compress)
						This took about 0 seconds, peak mem usage: 32.94 Mb
[1753725449] -- 28/07/2025 13:57:29 * Finished (main,compress)
						This took about 0 seconds, peak mem usage: 32.94 Mb
[1753725450] -- 28/07/2025 13:57:30 * Finished (main,compress)
						This took about 0 seconds, peak mem usage: 32.94 Mb
[1753725450] -- 28/07/2025 13:57:30 * Finished (main,compress)
						This took about 0 seconds, peak mem usage: 32.94 Mb
[1753725451] -- 28/07/2025 13:57:31 * Finished (main,compress)
						This took about 0 seconds, peak mem usage: 32.94 Mb
[1753725451] -- 28/07/2025 13:57:31 * Finished (main,compress)
						This took about 0 seconds, peak mem usage: 32.94 Mb
[1753725452] -- 28/07/2025 13:57:32 * Finished (main,compress)
						This took about 0 seconds, peak mem usage: 32.94 Mb
[1753727357] -- 28/07/2025 14:29:17 * Finished (main,compress)
						This took about 0 seconds, peak mem usage: 32.94 Mb
[1753727358] -- 28/07/2025 14:29:18 * Finished (main,compress)
						This took about 0 seconds, peak mem usage: 32.94 Mb
[1753727359] -- 28/07/2025 14:29:19 * Finished (main,compress)
						This took about 0 seconds, peak mem usage: 32.94 Mb
[1753727359] -- 28/07/2025 14:29:19 * Finished (main,compress)
						This took about 0 seconds, peak mem usage: 32.94 Mb
[1753727360] -- 28/07/2025 14:29:20 * Finished (main,compress)
						This took about 0 seconds, peak mem usage: 32.94 Mb
[1753727360] -- 28/07/2025 14:29:20 * Finished (main,compress)
						This took about 0 seconds, peak mem usage: 32.94 Mb
[1753727361] -- 28/07/2025 14:29:21 * Finished (main,compress)
						This took about 0 seconds, peak mem usage: 32.94 Mb
[1753727362] -- 28/07/2025 14:29:22 * Finished (main,compress)
						This took about 0 seconds, peak mem usage: 32.94 Mb
[1753727362] -- 28/07/2025 14:29:23 * Finished (main,compress)
						This took about 1 seconds, peak mem usage: 32.94 Mb
[1753727363] -- 28/07/2025 14:29:24 * Finished (main,compress)
						This took about 1 seconds, peak mem usage: 32.94 Mb
[1753727364] -- 28/07/2025 14:29:25 * Finished (main,compress)
						This took about 1 seconds, peak mem usage: 32.94 Mb
[1753727365] -- 28/07/2025 14:29:26 * Finished (main,compress)
						This took about 1 seconds, peak mem usage: 32.94 Mb
[1753727367] -- 28/07/2025 14:29:27 * Finished (main,compress)
						This took about 0 seconds, peak mem usage: 32.94 Mb
[1753727368] -- 28/07/2025 14:29:28 * Finished (main,compress)
						This took about 0 seconds, peak mem usage: 32.94 Mb
[1753727370] -- 28/07/2025 14:29:30 * Finished (main,compress)
						This took about 0 seconds, peak mem usage: 32.94 Mb
[1753727371] -- 28/07/2025 14:29:31 * Finished (main,compress)
						This took about 0 seconds, peak mem usage: 32.94 Mb
[1753727373] -- 28/07/2025 14:29:33 * Finished (main,compress)
						This took about 0 seconds, peak mem usage: 32.94 Mb
[1753727375] -- 28/07/2025 14:29:35 * Finished (main,compress)
						This took about 0 seconds, peak mem usage: 32.94 Mb
[1753727377] -- 28/07/2025 14:29:37 * Finished (main,compress)
						This took about 0 seconds, peak mem usage: 32.94 Mb
[1753727378] -- 28/07/2025 14:29:39 * Finished (main,compress)
						This took about 1 seconds, peak mem usage: 32.94 Mb
[1753727381] -- 28/07/2025 14:29:41 * Finished (main,compress)
						This took about 0 seconds, peak mem usage: 32.94 Mb
[1753727383] -- 28/07/2025 14:29:43 * Finished (main,compress)
						This took about 0 seconds, peak mem usage: 32.94 Mb
[1753727385] -- 28/07/2025 14:29:46 * Finished (main,compress)
						This took about 1 seconds, peak mem usage: 32.94 Mb
[1753727387] -- 28/07/2025 14:29:48 * Finished (main,compress)
						This took about 1 seconds, peak mem usage: 32.94 Mb
[1753727390] -- 28/07/2025 14:29:51 * Finished (main,compress)
						This took about 1 seconds, peak mem usage: 32.94 Mb
[1753727437] -- 28/07/2025 14:30:37 * Finished (main,compress)
						This took about 0 seconds, peak mem usage: 32.94 Mb
[1753727438] -- 28/07/2025 14:30:38 * Finished (main,compress)
						This took about 0 seconds, peak mem usage: 32.94 Mb
[1753727438] -- 28/07/2025 14:30:38 * Finished (main,compress)
						This took about 0 seconds, peak mem usage: 32.94 Mb
[1753727439] -- 28/07/2025 14:30:39 * Finished (main,compress)
						This took about 0 seconds, peak mem usage: 32.94 Mb
[1753727440] -- 28/07/2025 14:30:40 * Finished (main,compress)
						This took about 0 seconds, peak mem usage: 32.94 Mb
[1753727441] -- 28/07/2025 14:30:41 * Finished (main,compress)
						This took about 0 seconds, peak mem usage: 32.94 Mb
[1753727442] -- 28/07/2025 14:30:42 * Finished (main,compress)
						This took about 0 seconds, peak mem usage: 32.94 Mb
[1753727443] -- 28/07/2025 14:30:43 * Finished (main,compress)
						This took about 0 seconds, peak mem usage: 32.94 Mb
[1753727444] -- 28/07/2025 14:30:44 * Finished (main,compress)
						This took about 0 seconds, peak mem usage: 32.94 Mb
[1753727445] -- 28/07/2025 14:30:45 * Finished (main,compress)
						This took about 0 seconds, peak mem usage: 32.94 Mb
[1753727447] -- 28/07/2025 14:30:47 * Finished (main,compress)
						This took about 0 seconds, peak mem usage: 32.94 Mb
[1753727448] -- 28/07/2025 14:30:48 * Finished (main,compress)
						This took about 0 seconds, peak mem usage: 32.94 Mb
[1753727450] -- 28/07/2025 14:30:50 * Finished (main,compress)
						This took about 0 seconds, peak mem usage: 32.94 Mb
[1753727452] -- 28/07/2025 14:30:52 * Finished (main,compress)
						This took about 0 seconds, peak mem usage: 32.94 Mb
[1753727454] -- 28/07/2025 14:30:54 * Finished (main,compress)
						This took about 0 seconds, peak mem usage: 32.94 Mb
[1753727456] -- 28/07/2025 14:30:57 * Finished (main,compress)
						This took about 1 seconds, peak mem usage: 32.94 Mb
[1753727458] -- 28/07/2025 14:30:59 * Finished (main,compress)
						This took about 1 seconds, peak mem usage: 32.94 Mb
[1753727461] -- 28/07/2025 14:31:01 * Finished (main,compress)
						This took about 0 seconds, peak mem usage: 32.94 Mb
[1753727464] -- 28/07/2025 14:31:04 * Finished (main,compress)
						This took about 0 seconds, peak mem usage: 32.94 Mb
[1753727466] -- 28/07/2025 14:31:07 * Finished (main,compress)
						This took about 1 seconds, peak mem usage: 32.94 Mb
[1753727469] -- 28/07/2025 14:31:10 * Finished (main,compress)
						This took about 1 seconds, peak mem usage: 32.94 Mb
[1753727472] -- 28/07/2025 14:31:13 * Finished (main,compress)
						This took about 1 seconds, peak mem usage: 32.94 Mb
[1753727476] -- 28/07/2025 14:31:16 * Finished (main,compress)
						This took about 0 seconds, peak mem usage: 32.94 Mb
[1753727479] -- 28/07/2025 14:31:20 * Finished (main,compress)
						This took about 1 seconds, peak mem usage: 32.94 Mb
[1753727483] -- 28/07/2025 14:31:24 * Finished (main,compress)
						This took about 1 seconds, peak mem usage: 32.94 Mb
[1753727550] -- 28/07/2025 14:32:30 * Finished (main,compress)
						This took about 0 seconds, peak mem usage: 18.21 Mb
[1753727551] -- 28/07/2025 14:32:31 * Finished (main,compress)
						This took about 0 seconds, peak mem usage: 17.84 Mb
[1753727552] -- 28/07/2025 14:32:32 * Finished (main,compress)
						This took about 0 seconds, peak mem usage: 22.11 Mb
[1753727552] -- 28/07/2025 14:32:33 * Finished (main,compress)
						This took about 1 seconds, peak mem usage: 21.18 Mb
[1753727554] -- 28/07/2025 14:32:34 * Finished (main,compress)
						This took about 0 seconds, peak mem usage: 25.27 Mb
[1753727555] -- 28/07/2025 14:32:35 * Finished (main,compress)
						This took about 0 seconds, peak mem usage: 21.18 Mb
[1753727556] -- 28/07/2025 14:32:36 * Finished (main,compress)
						This took about 0 seconds, peak mem usage: 23.60 Mb
[1753727558] -- 28/07/2025 14:32:38 * Finished (main,compress)
						This took about 0 seconds, peak mem usage: 21.18 Mb
[1753727560] -- 28/07/2025 14:32:40 * Finished (main,compress)
						This took about 0 seconds, peak mem usage: 21.18 Mb
[1753727562] -- 28/07/2025 14:32:42 * Finished (main,compress)
						This took about 0 seconds, peak mem usage: 40.70 Mb
[1753727564] -- 28/07/2025 14:32:44 * Finished (main,compress)
						This took about 0 seconds, peak mem usage: 24.16 Mb
[1753727566] -- 28/07/2025 14:32:46 * Finished (main,compress)
						This took about 0 seconds, peak mem usage: 18.58 Mb
[1753727568] -- 28/07/2025 14:32:48 * Finished (main,compress)
						This took about 0 seconds, peak mem usage: 18.21 Mb
[1753727571] -- 28/07/2025 14:32:51 * Finished (main,compress)
						This took about 0 seconds, peak mem usage: 18.95 Mb
[1753727573] -- 28/07/2025 14:32:53 * Finished (main,compress)
						This took about 0 seconds, peak mem usage: 20.81 Mb
[1753727576] -- 28/07/2025 14:32:56 * Finished (main,compress)
						This took about 0 seconds, peak mem usage: 34.75 Mb
[1753727579] -- 28/07/2025 14:32:59 * Finished (main,compress)
						This took about 0 seconds, peak mem usage: 34.75 Mb
[1753727582] -- 28/07/2025 14:33:02 * Finished (main,compress)
						This took about 0 seconds, peak mem usage: 34.75 Mb
[1753727585] -- 28/07/2025 14:33:05 * Finished (main,compress)
						This took about 0 seconds, peak mem usage: 34.75 Mb
[1753727589] -- 28/07/2025 14:33:09 * Finished (main,compress)
						This took about 0 seconds, peak mem usage: 34.75 Mb
[1753727592] -- 28/07/2025 14:33:12 * Finished (main,compress)
						This took about 0 seconds, peak mem usage: 34.75 Mb
[1753727596] -- 28/07/2025 14:33:16 * Finished (main,compress)
						This took about 0 seconds, peak mem usage: 34.75 Mb
[1753727599] -- 28/07/2025 14:33:19 * Finished (main,compress)
						This took about 0 seconds, peak mem usage: 34.75 Mb
[1753727603] -- 28/07/2025 14:33:23 * Finished (main,compress)
						This took about 0 seconds, peak mem usage: 34.75 Mb
[1753727607] -- 28/07/2025 14:33:27 * Finished (main,compress)
						This took about 0 seconds, peak mem usage: 34.75 Mb
[1753730600] -- 28/07/2025 15:23:20 * Finished (main,compress)
						This took about 0 seconds, peak mem usage: 32.94 Mb
[1753730601] -- 28/07/2025 15:23:21 * Finished (main,compress)
						This took about 0 seconds, peak mem usage: 32.94 Mb
[1753730601] -- 28/07/2025 15:23:21 * Finished (main,compress)
						This took about 0 seconds, peak mem usage: 32.94 Mb
[1753730602] -- 28/07/2025 15:23:22 * Finished (main,compress)
						This took about 0 seconds, peak mem usage: 32.94 Mb
[1753730602] -- 28/07/2025 15:23:23 * Finished (main,compress)
						This took about 1 seconds, peak mem usage: 32.94 Mb
[1753730603] -- 28/07/2025 15:23:23 * Finished (main,compress)
						This took about 0 seconds, peak mem usage: 32.94 Mb
[1753730604] -- 28/07/2025 15:23:24 * Finished (main,compress)
						This took about 0 seconds, peak mem usage: 32.94 Mb
[1753730604] -- 28/07/2025 15:23:25 * Finished (main,compress)
						This took about 1 seconds, peak mem usage: 32.94 Mb
[1753730605] -- 28/07/2025 15:23:25 * Finished (main,compress)
						This took about 0 seconds, peak mem usage: 32.94 Mb
[1753730606] -- 28/07/2025 15:23:26 * Finished (main,compress)
						This took about 0 seconds, peak mem usage: 32.94 Mb
[1753730607] -- 28/07/2025 15:23:27 * Finished (main,compress)
						This took about 0 seconds, peak mem usage: 32.94 Mb
[1753730608] -- 28/07/2025 15:23:28 * Finished (main,compress)
						This took about 0 seconds, peak mem usage: 32.94 Mb
[1753730609] -- 28/07/2025 15:23:29 * Finished (main,compress)
						This took about 0 seconds, peak mem usage: 32.94 Mb
[1753730610] -- 28/07/2025 15:23:31 * Finished (main,compress)
						This took about 1 seconds, peak mem usage: 32.94 Mb
[1753730612] -- 28/07/2025 15:23:32 * Finished (main,compress)
						This took about 0 seconds, peak mem usage: 32.94 Mb
[1753730613] -- 28/07/2025 15:23:34 * Finished (main,compress)
						This took about 1 seconds, peak mem usage: 32.94 Mb
[1753730615] -- 28/07/2025 15:23:35 * Finished (main,compress)
						This took about 0 seconds, peak mem usage: 32.94 Mb
[1753730616] -- 28/07/2025 15:23:37 * Finished (main,compress)
						This took about 1 seconds, peak mem usage: 32.94 Mb
[1753730618] -- 28/07/2025 15:23:39 * Finished (main,compress)
						This took about 1 seconds, peak mem usage: 32.94 Mb
[1753730620] -- 28/07/2025 15:23:41 * Finished (main,compress)
						This took about 1 seconds, peak mem usage: 32.94 Mb
[1753730622] -- 28/07/2025 15:23:43 * Finished (main,compress)
						This took about 1 seconds, peak mem usage: 32.94 Mb
[1753730624] -- 28/07/2025 15:23:45 * Finished (main,compress)
						This took about 1 seconds, peak mem usage: 32.94 Mb
[1753730626] -- 28/07/2025 15:23:47 * Finished (main,compress)
						This took about 1 seconds, peak mem usage: 32.94 Mb
[1753730629] -- 28/07/2025 15:23:50 * Finished (main,compress)
						This took about 1 seconds, peak mem usage: 32.94 Mb
[1753730631] -- 28/07/2025 15:23:52 * Finished (main,compress)
						This took about 1 seconds, peak mem usage: 32.94 Mb
[1753730643] -- 28/07/2025 15:24:03 * Finished (main,compress)
						This took about 0 seconds, peak mem usage: 294.71 Mb
[1753730646] -- 28/07/2025 15:24:07 * Finished (main,compress)
						This took about 1 seconds, peak mem usage: 294.71 Mb
[1753730653] -- 28/07/2025 15:24:14 * Finished (main,compress)
						This took about 1 seconds, peak mem usage: 294.71 Mb
[1753730661] -- 28/07/2025 15:24:24 * Finished (main,compress)
						This took about 3 seconds, peak mem usage: 294.71 Mb
[1753730673] -- 28/07/2025 15:24:38 * Finished (main,compress)
						This took about 5 seconds, peak mem usage: 294.71 Mb
[1753730689] -- 28/07/2025 15:24:54 * Finished (main,compress)
						This took about 5 seconds, peak mem usage: 294.71 Mb
[1753730708] -- 28/07/2025 15:25:15 * Finished (main,compress)
						This took about 7 seconds, peak mem usage: 294.71 Mb
[1753730731] -- 28/07/2025 15:25:39 * Finished (main,compress)
						This took about 8 seconds, peak mem usage: 294.71 Mb
[1753730757] -- 28/07/2025 15:26:07 * Finished (main,compress)
						This took about 10 seconds, peak mem usage: 294.71 Mb
[1753730788] -- 28/07/2025 15:26:37 * Finished (main,compress)
						This took about 9 seconds, peak mem usage: 294.71 Mb
[1753730820] -- 28/07/2025 15:27:11 * Finished (main,compress)
						This took about 11 seconds, peak mem usage: 294.71 Mb
[1753730856] -- 28/07/2025 15:27:49 * Finished (main,compress)
						This took about 13 seconds, peak mem usage: 294.71 Mb
[1753730896] -- 28/07/2025 15:28:30 * Finished (main,compress)
						This took about 14 seconds, peak mem usage: 294.71 Mb
[1753730939] -- 28/07/2025 15:29:15 * Finished (main,compress)
						This took about 16 seconds, peak mem usage: 294.71 Mb
[1753730987] -- 28/07/2025 15:30:05 * Finished (main,compress)
						This took about 18 seconds, peak mem usage: 294.71 Mb
[1753731039] -- 28/07/2025 15:30:59 * Finished (main,compress)
						This took about 20 seconds, peak mem usage: 294.71 Mb
[1753731095] -- 28/07/2025 15:31:57 * Finished (main,compress)
						This took about 22 seconds, peak mem usage: 294.71 Mb
[1753731155] -- 28/07/2025 15:33:00 * Finished (main,compress)
						This took about 25 seconds, peak mem usage: 294.71 Mb
[1753731221] -- 28/07/2025 15:34:06 * Finished (main,compress)
						This took about 25 seconds, peak mem usage: 294.71 Mb
[1753731289] -- 28/07/2025 15:35:16 * Finished (main,compress)
						This took about 27 seconds, peak mem usage: 294.71 Mb
[1753731361] -- 28/07/2025 15:36:31 * Finished (main,compress)
						This took about 30 seconds, peak mem usage: 294.71 Mb
[1753731438] -- 28/07/2025 15:37:49 * Finished (main,compress)
						This took about 31 seconds, peak mem usage: 294.71 Mb
[1753731518] -- 28/07/2025 15:39:11 * Finished (main,compress)
						This took about 33 seconds, peak mem usage: 294.71 Mb
[1753731602] -- 28/07/2025 15:40:37 * Finished (main,compress)
						This took about 35 seconds, peak mem usage: 294.71 Mb
[1753731690] -- 28/07/2025 15:42:08 * Finished (main,compress)
						This took about 38 seconds, peak mem usage: 294.71 Mb
[1753732920] -- 28/07/2025 16:02:00 * Finished (main,compress)
						This took about 0 seconds, peak mem usage: 18.37 Mb
[1753732921] -- 28/07/2025 16:02:02 * Finished (main,compress)
						This took about 1 seconds, peak mem usage: 24.50 Mb
[1753732923] -- 28/07/2025 16:02:05 * Finished (main,compress)
						This took about 2 seconds, peak mem usage: 24.50 Mb
[1753732926] -- 28/07/2025 16:02:08 * Finished (main,compress)
						This took about 2 seconds, peak mem usage: 24.50 Mb
[1753732929] -- 28/07/2025 16:02:13 * Finished (main,compress)
						This took about 4 seconds, peak mem usage: 24.50 Mb
[1753732934] -- 28/07/2025 16:02:18 * Finished (main,compress)
						This took about 4 seconds, peak mem usage: 24.50 Mb
[1753732940] -- 28/07/2025 16:02:24 * Finished (main,compress)
						This took about 4 seconds, peak mem usage: 24.50 Mb
[1753732945] -- 28/07/2025 16:02:32 * Finished (main,compress)
						This took about 7 seconds, peak mem usage: 24.50 Mb
[1753732953] -- 28/07/2025 16:02:42 * Finished (main,compress)
						This took about 9 seconds, peak mem usage: 24.50 Mb
[1753732964] -- 28/07/2025 16:02:56 * Finished (main,compress)
						This took about 12 seconds, peak mem usage: 24.63 Mb
[1753732978] -- 28/07/2025 16:03:12 * Finished (main,compress)
						This took about 14 seconds, peak mem usage: 24.63 Mb
[1753732994] -- 28/07/2025 16:03:31 * Finished (main,compress)
						This took about 17 seconds, peak mem usage: 24.63 Mb
[1753733013] -- 28/07/2025 16:03:52 * Finished (main,compress)
						This took about 19 seconds, peak mem usage: 24.63 Mb
[1753733033] -- 28/07/2025 16:04:16 * Finished (main,compress)
						This took about 23 seconds, peak mem usage: 24.63 Mb
[1753733057] -- 28/07/2025 16:04:40 * Finished (main,compress)
						This took about 23 seconds, peak mem usage: 24.63 Mb
[1753733081] -- 28/07/2025 16:05:07 * Finished (main,compress)
						This took about 26 seconds, peak mem usage: 24.63 Mb
[1753733109] -- 28/07/2025 16:05:36 * Finished (main,compress)
						This took about 27 seconds, peak mem usage: 24.63 Mb
[1753733138] -- 28/07/2025 16:06:08 * Finished (main,compress)
						This took about 30 seconds, peak mem usage: 24.63 Mb
[1753733170] -- 28/07/2025 16:06:39 * Finished (main,compress)
						This took about 29 seconds, peak mem usage: 24.63 Mb
[1753733201] -- 28/07/2025 16:07:12 * Finished (main,compress)
						This took about 31 seconds, peak mem usage: 24.63 Mb
[1753733234] -- 28/07/2025 16:07:46 * Finished (main,compress)
						This took about 32 seconds, peak mem usage: 24.63 Mb
[1753733269] -- 28/07/2025 16:08:25 * Finished (main,compress)
						This took about 36 seconds, peak mem usage: 24.63 Mb
[1753733307] -- 28/07/2025 16:09:03 * Finished (main,compress)
						This took about 36 seconds, peak mem usage: 24.63 Mb
[1753733346] -- 28/07/2025 16:09:48 * Finished (main,compress)
						This took about 42 seconds, peak mem usage: 24.63 Mb
[1753733390] -- 28/07/2025 16:10:36 * Finished (main,compress)
						This took about 46 seconds, peak mem usage: 24.63 Mb
[1753737724] -- 28/07/2025 17:22:04 * Finished (main,compress)
						This took about 0 seconds, peak mem usage: 12.45 Mb
[1753737725] -- 28/07/2025 17:22:05 * Finished (main,compress)
						This took about 0 seconds, peak mem usage: 12.45 Mb
[1753737725] -- 28/07/2025 17:22:05 * Finished (main,compress)
						This took about 0 seconds, peak mem usage: 12.45 Mb
[1753737726] -- 28/07/2025 17:22:06 * Finished (main,compress)
						This took about 0 seconds, peak mem usage: 12.45 Mb
[1753737727] -- 28/07/2025 17:22:07 * Finished (main,compress)
						This took about 0 seconds, peak mem usage: 12.45 Mb
[1753737728] -- 28/07/2025 17:22:08 * Finished (main,compress)
						This took about 0 seconds, peak mem usage: 12.45 Mb
[1753737729] -- 28/07/2025 17:22:09 * Finished (main,compress)
						This took about 0 seconds, peak mem usage: 12.45 Mb
[1753737730] -- 28/07/2025 17:22:11 * Finished (main,compress)
						This took about 1 seconds, peak mem usage: 12.45 Mb
[1753737732] -- 28/07/2025 17:22:12 * Finished (main,compress)
						This took about 0 seconds, peak mem usage: 12.45 Mb
[1753737733] -- 28/07/2025 17:22:13 * Finished (main,compress)
						This took about 0 seconds, peak mem usage: 12.45 Mb
[1753737735] -- 28/07/2025 17:22:15 * Finished (main,compress)
						This took about 0 seconds, peak mem usage: 12.45 Mb
[1753737737] -- 28/07/2025 17:22:17 * Finished (main,compress)
						This took about 0 seconds, peak mem usage: 12.45 Mb
[1753737739] -- 28/07/2025 17:22:19 * Finished (main,compress)
						This took about 0 seconds, peak mem usage: 12.45 Mb
[1753737741] -- 28/07/2025 17:22:21 * Finished (main,compress)
						This took about 0 seconds, peak mem usage: 12.45 Mb
[1753737743] -- 28/07/2025 17:22:23 * Finished (main,compress)
						This took about 0 seconds, peak mem usage: 12.82 Mb
[1753737745] -- 28/07/2025 17:22:26 * Finished (main,compress)
						This took about 1 seconds, peak mem usage: 12.82 Mb
[1753737748] -- 28/07/2025 17:22:28 * Finished (main,compress)
						This took about 0 seconds, peak mem usage: 12.82 Mb
[1753737751] -- 28/07/2025 17:22:31 * Finished (main,compress)
						This took about 0 seconds, peak mem usage: 12.82 Mb
[1753737753] -- 28/07/2025 17:22:33 * Finished (main,compress)
						This took about 0 seconds, peak mem usage: 12.82 Mb
[1753737756] -- 28/07/2025 17:22:36 * Finished (main,compress)
						This took about 0 seconds, peak mem usage: 12.82 Mb
[1753737759] -- 28/07/2025 17:22:39 * Finished (main,compress)
						This took about 0 seconds, peak mem usage: 12.82 Mb
[1753737762] -- 28/07/2025 17:22:42 * Finished (main,compress)
						This took about 0 seconds, peak mem usage: 12.82 Mb
[1753737765] -- 28/07/2025 17:22:45 * Finished (main,compress)
						This took about 0 seconds, peak mem usage: 12.82 Mb
[1753737769] -- 28/07/2025 17:22:49 * Finished (main,compress)
						This took about 0 seconds, peak mem usage: 12.82 Mb
[1753737772] -- 28/07/2025 17:22:52 * Finished (main,compress)
						This took about 0 seconds, peak mem usage: 12.82 Mb
[1753809915] -- 29/07/2025 13:25:15 * Finished (main,compress)
						This took about 0 seconds, peak mem usage: 12.45 Mb
[1753810477] -- 29/07/2025 13:34:37 * Finished (main,compress)
						This took about 0 seconds, peak mem usage: 12.45 Mb
[1753810478] -- 29/07/2025 13:34:38 * Finished (main,compress)
						This took about 0 seconds, peak mem usage: 12.45 Mb
[1753810479] -- 29/07/2025 13:34:39 * Finished (main,compress)
						This took about 0 seconds, peak mem usage: 12.45 Mb
[1753813773] -- 29/07/2025 14:29:33 * Finished (main,compress)
						This took about 0 seconds, peak mem usage: 12.45 Mb
[1753813775] -- 29/07/2025 14:29:35 * Finished (main,compress)
						This took about 0 seconds, peak mem usage: 12.82 Mb
[1753813776] -- 29/07/2025 14:29:36 * Finished (main,compress)
						This took about 0 seconds, peak mem usage: 13.75 Mb
[1753813777] -- 29/07/2025 14:29:37 * Finished (main,compress)
						This took about 0 seconds, peak mem usage: 13.75 Mb
[1753813779] -- 29/07/2025 14:29:39 * Finished (main,compress)
						This took about 0 seconds, peak mem usage: 13.75 Mb
[1753813791] -- 29/07/2025 14:29:51 * Finished (main,compress)
						This took about 0 seconds, peak mem usage: 12.45 Mb
[1753813792] -- 29/07/2025 14:29:52 * Finished (main,compress)
						This took about 0 seconds, peak mem usage: 12.82 Mb
[1753813793] -- 29/07/2025 14:29:54 * Finished (main,compress)
						This took about 1 seconds, peak mem usage: 13.75 Mb
[1753813795] -- 29/07/2025 14:29:55 * Finished (main,compress)
						This took about 0 seconds, peak mem usage: 13.75 Mb
[1753813797] -- 29/07/2025 14:29:57 * Finished (main,compress)
						This took about 0 seconds, peak mem usage: 13.75 Mb
[1753813916] -- 29/07/2025 14:31:56 * Finished (main,compress)
						This took about 0 seconds, peak mem usage: 12.45 Mb
[1753813917] -- 29/07/2025 14:31:57 * Finished (main,compress)
						This took about 0 seconds, peak mem usage: 12.82 Mb
[1753813918] -- 29/07/2025 14:31:58 * Finished (main,compress)
						This took about 0 seconds, peak mem usage: 13.75 Mb
[1753813919] -- 29/07/2025 14:31:59 * Finished (main,compress)
						This took about 0 seconds, peak mem usage: 13.75 Mb
[1753813921] -- 29/07/2025 14:32:01 * Finished (main,compress)
						This took about 0 seconds, peak mem usage: 13.75 Mb
[1753813982] -- 29/07/2025 14:33:02 * Finished (main,compress)
						This took about 0 seconds, peak mem usage: 12.45 Mb
[1753813983] -- 29/07/2025 14:33:03 * Finished (main,compress)
						This took about 0 seconds, peak mem usage: 12.82 Mb
[1753813984] -- 29/07/2025 14:33:04 * Finished (main,compress)
						This took about 0 seconds, peak mem usage: 13.75 Mb
[1753813986] -- 29/07/2025 14:33:06 * Finished (main,compress)
						This took about 0 seconds, peak mem usage: 13.75 Mb
[1753813987] -- 29/07/2025 14:33:07 * Finished (main,compress)
						This took about 0 seconds, peak mem usage: 13.75 Mb
[1753814099] -- 29/07/2025 14:34:59 * Finished (main,compress)
						This took about 0 seconds, peak mem usage: 8.30 Mb
[1753814100] -- 29/07/2025 14:35:00 * Finished (main,compress)
						This took about 0 seconds, peak mem usage: 8.30 Mb
[1753814296] -- 29/07/2025 14:38:16 * Finished (main,compress)
						This took about 0 seconds, peak mem usage: 8.30 Mb
[1753814296] -- 29/07/2025 14:38:16 * Finished (main,compress)
						This took about 0 seconds, peak mem usage: 8.30 Mb
[1753814299] -- 29/07/2025 14:38:19 * Finished (main,compress)
						This took about 0 seconds, peak mem usage: 8.30 Mb
[1753814300] -- 29/07/2025 14:38:20 * Finished (main,compress)
						This took about 0 seconds, peak mem usage: 8.30 Mb
[1753843827] -- 29/07/2025 22:50:27 * Finished (main,compress)
						This took about 0 seconds, peak mem usage: 8.30 Mb
[1753843828] -- 29/07/2025 22:50:28 * Finished (main,compress)
						This took about 0 seconds, peak mem usage: 8.30 Mb
[1753843829] -- 29/07/2025 22:50:29 * Finished (main,compress)
						This took about 0 seconds, peak mem usage: 8.30 Mb
[1753843829] -- 29/07/2025 22:50:29 * Finished (main,compress)
						This took about 0 seconds, peak mem usage: 8.30 Mb
[1753843829] -- 29/07/2025 22:50:29 * Finished (main,compress)
						This took about 0 seconds, peak mem usage: 8.30 Mb
[1753843830] -- 29/07/2025 22:50:30 * Finished (main,compress)
						This took about 0 seconds, peak mem usage: 8.30 Mb
[1753843830] -- 29/07/2025 22:50:30 * Finished (main,compress)
						This took about 0 seconds, peak mem usage: 8.30 Mb
[1753843830] -- 29/07/2025 22:50:30 * Finished (main,compress)
						This took about 0 seconds, peak mem usage: 8.30 Mb
[1753843831] -- 29/07/2025 22:50:31 * Finished (main,compress)
						This took about 0 seconds, peak mem usage: 8.30 Mb
[1753843831] -- 29/07/2025 22:50:31 * Finished (main,compress)
						This took about 0 seconds, peak mem usage: 8.30 Mb
[1753843831] -- 29/07/2025 22:50:31 * Finished (main,compress)
						This took about 0 seconds, peak mem usage: 8.30 Mb
[1753843832] -- 29/07/2025 22:50:32 * Finished (main,compress)
						This took about 0 seconds, peak mem usage: 8.30 Mb
[1753843832] -- 29/07/2025 22:50:32 * Finished (main,compress)
						This took about 0 seconds, peak mem usage: 8.30 Mb
[1753843833] -- 29/07/2025 22:50:33 * Finished (main,compress)
						This took about 0 seconds, peak mem usage: 8.30 Mb
[1753843833] -- 29/07/2025 22:50:33 * Finished (main,compress)
						This took about 0 seconds, peak mem usage: 8.30 Mb
[1753843834] -- 29/07/2025 22:50:34 * Finished (main,compress)
						This took about 0 seconds, peak mem usage: 8.30 Mb
[1753843834] -- 29/07/2025 22:50:34 * Finished (main,compress)
						This took about 0 seconds, peak mem usage: 8.30 Mb
[1753843834] -- 29/07/2025 22:50:34 * Finished (main,compress)
						This took about 0 seconds, peak mem usage: 8.30 Mb
[1753843835] -- 29/07/2025 22:50:35 * Finished (main,compress)
						This took about 0 seconds, peak mem usage: 8.30 Mb
[1753843835] -- 29/07/2025 22:50:35 * Finished (main,compress)
						This took about 0 seconds, peak mem usage: 8.30 Mb
[1753843836] -- 29/07/2025 22:50:36 * Finished (main,compress)
						This took about 0 seconds, peak mem usage: 8.30 Mb
[1753843836] -- 29/07/2025 22:50:36 * Finished (main,compress)
						This took about 0 seconds, peak mem usage: 8.30 Mb
[1753843837] -- 29/07/2025 22:50:37 * Finished (main,compress)
						This took about 0 seconds, peak mem usage: 8.30 Mb
[1753843837] -- 29/07/2025 22:50:37 * Finished (main,compress)
						This took about 0 seconds, peak mem usage: 8.30 Mb
[1753843838] -- 29/07/2025 22:50:38 * Finished (main,compress)
						This took about 0 seconds, peak mem usage: 8.30 Mb
[1753843839] -- 29/07/2025 22:50:39 * Finished (main,compress)
						This took about 0 seconds, peak mem usage: 11.02 Mb
[1753843840] -- 29/07/2025 22:50:40 * Finished (main,compress)
						This took about 0 seconds, peak mem usage: 11.02 Mb
[1753843840] -- 29/07/2025 22:50:41 * Finished (main,compress)
						This took about 1 seconds, peak mem usage: 11.01 Mb
[1753843855] -- 29/07/2025 22:50:55 * Finished (main,compress)
						This took about 0 seconds, peak mem usage: 8.30 Mb
[1753843856] -- 29/07/2025 22:50:56 * Finished (main,compress)
						This took about 0 seconds, peak mem usage: 8.30 Mb
[1753843856] -- 29/07/2025 22:50:56 * Finished (main,compress)
						This took about 0 seconds, peak mem usage: 8.30 Mb
[1753843856] -- 29/07/2025 22:50:56 * Finished (main,compress)
						This took about 0 seconds, peak mem usage: 8.30 Mb
[1753843856] -- 29/07/2025 22:50:56 * Finished (main,compress)
						This took about 0 seconds, peak mem usage: 8.30 Mb
[1753843857] -- 29/07/2025 22:50:57 * Finished (main,compress)
						This took about 0 seconds, peak mem usage: 8.30 Mb
[1753843857] -- 29/07/2025 22:50:57 * Finished (main,compress)
						This took about 0 seconds, peak mem usage: 8.30 Mb
[1753843858] -- 29/07/2025 22:50:58 * Finished (main,compress)
						This took about 0 seconds, peak mem usage: 8.30 Mb
[1753843858] -- 29/07/2025 22:50:58 * Finished (main,compress)
						This took about 0 seconds, peak mem usage: 8.30 Mb
[1753843858] -- 29/07/2025 22:50:58 * Finished (main,compress)
						This took about 0 seconds, peak mem usage: 8.30 Mb
[1753843859] -- 29/07/2025 22:50:59 * Finished (main,compress)
						This took about 0 seconds, peak mem usage: 8.30 Mb
[1753843859] -- 29/07/2025 22:50:59 * Finished (main,compress)
						This took about 0 seconds, peak mem usage: 8.30 Mb
[1753843859] -- 29/07/2025 22:50:59 * Finished (main,compress)
						This took about 0 seconds, peak mem usage: 8.30 Mb
[1753843860] -- 29/07/2025 22:51:00 * Finished (main,compress)
						This took about 0 seconds, peak mem usage: 8.30 Mb
[1753843860] -- 29/07/2025 22:51:00 * Finished (main,compress)
						This took about 0 seconds, peak mem usage: 8.30 Mb
[1753843860] -- 29/07/2025 22:51:00 * Finished (main,compress)
						This took about 0 seconds, peak mem usage: 8.30 Mb
[1753843861] -- 29/07/2025 22:51:01 * Finished (main,compress)
						This took about 0 seconds, peak mem usage: 8.30 Mb
[1753843861] -- 29/07/2025 22:51:01 * Finished (main,compress)
						This took about 0 seconds, peak mem usage: 8.30 Mb
[1753843862] -- 29/07/2025 22:51:02 * Finished (main,compress)
						This took about 0 seconds, peak mem usage: 8.30 Mb
[1753843862] -- 29/07/2025 22:51:02 * Finished (main,compress)
						This took about 0 seconds, peak mem usage: 8.30 Mb
[1753843863] -- 29/07/2025 22:51:03 * Finished (main,compress)
						This took about 0 seconds, peak mem usage: 8.30 Mb
[1753843863] -- 29/07/2025 22:51:03 * Finished (main,compress)
						This took about 0 seconds, peak mem usage: 8.30 Mb
[1753843864] -- 29/07/2025 22:51:04 * Finished (main,compress)
						This took about 0 seconds, peak mem usage: 8.30 Mb
[1753843864] -- 29/07/2025 22:51:04 * Finished (main,compress)
						This took about 0 seconds, peak mem usage: 8.30 Mb
[1753843864] -- 29/07/2025 22:51:04 * Finished (main,compress)
						This took about 0 seconds, peak mem usage: 8.30 Mb
[1753843866] -- 29/07/2025 22:51:06 * Finished (main,compress)
						This took about 0 seconds, peak mem usage: 11.02 Mb
[1753843866] -- 29/07/2025 22:51:07 * Finished (main,compress)
						This took about 1 seconds, peak mem usage: 11.02 Mb
[1753843867] -- 29/07/2025 22:51:07 * Finished (main,compress)
						This took about 0 seconds, peak mem usage: 11.01 Mb
[1753843868] -- 29/07/2025 22:51:08 * Finished (main,compress)
						This took about 0 seconds, peak mem usage: 10.87 Mb
[1753843869] -- 29/07/2025 22:51:09 * Finished (main,compress)
						This took about 0 seconds, peak mem usage: 10.87 Mb
[1753843870] -- 29/07/2025 22:51:10 * Finished (main,compress)
						This took about 0 seconds, peak mem usage: 10.87 Mb
[1753843871] -- 29/07/2025 22:51:12 * Finished (main,compress)
						This took about 1 seconds, peak mem usage: 10.87 Mb
[1753843873] -- 29/07/2025 22:51:13 * Finished (main,compress)
						This took about 0 seconds, peak mem usage: 11.02 Mb
[1753843874] -- 29/07/2025 22:51:15 * Finished (main,compress)
						This took about 1 seconds, peak mem usage: 10.87 Mb
[1753843876] -- 29/07/2025 22:51:16 * Finished (main,compress)
						This took about 0 seconds, peak mem usage: 10.87 Mb
[1753843878] -- 29/07/2025 22:51:18 * Finished (main,compress)
						This took about 0 seconds, peak mem usage: 10.88 Mb
[1753843880] -- 29/07/2025 22:51:20 * Finished (main,compress)
						This took about 0 seconds, peak mem usage: 11.02 Mb
[1753843882] -- 29/07/2025 22:51:22 * Finished (main,compress)
						This took about 0 seconds, peak mem usage: 11.02 Mb
[1753843884] -- 29/07/2025 22:51:24 * Finished (main,compress)
						This took about 0 seconds, peak mem usage: 11.02 Mb
[1753843886] -- 29/07/2025 22:51:27 * Finished (main,compress)
						This took about 1 seconds, peak mem usage: 10.87 Mb
[1753843889] -- 29/07/2025 22:51:29 * Finished (main,compress)
						This took about 0 seconds, peak mem usage: 10.88 Mb
[1753843891] -- 29/07/2025 22:51:31 * Finished (main,compress)
						This took about 0 seconds, peak mem usage: 10.87 Mb
[1753843894] -- 29/07/2025 22:51:34 * Finished (main,compress)
						This took about 0 seconds, peak mem usage: 11.02 Mb
[1753843896] -- 29/07/2025 22:51:37 * Finished (main,compress)
						This took about 1 seconds, peak mem usage: 10.87 Mb
[1753843899] -- 29/07/2025 22:51:39 * Finished (main,compress)
						This took about 0 seconds, peak mem usage: 10.87 Mb
[1753843902] -- 29/07/2025 22:51:42 * Finished (main,compress)
						This took about 0 seconds, peak mem usage: 10.87 Mb
[1753843905] -- 29/07/2025 22:51:45 * Finished (main,compress)
						This took about 0 seconds, peak mem usage: 10.88 Mb
[1753843908] -- 29/07/2025 22:51:48 * Finished (main,compress)
						This took about 0 seconds, peak mem usage: 11.02 Mb
[1753843911] -- 29/07/2025 22:51:51 * Finished (main,compress)
						This took about 0 seconds, peak mem usage: 10.87 Mb
[1753843915] -- 29/07/2025 22:51:55 * Finished (main,compress)
						This took about 0 seconds, peak mem usage: 10.87 Mb
[1753843918] -- 29/07/2025 22:51:58 * Finished (main,compress)
						This took about 0 seconds, peak mem usage: 12.78 Mb
[1753843919] -- 29/07/2025 22:51:59 * Finished (main,compress)
						This took about 0 seconds, peak mem usage: 12.91 Mb
[1753843920] -- 29/07/2025 22:52:00 * Finished (main,compress)
						This took about 0 seconds, peak mem usage: 12.91 Mb
[1753843922] -- 29/07/2025 22:52:02 * Finished (main,compress)
						This took about 0 seconds, peak mem usage: 12.91 Mb
[1753843923] -- 29/07/2025 22:52:03 * Finished (main,compress)
						This took about 0 seconds, peak mem usage: 12.91 Mb
[1753843925] -- 29/07/2025 22:52:05 * Finished (main,compress)
						This took about 0 seconds, peak mem usage: 12.91 Mb
[1753843927] -- 29/07/2025 22:52:07 * Finished (main,compress)
						This took about 0 seconds, peak mem usage: 12.91 Mb
[1753843930] -- 29/07/2025 22:52:10 * Finished (main,compress)
						This took about 0 seconds, peak mem usage: 12.91 Mb
[1753843932] -- 29/07/2025 22:52:12 * Finished (main,compress)
						This took about 0 seconds, peak mem usage: 12.91 Mb
[1753843935] -- 29/07/2025 22:52:15 * Finished (main,compress)
						This took about 0 seconds, peak mem usage: 12.91 Mb
[1753843938] -- 29/07/2025 22:52:18 * Finished (main,compress)
						This took about 0 seconds, peak mem usage: 12.91 Mb
[1753843941] -- 29/07/2025 22:52:21 * Finished (main,compress)
						This took about 0 seconds, peak mem usage: 12.91 Mb
[1753843945] -- 29/07/2025 22:52:25 * Finished (main,compress)
						This took about 0 seconds, peak mem usage: 13.03 Mb
[1753843949] -- 29/07/2025 22:52:29 * Finished (main,compress)
						This took about 0 seconds, peak mem usage: 13.03 Mb
[1753843953] -- 29/07/2025 22:52:33 * Finished (main,compress)
						This took about 0 seconds, peak mem usage: 13.03 Mb
[1753843957] -- 29/07/2025 22:52:37 * Finished (main,compress)
						This took about 0 seconds, peak mem usage: 12.91 Mb
[1753843961] -- 29/07/2025 22:52:41 * Finished (main,compress)
						This took about 0 seconds, peak mem usage: 12.91 Mb
[1753843966] -- 29/07/2025 22:52:46 * Finished (main,compress)
						This took about 0 seconds, peak mem usage: 12.91 Mb
[1753843971] -- 29/07/2025 22:52:51 * Finished (main,compress)
						This took about 0 seconds, peak mem usage: 12.91 Mb
[1753843977] -- 29/07/2025 22:52:57 * Finished (main,compress)
						This took about 0 seconds, peak mem usage: 12.91 Mb
[1753843982] -- 29/07/2025 22:53:02 * Finished (main,compress)
						This took about 0 seconds, peak mem usage: 12.91 Mb
[1753843988] -- 29/07/2025 22:53:08 * Finished (main,compress)
						This took about 0 seconds, peak mem usage: 12.91 Mb
[1753843994] -- 29/07/2025 22:53:14 * Finished (main,compress)
						This took about 0 seconds, peak mem usage: 12.91 Mb
[1753844000] -- 29/07/2025 22:53:20 * Finished (main,compress)
						This took about 0 seconds, peak mem usage: 12.91 Mb
[1753844007] -- 29/07/2025 22:53:27 * Finished (main,compress)
						This took about 0 seconds, peak mem usage: 12.91 Mb
[1753844014] -- 29/07/2025 22:53:34 * Finished (main,compress)
						This took about 0 seconds, peak mem usage: 33.66 Mb
[1753844015] -- 29/07/2025 22:53:35 * Finished (main,compress)
						This took about 0 seconds, peak mem usage: 38.13 Mb
[1753844019] -- 29/07/2025 22:53:39 * Finished (main,compress)
						This took about 0 seconds, peak mem usage: 38.13 Mb
[1753844024] -- 29/07/2025 22:53:44 * Finished (main,compress)
						This took about 0 seconds, peak mem usage: 38.13 Mb
[1753844031] -- 29/07/2025 22:53:51 * Finished (main,compress)
						This took about 0 seconds, peak mem usage: 38.13 Mb
[1753844038] -- 29/07/2025 22:53:58 * Finished (main,compress)
						This took about 0 seconds, peak mem usage: 38.13 Mb
[1753844047] -- 29/07/2025 22:54:08 * Finished (main,compress)
						This took about 1 seconds, peak mem usage: 38.13 Mb
[1753844057] -- 29/07/2025 22:54:17 * Finished (main,compress)
						This took about 0 seconds, peak mem usage: 38.13 Mb
[1753844068] -- 29/07/2025 22:54:28 * Finished (main,compress)
						This took about 0 seconds, peak mem usage: 38.13 Mb
[1753844079] -- 29/07/2025 22:54:39 * Finished (main,compress)
						This took about 0 seconds, peak mem usage: 38.13 Mb
[1753844091] -- 29/07/2025 22:54:51 * Finished (main,compress)
						This took about 0 seconds, peak mem usage: 38.13 Mb
[1753844104] -- 29/07/2025 22:55:05 * Finished (main,compress)
						This took about 1 seconds, peak mem usage: 38.13 Mb
[1753844118] -- 29/07/2025 22:55:19 * Finished (main,compress)
						This took about 1 seconds, peak mem usage: 38.13 Mb
[1753844133] -- 29/07/2025 22:55:34 * Finished (main,compress)
						This took about 1 seconds, peak mem usage: 38.13 Mb
[1753844151] -- 29/07/2025 22:55:51 * Finished (main,compress)
						This took about 0 seconds, peak mem usage: 38.13 Mb
[1753844168] -- 29/07/2025 22:56:08 * Finished (main,compress)
						This took about 0 seconds, peak mem usage: 38.13 Mb
[1753844187] -- 29/07/2025 22:56:27 * Finished (main,compress)
						This took about 0 seconds, peak mem usage: 38.13 Mb
[1753844206] -- 29/07/2025 22:56:46 * Finished (main,compress)
						This took about 0 seconds, peak mem usage: 38.13 Mb
[1753844225] -- 29/07/2025 22:57:05 * Finished (main,compress)
						This took about 0 seconds, peak mem usage: 38.13 Mb
[1753844245] -- 29/07/2025 22:57:25 * Finished (main,compress)
						This took about 0 seconds, peak mem usage: 38.13 Mb
[1753844266] -- 29/07/2025 22:57:46 * Finished (main,compress)
						This took about 0 seconds, peak mem usage: 38.13 Mb
[1753844288] -- 29/07/2025 22:58:08 * Finished (main,compress)
						This took about 0 seconds, peak mem usage: 38.13 Mb
[1753844311] -- 29/07/2025 22:58:31 * Finished (main,compress)
						This took about 0 seconds, peak mem usage: 38.13 Mb
[1753844335] -- 29/07/2025 22:58:55 * Finished (main,compress)
						This took about 0 seconds, peak mem usage: 38.13 Mb
[1753844359] -- 29/07/2025 22:59:20 * Finished (main,compress)
						This took about 1 seconds, peak mem usage: 38.13 Mb
[1753844386] -- 29/07/2025 22:59:46 * Finished (main,compress)
						This took about 0 seconds, peak mem usage: 18.37 Mb
[1753844387] -- 29/07/2025 22:59:47 * Finished (main,compress)
						This took about 0 seconds, peak mem usage: 18.37 Mb
[1753844388] -- 29/07/2025 22:59:49 * Finished (main,compress)
						This took about 1 seconds, peak mem usage: 19.52 Mb
[1753844390] -- 29/07/2025 22:59:52 * Finished (main,compress)
						This took about 2 seconds, peak mem usage: 20.28 Mb
[1753844393] -- 29/07/2025 22:59:57 * Finished (main,compress)
						This took about 4 seconds, peak mem usage: 20.28 Mb
[1753844398] -- 29/07/2025 23:00:04 * Finished (main,compress)
						This took about 6 seconds, peak mem usage: 20.28 Mb
[1753844406] -- 29/07/2025 23:00:13 * Finished (main,compress)
						This took about 7 seconds, peak mem usage: 20.67 Mb
[1753844415] -- 29/07/2025 23:00:22 * Finished (main,compress)
						This took about 7 seconds, peak mem usage: 21.05 Mb
[1753844424] -- 29/07/2025 23:00:33 * Finished (main,compress)
						This took about 9 seconds, peak mem usage: 21.05 Mb
[1753844435] -- 29/07/2025 23:00:47 * Finished (main,compress)
						This took about 12 seconds, peak mem usage: 21.05 Mb
[1753844449] -- 29/07/2025 23:01:02 * Finished (main,compress)
						This took about 13 seconds, peak mem usage: 21.05 Mb
[1753844464] -- 29/07/2025 23:01:18 * Finished (main,compress)
						This took about 14 seconds, peak mem usage: 21.18 Mb
[1753844480] -- 29/07/2025 23:01:36 * Finished (main,compress)
						This took about 16 seconds, peak mem usage: 21.18 Mb
[1753844498] -- 29/07/2025 23:01:57 * Finished (main,compress)
						This took about 19 seconds, peak mem usage: 21.18 Mb
[1753844519] -- 29/07/2025 23:02:21 * Finished (main,compress)
						This took about 22 seconds, peak mem usage: 21.18 Mb
[1753844543] -- 29/07/2025 23:02:48 * Finished (main,compress)
						This took about 25 seconds, peak mem usage: 21.18 Mb
[1753844571] -- 29/07/2025 23:03:17 * Finished (main,compress)
						This took about 26 seconds, peak mem usage: 21.18 Mb
[1753844600] -- 29/07/2025 23:03:50 * Finished (main,compress)
						This took about 30 seconds, peak mem usage: 21.18 Mb
[1753844633] -- 29/07/2025 23:04:28 * Finished (main,compress)
						This took about 35 seconds, peak mem usage: 21.18 Mb
[1753844672] -- 29/07/2025 23:05:06 * Finished (main,compress)
						This took about 34 seconds, peak mem usage: 21.18 Mb
[1753844709] -- 29/07/2025 23:05:44 * Finished (main,compress)
						This took about 35 seconds, peak mem usage: 21.18 Mb
[1753844747] -- 29/07/2025 23:06:25 * Finished (main,compress)
						This took about 38 seconds, peak mem usage: 21.18 Mb
[1753844789] -- 29/07/2025 23:07:10 * Finished (main,compress)
						This took about 41 seconds, peak mem usage: 21.18 Mb
[1753844834] -- 29/07/2025 23:07:58 * Finished (main,compress)
						This took about 44 seconds, peak mem usage: 21.18 Mb
[1753844882] -- 29/07/2025 23:08:48 * Finished (main,compress)
						This took about 46 seconds, peak mem usage: 21.18 Mb
[1753844931] -- 29/07/2025 23:08:52 * Finished (main,compress)
						This took about 1 seconds, peak mem usage: 12.45 Mb
[1753844932] -- 29/07/2025 23:08:52 * Finished (main,compress)
						This took about 0 seconds, peak mem usage: 12.45 Mb
[1753844933] -- 29/07/2025 23:08:53 * Finished (main,compress)
						This took about 0 seconds, peak mem usage: 12.45 Mb
[1753844934] -- 29/07/2025 23:08:54 * Finished (main,compress)
						This took about 0 seconds, peak mem usage: 12.45 Mb
[1753844936] -- 29/07/2025 23:08:56 * Finished (main,compress)
						This took about 0 seconds, peak mem usage: 12.45 Mb
[1753844937] -- 29/07/2025 23:08:57 * Finished (main,compress)
						This took about 0 seconds, peak mem usage: 12.63 Mb
[1753844939] -- 29/07/2025 23:09:00 * Finished (main,compress)
						This took about 1 seconds, peak mem usage: 13.00 Mb
[1753844942] -- 29/07/2025 23:09:02 * Finished (main,compress)
						This took about 0 seconds, peak mem usage: 13.00 Mb
[1753844944] -- 29/07/2025 23:09:05 * Finished (main,compress)
						This took about 1 seconds, peak mem usage: 13.00 Mb
[1753844947] -- 29/07/2025 23:09:08 * Finished (main,compress)
						This took about 1 seconds, peak mem usage: 13.00 Mb
[1753844951] -- 29/07/2025 23:09:11 * Finished (main,compress)
						This took about 0 seconds, peak mem usage: 13.00 Mb
[1753844954] -- 29/07/2025 23:09:14 * Finished (main,compress)
						This took about 0 seconds, peak mem usage: 13.00 Mb
[1753844958] -- 29/07/2025 23:09:18 * Finished (main,compress)
						This took about 0 seconds, peak mem usage: 13.00 Mb
[1753844962] -- 29/07/2025 23:09:22 * Finished (main,compress)
						This took about 0 seconds, peak mem usage: 13.00 Mb
[1753844966] -- 29/07/2025 23:09:26 * Finished (main,compress)
						This took about 0 seconds, peak mem usage: 13.00 Mb
[1753844971] -- 29/07/2025 23:09:31 * Finished (main,compress)
						This took about 0 seconds, peak mem usage: 13.00 Mb
[1753844976] -- 29/07/2025 23:09:36 * Finished (main,compress)
						This took about 0 seconds, peak mem usage: 13.00 Mb
[1753844980] -- 29/07/2025 23:09:41 * Finished (main,compress)
						This took about 1 seconds, peak mem usage: 13.00 Mb
[1753844985] -- 29/07/2025 23:09:46 * Finished (main,compress)
						This took about 1 seconds, peak mem usage: 13.00 Mb
[1753844991] -- 29/07/2025 23:09:51 * Finished (main,compress)
						This took about 0 seconds, peak mem usage: 13.00 Mb
[1753844996] -- 29/07/2025 23:09:56 * Finished (main,compress)
						This took about 0 seconds, peak mem usage: 13.00 Mb
[1753845001] -- 29/07/2025 23:10:01 * Finished (main,compress)
						This took about 0 seconds, peak mem usage: 13.00 Mb
[1753845007] -- 29/07/2025 23:10:07 * Finished (main,compress)
						This took about 0 seconds, peak mem usage: 13.00 Mb
[1753845013] -- 29/07/2025 23:10:13 * Finished (main,compress)
						This took about 0 seconds, peak mem usage: 13.38 Mb
[1753845019] -- 29/07/2025 23:10:19 * Finished (main,compress)
						This took about 0 seconds, peak mem usage: 13.38 Mb
[1753845030] -- 29/07/2025 23:10:32 * Finished (main,compress)
						This took about 2 seconds, peak mem usage: 496.23 Mb
[1753845042] -- 29/07/2025 23:10:45 * Finished (main,compress)
						This took about 3 seconds, peak mem usage: 525.05 Mb
[1753845060] -- 29/07/2025 23:11:05 * Finished (main,compress)
						This took about 5 seconds, peak mem usage: 546.69 Mb
[1753845090] -- 29/07/2025 23:11:36 * Finished (main,compress)
						This took about 6 seconds, peak mem usage: 546.69 Mb
[1753845128] -- 29/07/2025 23:12:16 * Finished (main,compress)
						This took about 8 seconds, peak mem usage: 546.69 Mb
[1753845172] -- 29/07/2025 23:13:00 * Finished (main,compress)
						This took about 8 seconds, peak mem usage: 546.69 Mb
[1753845220] -- 29/07/2025 23:13:50 * Finished (main,compress)
						This took about 10 seconds, peak mem usage: 546.69 Mb
[1753845274] -- 29/07/2025 23:14:44 * Finished (main,compress)
						This took about 10 seconds, peak mem usage: 546.69 Mb
[1753845332] -- 29/07/2025 23:15:43 * Finished (main,compress)
						This took about 11 seconds, peak mem usage: 546.69 Mb
[1753845398] -- 29/07/2025 23:16:51 * Finished (main,compress)
						This took about 13 seconds, peak mem usage: 546.69 Mb
[1753845472] -- 29/07/2025 23:18:05 * Finished (main,compress)
						This took about 13 seconds, peak mem usage: 546.69 Mb
[1753845552] -- 29/07/2025 23:19:27 * Finished (main,compress)
						This took about 15 seconds, peak mem usage: 546.69 Mb
[1753845639] -- 29/07/2025 23:20:54 * Finished (main,compress)
						This took about 15 seconds, peak mem usage: 546.69 Mb
[1753845728] -- 29/07/2025 23:22:24 * Finished (main,compress)
						This took about 16 seconds, peak mem usage: 546.69 Mb
[1753845822] -- 29/07/2025 23:23:58 * Finished (main,compress)
						This took about 16 seconds, peak mem usage: 546.69 Mb
[1753845921] -- 29/07/2025 23:25:38 * Finished (main,compress)
						This took about 17 seconds, peak mem usage: 546.69 Mb
[1753846026] -- 29/07/2025 23:27:22 * Finished (main,compress)
						This took about 16 seconds, peak mem usage: 546.69 Mb
[1753846134] -- 29/07/2025 23:29:12 * Finished (main,compress)
						This took about 18 seconds, peak mem usage: 546.69 Mb
[1753846249] -- 29/07/2025 23:31:07 * Finished (main,compress)
						This took about 18 seconds, peak mem usage: 546.69 Mb
[1753846368] -- 29/07/2025 23:33:06 * Finished (main,compress)
						This took about 18 seconds, peak mem usage: 546.69 Mb
[1753846491] -- 29/07/2025 23:35:10 * Finished (main,compress)
						This took about 19 seconds, peak mem usage: 546.69 Mb
[1753846619] -- 29/07/2025 23:37:17 * Finished (main,compress)
						This took about 18 seconds, peak mem usage: 546.69 Mb
[1753846750] -- 29/07/2025 23:39:29 * Finished (main,compress)
						This took about 19 seconds, peak mem usage: 546.69 Mb
[1753846886] -- 29/07/2025 23:41:46 * Finished (main,compress)
						This took about 20 seconds, peak mem usage: 546.69 Mb
[1753847027] -- 29/07/2025 23:44:07 * Finished (main,compress)
						This took about 20 seconds, peak mem usage: 546.69 Mb
[1753847132] -- 29/07/2025 23:45:34 * Finished (main,compress)
						This took about 2 seconds, peak mem usage: 228.88 Mb
[1753847140] -- 29/07/2025 23:45:43 * Finished (main,compress)
						This took about 3 seconds, peak mem usage: 228.88 Mb
[1753847153] -- 29/07/2025 23:46:01 * Finished (main,compress)
						This took about 8 seconds, peak mem usage: 228.88 Mb
[1753847174] -- 29/07/2025 23:46:24 * Finished (main,compress)
						This took about 10 seconds, peak mem usage: 228.88 Mb
[1753847200] -- 29/07/2025 23:46:51 * Finished (main,compress)
						This took about 11 seconds, peak mem usage: 264.03 Mb
[1753847230] -- 29/07/2025 23:47:20 * Finished (main,compress)
						This took about 10 seconds, peak mem usage: 264.03 Mb
[1753847263] -- 29/07/2025 23:47:54 * Finished (main,compress)
						This took about 11 seconds, peak mem usage: 264.03 Mb
[1753847301] -- 29/07/2025 23:48:33 * Finished (main,compress)
						This took about 12 seconds, peak mem usage: 264.03 Mb
[1753847344] -- 29/07/2025 23:49:16 * Finished (main,compress)
						This took about 12 seconds, peak mem usage: 264.03 Mb
[1753847390] -- 29/07/2025 23:50:05 * Finished (main,compress)
						This took about 15 seconds, peak mem usage: 264.03 Mb
[1753847444] -- 29/07/2025 23:51:00 * Finished (main,compress)
						This took about 16 seconds, peak mem usage: 264.03 Mb
[1753847503] -- 29/07/2025 23:51:59 * Finished (main,compress)
						This took about 16 seconds, peak mem usage: 264.03 Mb
[1753847564] -- 29/07/2025 23:53:00 * Finished (main,compress)
						This took about 16 seconds, peak mem usage: 264.03 Mb
[1753847630] -- 29/07/2025 23:54:07 * Finished (main,compress)
						This took about 17 seconds, peak mem usage: 264.03 Mb
[1753847701] -- 29/07/2025 23:55:16 * Finished (main,compress)
						This took about 15 seconds, peak mem usage: 264.03 Mb
[1753847774] -- 29/07/2025 23:56:32 * Finished (main,compress)
						This took about 18 seconds, peak mem usage: 264.03 Mb
[1753847854] -- 29/07/2025 23:57:53 * Finished (main,compress)
						This took about 19 seconds, peak mem usage: 264.03 Mb
[1753847940] -- 29/07/2025 23:59:20 * Finished (main,compress)
						This took about 20 seconds, peak mem usage: 264.03 Mb
[1753848033] -- 30/07/2025 00:00:55 * Finished (main,compress)
						This took about 22 seconds, peak mem usage: 264.03 Mb
[1753848130] -- 30/07/2025 00:02:31 * Finished (main,compress)
						This took about 21 seconds, peak mem usage: 264.03 Mb
[1753848229] -- 30/07/2025 00:04:08 * Finished (main,compress)
						This took about 19 seconds, peak mem usage: 264.03 Mb
[1753848329] -- 30/07/2025 00:05:48 * Finished (main,compress)
						This took about 19 seconds, peak mem usage: 264.03 Mb
[1753848435] -- 30/07/2025 00:07:34 * Finished (main,compress)
						This took about 19 seconds, peak mem usage: 264.03 Mb
[1753848544] -- 30/07/2025 00:09:25 * Finished (main,compress)
						This took about 21 seconds, peak mem usage: 264.03 Mb
[1753848659] -- 30/07/2025 00:11:20 * Finished (main,compress)
						This took about 21 seconds, peak mem usage: 264.03 Mb
[1753848768] -- 30/07/2025 00:12:52 * Finished (main,compress)
						This took about 4 seconds, peak mem usage: 265.06 Mb
[1753848784] -- 30/07/2025 00:13:12 * Finished (main,compress)
						This took about 8 seconds, peak mem usage: 265.06 Mb
[1753848812] -- 30/07/2025 00:13:48 * Finished (main,compress)
						This took about 16 seconds, peak mem usage: 265.06 Mb
[1753848854] -- 30/07/2025 00:14:38 * Finished (main,compress)
						This took about 24 seconds, peak mem usage: 270.99 Mb
[1753848909] -- 30/07/2025 00:15:35 * Finished (main,compress)
						This took about 26 seconds, peak mem usage: 270.99 Mb
[1753848974] -- 30/07/2025 00:16:44 * Finished (main,compress)
						This took about 30 seconds, peak mem usage: 265.06 Mb
[1753849047] -- 30/07/2025 00:18:02 * Finished (main,compress)
						This took about 35 seconds, peak mem usage: 265.06 Mb
[1753849132] -- 30/07/2025 00:19:34 * Finished (main,compress)
						This took about 42 seconds, peak mem usage: 265.06 Mb
[1753849229] -- 30/07/2025 00:21:14 * Finished (main,compress)
						This took about 45 seconds, peak mem usage: 265.06 Mb
[1753849334] -- 30/07/2025 00:23:06 * Finished (main,compress)
						This took about 52 seconds, peak mem usage: 270.99 Mb
[1753849449] -- 30/07/2025 00:25:08 * Finished (main,compress)
						This took about 59 seconds, peak mem usage: 270.99 Mb
[1753849578] -- 30/07/2025 00:27:23 * Finished (main,compress)
						This took about 65 seconds, peak mem usage: 265.06 Mb
[1753849717] -- 30/07/2025 00:29:47 * Finished (main,compress)
						This took about 70 seconds, peak mem usage: 265.06 Mb
[1753849866] -- 30/07/2025 00:32:25 * Finished (main,compress)
						This took about 79 seconds, peak mem usage: 265.06 Mb
[1753850026] -- 30/07/2025 00:35:04 * Finished (main,compress)
						This took about 78 seconds, peak mem usage: 265.06 Mb
[1753850189] -- 30/07/2025 00:37:55 * Finished (main,compress)
						This took about 86 seconds, peak mem usage: 265.06 Mb
[1753850365] -- 30/07/2025 00:40:54 * Finished (main,compress)
						This took about 89 seconds, peak mem usage: 265.06 Mb
[1753850551] -- 30/07/2025 00:44:12 * Finished (main,compress)
						This took about 101 seconds, peak mem usage: 265.06 Mb
[1753850755] -- 30/07/2025 00:47:40 * Finished (main,compress)
						This took about 105 seconds, peak mem usage: 265.06 Mb
[1753850965] -- 30/07/2025 00:51:19 * Finished (main,compress)
						This took about 114 seconds, peak mem usage: 265.06 Mb
[1753851190] -- 30/07/2025 00:55:08 * Finished (main,compress)
						This took about 118 seconds, peak mem usage: 265.06 Mb
[1753851423] -- 30/07/2025 00:59:08 * Finished (main,compress)
						This took about 125 seconds, peak mem usage: 265.06 Mb
[1753851669] -- 30/07/2025 01:03:27 * Finished (main,compress)
						This took about 138 seconds, peak mem usage: 270.99 Mb
[1753851933] -- 30/07/2025 01:07:53 * Finished (main,compress)
						This took about 140 seconds, peak mem usage: 265.06 Mb
[1753852204] -- 30/07/2025 01:12:26 * Finished (main,compress)
						This took about 142 seconds, peak mem usage: 265.06 Mb
[1753852437] -- 30/07/2025 01:13:57 * Finished (main,compress)
						This took about 0 seconds, peak mem usage: 70.25 Mb
[1753852445] -- 30/07/2025 01:14:06 * Finished (main,compress)
						This took about 1 seconds, peak mem usage: 82.54 Mb
[1753852459] -- 30/07/2025 01:14:20 * Finished (main,compress)
						This took about 1 seconds, peak mem usage: 78.45 Mb
[1753852478] -- 30/07/2025 01:14:40 * Finished (main,compress)
						This took about 2 seconds, peak mem usage: 78.45 Mb
[1753852502] -- 30/07/2025 01:15:05 * Finished (main,compress)
						This took about 3 seconds, peak mem usage: 78.45 Mb
[1753852531] -- 30/07/2025 01:15:34 * Finished (main,compress)
						This took about 3 seconds, peak mem usage: 82.54 Mb
[1753852565] -- 30/07/2025 01:16:09 * Finished (main,compress)
						This took about 4 seconds, peak mem usage: 82.54 Mb
[1753852606] -- 30/07/2025 01:16:50 * Finished (main,compress)
						This took about 4 seconds, peak mem usage: 82.54 Mb
[1753852651] -- 30/07/2025 01:17:36 * Finished (main,compress)
						This took about 5 seconds, peak mem usage: 82.54 Mb
[1753852702] -- 30/07/2025 01:18:29 * Finished (main,compress)
						This took about 7 seconds, peak mem usage: 86.64 Mb
[1753852761] -- 30/07/2025 01:19:29 * Finished (main,compress)
						This took about 8 seconds, peak mem usage: 86.64 Mb
[1753852828] -- 30/07/2025 01:20:37 * Finished (main,compress)
						This took about 9 seconds, peak mem usage: 86.64 Mb
[1753852901] -- 30/07/2025 01:21:50 * Finished (main,compress)
						This took about 9 seconds, peak mem usage: 86.64 Mb
[1753852978] -- 30/07/2025 01:23:08 * Finished (main,compress)
						This took about 10 seconds, peak mem usage: 86.64 Mb
[1753853060] -- 30/07/2025 01:24:30 * Finished (main,compress)
						This took about 10 seconds, peak mem usage: 86.64 Mb
[1753853149] -- 30/07/2025 01:25:59 * Finished (main,compress)
						This took about 10 seconds, peak mem usage: 86.64 Mb
[1753853244] -- 30/07/2025 01:27:36 * Finished (main,compress)
						This took about 12 seconds, peak mem usage: 86.64 Mb
[1753853347] -- 30/07/2025 01:29:18 * Finished (main,compress)
						This took about 11 seconds, peak mem usage: 86.64 Mb
[1753853455] -- 30/07/2025 01:31:07 * Finished (main,compress)
						This took about 12 seconds, peak mem usage: 86.64 Mb
[1753853570] -- 30/07/2025 01:33:02 * Finished (main,compress)
						This took about 12 seconds, peak mem usage: 86.64 Mb
[1753853690] -- 30/07/2025 01:35:04 * Finished (main,compress)
						This took about 14 seconds, peak mem usage: 86.64 Mb
[1753853818] -- 30/07/2025 01:37:12 * Finished (main,compress)
						This took about 14 seconds, peak mem usage: 86.64 Mb
[1753853952] -- 30/07/2025 01:39:28 * Finished (main,compress)
						This took about 16 seconds, peak mem usage: 86.64 Mb
[1753854095] -- 30/07/2025 01:41:52 * Finished (main,compress)
						This took about 17 seconds, peak mem usage: 86.64 Mb
[1753854246] -- 30/07/2025 01:44:24 * Finished (main,compress)
						This took about 18 seconds, peak mem usage: 86.64 Mb
[1753854394] -- 30/07/2025 01:46:35 * Finished (main,compress)
						This took about 1 seconds, peak mem usage: 425.98 Mb
[1753854402] -- 30/07/2025 01:46:45 * Finished (main,compress)
						This took about 3 seconds, peak mem usage: 548.31 Mb
[1753854417] -- 30/07/2025 01:47:00 * Finished (main,compress)
						This took about 3 seconds, peak mem usage: 548.31 Mb
[1753854436] -- 30/07/2025 01:47:20 * Finished (main,compress)
						This took about 4 seconds, peak mem usage: 548.31 Mb
[1753854460] -- 30/07/2025 01:47:44 * Finished (main,compress)
						This took about 4 seconds, peak mem usage: 548.31 Mb
[1753854487] -- 30/07/2025 01:48:11 * Finished (main,compress)
						This took about 4 seconds, peak mem usage: 594.08 Mb
[1753854518] -- 30/07/2025 01:48:43 * Finished (main,compress)
						This took about 5 seconds, peak mem usage: 594.08 Mb
[1753854553] -- 30/07/2025 01:49:18 * Finished (main,compress)
						This took about 5 seconds, peak mem usage: 594.08 Mb
[1753854591] -- 30/07/2025 01:49:57 * Finished (main,compress)
						This took about 6 seconds, peak mem usage: 594.08 Mb
[1753854635] -- 30/07/2025 01:50:42 * Finished (main,compress)
						This took about 7 seconds, peak mem usage: 617.03 Mb
[1753854685] -- 30/07/2025 01:51:32 * Finished (main,compress)
						This took about 7 seconds, peak mem usage: 617.03 Mb
[1753854739] -- 30/07/2025 01:52:27 * Finished (main,compress)
						This took about 8 seconds, peak mem usage: 617.03 Mb
[1753854801] -- 30/07/2025 01:53:30 * Finished (main,compress)
						This took about 9 seconds, peak mem usage: 617.03 Mb
[1753854867] -- 30/07/2025 01:54:36 * Finished (main,compress)
						This took about 9 seconds, peak mem usage: 617.03 Mb
[1753854937] -- 30/07/2025 01:55:46 * Finished (main,compress)
						This took about 9 seconds, peak mem usage: 617.03 Mb
[1753855011] -- 30/07/2025 01:57:01 * Finished (main,compress)
						This took about 10 seconds, peak mem usage: 617.03 Mb
[1753855090] -- 30/07/2025 01:58:20 * Finished (main,compress)
						This took about 10 seconds, peak mem usage: 617.03 Mb
[1753855174] -- 30/07/2025 01:59:44 * Finished (main,compress)
						This took about 10 seconds, peak mem usage: 617.03 Mb
[1753855261] -- 30/07/2025 02:01:11 * Finished (main,compress)
						This took about 10 seconds, peak mem usage: 632.26 Mb
[1753855352] -- 30/07/2025 02:02:43 * Finished (main,compress)
						This took about 11 seconds, peak mem usage: 632.26 Mb
[1753855448] -- 30/07/2025 02:04:20 * Finished (main,compress)
						This took about 12 seconds, peak mem usage: 632.27 Mb
[1753855552] -- 30/07/2025 02:06:05 * Finished (main,compress)
						This took about 13 seconds, peak mem usage: 632.27 Mb
[1753855659] -- 30/07/2025 02:07:53 * Finished (main,compress)
						This took about 14 seconds, peak mem usage: 632.26 Mb
[1753855773] -- 30/07/2025 02:09:46 * Finished (main,compress)
						This took about 13 seconds, peak mem usage: 632.26 Mb
[1753855890] -- 30/07/2025 02:11:43 * Finished (main,compress)
						This took about 13 seconds, peak mem usage: 632.27 Mb
[1753858162] -- 30/07/2025 02:49:22 * Finished (main,compress)
						This took about 0 seconds, peak mem usage: 8.30 Mb
[1753858163] -- 30/07/2025 02:49:23 * Finished (main,compress)
						This took about 0 seconds, peak mem usage: 8.30 Mb
[1753858164] -- 30/07/2025 02:49:24 * Finished (main,compress)
						This took about 0 seconds, peak mem usage: 8.30 Mb
[1753858164] -- 30/07/2025 02:49:24 * Finished (main,compress)
						This took about 0 seconds, peak mem usage: 8.30 Mb
[1753858164] -- 30/07/2025 02:49:24 * Finished (main,compress)
						This took about 0 seconds, peak mem usage: 8.30 Mb
[1753858164] -- 30/07/2025 02:49:24 * Finished (main,compress)
						This took about 0 seconds, peak mem usage: 8.30 Mb
[1753858165] -- 30/07/2025 02:49:25 * Finished (main,compress)
						This took about 0 seconds, peak mem usage: 8.30 Mb
[1753858165] -- 30/07/2025 02:49:25 * Finished (main,compress)
						This took about 0 seconds, peak mem usage: 8.30 Mb
[1753858165] -- 30/07/2025 02:49:25 * Finished (main,compress)
						This took about 0 seconds, peak mem usage: 8.30 Mb
[1753858165] -- 30/07/2025 02:49:25 * Finished (main,compress)
						This took about 0 seconds, peak mem usage: 8.30 Mb
[1753858166] -- 30/07/2025 02:49:26 * Finished (main,compress)
						This took about 0 seconds, peak mem usage: 8.30 Mb
[1753858166] -- 30/07/2025 02:49:26 * Finished (main,compress)
						This took about 0 seconds, peak mem usage: 8.30 Mb
[1753858167] -- 30/07/2025 02:49:27 * Finished (main,compress)
						This took about 0 seconds, peak mem usage: 8.30 Mb
[1753858167] -- 30/07/2025 02:49:27 * Finished (main,compress)
						This took about 0 seconds, peak mem usage: 8.30 Mb
[1753858167] -- 30/07/2025 02:49:27 * Finished (main,compress)
						This took about 0 seconds, peak mem usage: 8.30 Mb
[1753858168] -- 30/07/2025 02:49:28 * Finished (main,compress)
						This took about 0 seconds, peak mem usage: 8.30 Mb
[1753858168] -- 30/07/2025 02:49:28 * Finished (main,compress)
						This took about 0 seconds, peak mem usage: 8.30 Mb
[1753858168] -- 30/07/2025 02:49:28 * Finished (main,compress)
						This took about 0 seconds, peak mem usage: 8.30 Mb
[1753858169] -- 30/07/2025 02:49:29 * Finished (main,compress)
						This took about 0 seconds, peak mem usage: 8.30 Mb
[1753858169] -- 30/07/2025 02:49:29 * Finished (main,compress)
						This took about 0 seconds, peak mem usage: 8.30 Mb
[1753858170] -- 30/07/2025 02:49:30 * Finished (main,compress)
						This took about 0 seconds, peak mem usage: 8.30 Mb
[1753858170] -- 30/07/2025 02:49:30 * Finished (main,compress)
						This took about 0 seconds, peak mem usage: 8.30 Mb
[1753858170] -- 30/07/2025 02:49:30 * Finished (main,compress)
						This took about 0 seconds, peak mem usage: 8.30 Mb
[1753858171] -- 30/07/2025 02:49:31 * Finished (main,compress)
						This took about 0 seconds, peak mem usage: 8.30 Mb
[1753858171] -- 30/07/2025 02:49:31 * Finished (main,compress)
						This took about 0 seconds, peak mem usage: 8.30 Mb
[1753858172] -- 30/07/2025 02:49:32 * Finished (main,compress)
						This took about 0 seconds, peak mem usage: 11.02 Mb
[1753858173] -- 30/07/2025 02:49:33 * Finished (main,compress)
						This took about 0 seconds, peak mem usage: 10.87 Mb
[1753858174] -- 30/07/2025 02:49:34 * Finished (main,compress)
						This took about 0 seconds, peak mem usage: 10.87 Mb
[1753858175] -- 30/07/2025 02:49:35 * Finished (main,compress)
						This took about 0 seconds, peak mem usage: 11.01 Mb
[1753858175] -- 30/07/2025 02:49:36 * Finished (main,compress)
						This took about 1 seconds, peak mem usage: 10.87 Mb
[1753858176] -- 30/07/2025 02:49:36 * Finished (main,compress)
						This took about 0 seconds, peak mem usage: 11.01 Mb
[1753858177] -- 30/07/2025 02:49:37 * Finished (main,compress)
						This took about 0 seconds, peak mem usage: 10.87 Mb
[1753858179] -- 30/07/2025 02:49:39 * Finished (main,compress)
						This took about 0 seconds, peak mem usage: 10.87 Mb
[1753858180] -- 30/07/2025 02:49:40 * Finished (main,compress)
						This took about 0 seconds, peak mem usage: 11.02 Mb
[1753858181] -- 30/07/2025 02:49:41 * Finished (main,compress)
						This took about 0 seconds, peak mem usage: 11.01 Mb
[1753858182] -- 30/07/2025 02:49:42 * Finished (main,compress)
						This took about 0 seconds, peak mem usage: 10.88 Mb
[1753858183] -- 30/07/2025 02:49:44 * Finished (main,compress)
						This took about 1 seconds, peak mem usage: 10.87 Mb
[1753858185] -- 30/07/2025 02:49:45 * Finished (main,compress)
						This took about 0 seconds, peak mem usage: 10.88 Mb
[1753858186] -- 30/07/2025 02:49:46 * Finished (main,compress)
						This took about 0 seconds, peak mem usage: 11.02 Mb
[1753858188] -- 30/07/2025 02:49:48 * Finished (main,compress)
						This took about 0 seconds, peak mem usage: 11.02 Mb
[1753858189] -- 30/07/2025 02:49:49 * Finished (main,compress)
						This took about 0 seconds, peak mem usage: 11.02 Mb
[1753858190] -- 30/07/2025 02:49:51 * Finished (main,compress)
						This took about 1 seconds, peak mem usage: 10.88 Mb
[1753858192] -- 30/07/2025 02:49:52 * Finished (main,compress)
						This took about 0 seconds, peak mem usage: 11.02 Mb
[1753858194] -- 30/07/2025 02:49:54 * Finished (main,compress)
						This took about 0 seconds, peak mem usage: 11.03 Mb
[1753858195] -- 30/07/2025 02:49:55 * Finished (main,compress)
						This took about 0 seconds, peak mem usage: 11.03 Mb
[1753858197] -- 30/07/2025 02:49:57 * Finished (main,compress)
						This took about 0 seconds, peak mem usage: 10.88 Mb
[1753858199] -- 30/07/2025 02:49:59 * Finished (main,compress)
						This took about 0 seconds, peak mem usage: 10.88 Mb
[1753858201] -- 30/07/2025 02:50:01 * Finished (main,compress)
						This took about 0 seconds, peak mem usage: 11.02 Mb
[1753858202] -- 30/07/2025 02:50:03 * Finished (main,compress)
						This took about 1 seconds, peak mem usage: 10.88 Mb
[1753858204] -- 30/07/2025 02:50:04 * Finished (main,compress)
						This took about 0 seconds, peak mem usage: 10.88 Mb
[1753858206] -- 30/07/2025 02:50:07 * Finished (main,compress)
						This took about 1 seconds, peak mem usage: 12.78 Mb
[1753858207] -- 30/07/2025 02:50:07 * Finished (main,compress)
						This took about 0 seconds, peak mem usage: 13.03 Mb
[1753858208] -- 30/07/2025 02:50:08 * Finished (main,compress)
						This took about 0 seconds, peak mem usage: 12.91 Mb
[1753858209] -- 30/07/2025 02:50:09 * Finished (main,compress)
						This took about 0 seconds, peak mem usage: 12.78 Mb
[1753858210] -- 30/07/2025 02:50:10 * Finished (main,compress)
						This took about 0 seconds, peak mem usage: 13.03 Mb
[1753858211] -- 30/07/2025 02:50:12 * Finished (main,compress)
						This took about 1 seconds, peak mem usage: 12.78 Mb
[1753858213] -- 30/07/2025 02:50:13 * Finished (main,compress)
						This took about 0 seconds, peak mem usage: 12.78 Mb
[1753858214] -- 30/07/2025 02:50:15 * Finished (main,compress)
						This took about 1 seconds, peak mem usage: 12.78 Mb
[1753858216] -- 30/07/2025 02:50:16 * Finished (main,compress)
						This took about 0 seconds, peak mem usage: 13.03 Mb
[1753858218] -- 30/07/2025 02:50:18 * Finished (main,compress)
						This took about 0 seconds, peak mem usage: 13.03 Mb
[1753858220] -- 30/07/2025 02:50:20 * Finished (main,compress)
						This took about 0 seconds, peak mem usage: 13.03 Mb
[1753858222] -- 30/07/2025 02:50:22 * Finished (main,compress)
						This took about 0 seconds, peak mem usage: 12.78 Mb
[1753858224] -- 30/07/2025 02:50:24 * Finished (main,compress)
						This took about 0 seconds, peak mem usage: 12.91 Mb
[1753858226] -- 30/07/2025 02:50:26 * Finished (main,compress)
						This took about 0 seconds, peak mem usage: 12.78 Mb
[1753858229] -- 30/07/2025 02:50:29 * Finished (main,compress)
						This took about 0 seconds, peak mem usage: 12.91 Mb
[1753858231] -- 30/07/2025 02:50:31 * Finished (main,compress)
						This took about 0 seconds, peak mem usage: 12.91 Mb
[1753858234] -- 30/07/2025 02:50:34 * Finished (main,compress)
						This took about 0 seconds, peak mem usage: 13.03 Mb
[1753858237] -- 30/07/2025 02:50:37 * Finished (main,compress)
						This took about 0 seconds, peak mem usage: 13.03 Mb
[1753858239] -- 30/07/2025 02:50:39 * Finished (main,compress)
						This took about 0 seconds, peak mem usage: 12.91 Mb
[1753858242] -- 30/07/2025 02:50:42 * Finished (main,compress)
						This took about 0 seconds, peak mem usage: 13.03 Mb
[1753858245] -- 30/07/2025 02:50:46 * Finished (main,compress)
						This took about 1 seconds, peak mem usage: 13.03 Mb
[1753858249] -- 30/07/2025 02:50:49 * Finished (main,compress)
						This took about 0 seconds, peak mem usage: 12.91 Mb
[1753858252] -- 30/07/2025 02:50:52 * Finished (main,compress)
						This took about 0 seconds, peak mem usage: 12.91 Mb
[1753858255] -- 30/07/2025 02:50:55 * Finished (main,compress)
						This took about 0 seconds, peak mem usage: 12.91 Mb
[1753858259] -- 30/07/2025 02:50:59 * Finished (main,compress)
						This took about 0 seconds, peak mem usage: 13.03 Mb
[1753858263] -- 30/07/2025 02:51:03 * Finished (main,compress)
						This took about 0 seconds, peak mem usage: 33.66 Mb
[1753858264] -- 30/07/2025 02:51:05 * Finished (main,compress)
						This took about 1 seconds, peak mem usage: 38.13 Mb
[1753858267] -- 30/07/2025 02:51:07 * Finished (main,compress)
						This took about 0 seconds, peak mem usage: 38.13 Mb
[1753858272] -- 30/07/2025 02:51:12 * Finished (main,compress)
						This took about 0 seconds, peak mem usage: 38.13 Mb
[1753858277] -- 30/07/2025 02:51:17 * Finished (main,compress)
						This took about 0 seconds, peak mem usage: 38.13 Mb
[1753858284] -- 30/07/2025 02:51:24 * Finished (main,compress)
						This took about 0 seconds, peak mem usage: 38.13 Mb
[1753858292] -- 30/07/2025 02:51:32 * Finished (main,compress)
						This took about 0 seconds, peak mem usage: 38.13 Mb
[1753858302] -- 30/07/2025 02:51:42 * Finished (main,compress)
						This took about 0 seconds, peak mem usage: 38.13 Mb
[1753858312] -- 30/07/2025 02:51:53 * Finished (main,compress)
						This took about 1 seconds, peak mem usage: 38.13 Mb
[1753858324] -- 30/07/2025 02:52:05 * Finished (main,compress)
						This took about 1 seconds, peak mem usage: 38.13 Mb
[1753858338] -- 30/07/2025 02:52:18 * Finished (main,compress)
						This took about 0 seconds, peak mem usage: 38.13 Mb
[1753858353] -- 30/07/2025 02:52:33 * Finished (main,compress)
						This took about 0 seconds, peak mem usage: 38.13 Mb
[1753858370] -- 30/07/2025 02:52:50 * Finished (main,compress)
						This took about 0 seconds, peak mem usage: 38.13 Mb
[1753858387] -- 30/07/2025 02:53:08 * Finished (main,compress)
						This took about 1 seconds, peak mem usage: 38.13 Mb
[1753858406] -- 30/07/2025 02:53:26 * Finished (main,compress)
						This took about 0 seconds, peak mem usage: 40.37 Mb
[1753858425] -- 30/07/2025 02:53:45 * Finished (main,compress)
						This took about 0 seconds, peak mem usage: 40.37 Mb
[1753858445] -- 30/07/2025 02:54:05 * Finished (main,compress)
						This took about 0 seconds, peak mem usage: 40.37 Mb
[1753858466] -- 30/07/2025 02:54:26 * Finished (main,compress)
						This took about 0 seconds, peak mem usage: 40.37 Mb
[1753858487] -- 30/07/2025 02:54:48 * Finished (main,compress)
						This took about 1 seconds, peak mem usage: 40.37 Mb
[1753858510] -- 30/07/2025 02:55:10 * Finished (main,compress)
						This took about 0 seconds, peak mem usage: 40.37 Mb
[1753858533] -- 30/07/2025 02:55:33 * Finished (main,compress)
						This took about 0 seconds, peak mem usage: 40.37 Mb
[1753858557] -- 30/07/2025 02:55:57 * Finished (main,compress)
						This took about 0 seconds, peak mem usage: 40.37 Mb
[1753858582] -- 30/07/2025 02:56:22 * Finished (main,compress)
						This took about 0 seconds, peak mem usage: 40.37 Mb
[1753858606] -- 30/07/2025 02:56:47 * Finished (main,compress)
						This took about 1 seconds, peak mem usage: 40.37 Mb
[1753858632] -- 30/07/2025 02:57:13 * Finished (main,compress)
						This took about 1 seconds, peak mem usage: 40.37 Mb
[1753858659] -- 30/07/2025 02:57:40 * Finished (main,compress)
						This took about 1 seconds, peak mem usage: 18.37 Mb
[1753858660] -- 30/07/2025 02:57:41 * Finished (main,compress)
						This took about 1 seconds, peak mem usage: 19.52 Mb
[1753858662] -- 30/07/2025 02:57:43 * Finished (main,compress)
						This took about 1 seconds, peak mem usage: 19.52 Mb
[1753858664] -- 30/07/2025 02:57:46 * Finished (main,compress)
						This took about 2 seconds, peak mem usage: 19.52 Mb
[1753858667] -- 30/07/2025 02:57:51 * Finished (main,compress)
						This took about 4 seconds, peak mem usage: 19.52 Mb
[1753858672] -- 30/07/2025 02:57:57 * Finished (main,compress)
						This took about 5 seconds, peak mem usage: 19.52 Mb
[1753858678] -- 30/07/2025 02:58:06 * Finished (main,compress)
						This took about 8 seconds, peak mem usage: 32.94 Mb
[1753858687] -- 30/07/2025 02:58:16 * Finished (main,compress)
						This took about 9 seconds, peak mem usage: 32.94 Mb
[1753858698] -- 30/07/2025 02:58:27 * Finished (main,compress)
						This took about 9 seconds, peak mem usage: 32.94 Mb
[1753858709] -- 30/07/2025 02:58:43 * Finished (main,compress)
						This took about 14 seconds, peak mem usage: 32.94 Mb
[1753858724] -- 30/07/2025 02:59:00 * Finished (main,compress)
						This took about 16 seconds, peak mem usage: 33.07 Mb
[1753858741] -- 30/07/2025 02:59:20 * Finished (main,compress)
						This took about 19 seconds, peak mem usage: 33.07 Mb
[1753858762] -- 30/07/2025 02:59:43 * Finished (main,compress)
						This took about 21 seconds, peak mem usage: 33.07 Mb
[1753858785] -- 30/07/2025 03:00:09 * Finished (main,compress)
						This took about 24 seconds, peak mem usage: 33.07 Mb
[1753858811] -- 30/07/2025 03:00:35 * Finished (main,compress)
						This took about 24 seconds, peak mem usage: 33.07 Mb
[1753858837] -- 30/07/2025 03:01:04 * Finished (main,compress)
						This took about 27 seconds, peak mem usage: 33.07 Mb
[1753858866] -- 30/07/2025 03:01:33 * Finished (main,compress)
						This took about 27 seconds, peak mem usage: 33.07 Mb
[1753858895] -- 30/07/2025 03:02:06 * Finished (main,compress)
						This took about 31 seconds, peak mem usage: 33.07 Mb
[1753858928] -- 30/07/2025 03:02:39 * Finished (main,compress)
						This took about 31 seconds, peak mem usage: 33.07 Mb
[1753858961] -- 30/07/2025 03:03:15 * Finished (main,compress)
						This took about 34 seconds, peak mem usage: 33.07 Mb
[1753858998] -- 30/07/2025 03:03:57 * Finished (main,compress)
						This took about 39 seconds, peak mem usage: 33.07 Mb
[1753859040] -- 30/07/2025 03:04:40 * Finished (main,compress)
						This took about 40 seconds, peak mem usage: 33.07 Mb
[1753859083] -- 30/07/2025 03:05:24 * Finished (main,compress)
						This took about 41 seconds, peak mem usage: 33.07 Mb
[1753859127] -- 30/07/2025 03:06:11 * Finished (main,compress)
						This took about 44 seconds, peak mem usage: 33.07 Mb
[1753859174] -- 30/07/2025 03:07:01 * Finished (main,compress)
						This took about 47 seconds, peak mem usage: 33.07 Mb
[1753859224] -- 30/07/2025 03:07:04 * Finished (main,compress)
						This took about 0 seconds, peak mem usage: 12.45 Mb
[1753859224] -- 30/07/2025 03:07:04 * Finished (main,compress)
						This took about 0 seconds, peak mem usage: 12.82 Mb
[1753859225] -- 30/07/2025 03:07:05 * Finished (main,compress)
						This took about 0 seconds, peak mem usage: 13.75 Mb
[1753859226] -- 30/07/2025 03:07:06 * Finished (main,compress)
						This took about 0 seconds, peak mem usage: 13.75 Mb
[1753859227] -- 30/07/2025 03:07:07 * Finished (main,compress)
						This took about 0 seconds, peak mem usage: 13.75 Mb
[1753859228] -- 30/07/2025 03:07:08 * Finished (main,compress)
						This took about 0 seconds, peak mem usage: 13.75 Mb
[1753859229] -- 30/07/2025 03:07:09 * Finished (main,compress)
						This took about 0 seconds, peak mem usage: 13.75 Mb
[1753859230] -- 30/07/2025 03:07:10 * Finished (main,compress)
						This took about 0 seconds, peak mem usage: 13.75 Mb
[1753859232] -- 30/07/2025 03:07:12 * Finished (main,compress)
						This took about 0 seconds, peak mem usage: 13.75 Mb
[1753859233] -- 30/07/2025 03:07:13 * Finished (main,compress)
						This took about 0 seconds, peak mem usage: 13.75 Mb
[1753859235] -- 30/07/2025 03:07:15 * Finished (main,compress)
						This took about 0 seconds, peak mem usage: 13.75 Mb
[1753859237] -- 30/07/2025 03:07:17 * Finished (main,compress)
						This took about 0 seconds, peak mem usage: 13.75 Mb
[1753859239] -- 30/07/2025 03:07:19 * Finished (main,compress)
						This took about 0 seconds, peak mem usage: 13.75 Mb
[1753859241] -- 30/07/2025 03:07:21 * Finished (main,compress)
						This took about 0 seconds, peak mem usage: 13.75 Mb
[1753859244] -- 30/07/2025 03:07:24 * Finished (main,compress)
						This took about 0 seconds, peak mem usage: 14.30 Mb
[1753859246] -- 30/07/2025 03:07:26 * Finished (main,compress)
						This took about 0 seconds, peak mem usage: 14.30 Mb
[1753859249] -- 30/07/2025 03:07:29 * Finished (main,compress)
						This took about 0 seconds, peak mem usage: 14.30 Mb
[1753859251] -- 30/07/2025 03:07:32 * Finished (main,compress)
						This took about 1 seconds, peak mem usage: 15.79 Mb
[1753859254] -- 30/07/2025 03:07:34 * Finished (main,compress)
						This took about 0 seconds, peak mem usage: 15.79 Mb
[1753859257] -- 30/07/2025 03:07:37 * Finished (main,compress)
						This took about 0 seconds, peak mem usage: 15.79 Mb
[1753859260] -- 30/07/2025 03:07:41 * Finished (main,compress)
						This took about 1 seconds, peak mem usage: 15.79 Mb
[1753859264] -- 30/07/2025 03:07:44 * Finished (main,compress)
						This took about 0 seconds, peak mem usage: 15.79 Mb
[1753859267] -- 30/07/2025 03:07:47 * Finished (main,compress)
						This took about 0 seconds, peak mem usage: 15.79 Mb
[1753859271] -- 30/07/2025 03:07:51 * Finished (main,compress)
						This took about 0 seconds, peak mem usage: 15.79 Mb
[1753859275] -- 30/07/2025 03:07:55 * Finished (main,compress)
						This took about 0 seconds, peak mem usage: 15.79 Mb
[1753859283] -- 30/07/2025 03:08:06 * Finished (main,compress)
						This took about 3 seconds, peak mem usage: 496.23 Mb
[1753859294] -- 30/07/2025 03:08:16 * Finished (main,compress)
						This took about 2 seconds, peak mem usage: 539.48 Mb
[1753859307] -- 30/07/2025 03:08:30 * Finished (main,compress)
						This took about 3 seconds, peak mem usage: 496.23 Mb
[1753859325] -- 30/07/2025 03:08:50 * Finished (main,compress)
						This took about 5 seconds, peak mem usage: 496.23 Mb
[1753859349] -- 30/07/2025 03:09:14 * Finished (main,compress)
						This took about 5 seconds, peak mem usage: 496.23 Mb
[1753859376] -- 30/07/2025 03:09:41 * Finished (main,compress)
						This took about 5 seconds, peak mem usage: 525.05 Mb
[1753859406] -- 30/07/2025 03:10:13 * Finished (main,compress)
						This took about 7 seconds, peak mem usage: 525.05 Mb
[1753859441] -- 30/07/2025 03:10:48 * Finished (main,compress)
						This took about 7 seconds, peak mem usage: 525.05 Mb
[1753859480] -- 30/07/2025 03:11:28 * Finished (main,compress)
						This took about 8 seconds, peak mem usage: 532.26 Mb
[1753859524] -- 30/07/2025 03:12:13 * Finished (main,compress)
						This took about 9 seconds, peak mem usage: 532.26 Mb
[1753859572] -- 30/07/2025 03:13:00 * Finished (main,compress)
						This took about 8 seconds, peak mem usage: 553.89 Mb
[1753859623] -- 30/07/2025 03:13:53 * Finished (main,compress)
						This took about 10 seconds, peak mem usage: 553.89 Mb
[1753859680] -- 30/07/2025 03:14:51 * Finished (main,compress)
						This took about 11 seconds, peak mem usage: 553.89 Mb
[1753859739] -- 30/07/2025 03:15:50 * Finished (main,compress)
						This took about 11 seconds, peak mem usage: 553.89 Mb
[1753859799] -- 30/07/2025 03:16:51 * Finished (main,compress)
						This took about 12 seconds, peak mem usage: 553.89 Mb
[1753859867] -- 30/07/2025 03:17:59 * Finished (main,compress)
						This took about 12 seconds, peak mem usage: 553.89 Mb
[1753859937] -- 30/07/2025 03:19:10 * Finished (main,compress)
						This took about 13 seconds, peak mem usage: 553.89 Mb
[1753860010] -- 30/07/2025 03:20:24 * Finished (main,compress)
						This took about 14 seconds, peak mem usage: 553.89 Mb
[1753860084] -- 30/07/2025 03:21:39 * Finished (main,compress)
						This took about 15 seconds, peak mem usage: 553.89 Mb
[1753860160] -- 30/07/2025 03:22:54 * Finished (main,compress)
						This took about 14 seconds, peak mem usage: 553.89 Mb
[1753860236] -- 30/07/2025 03:24:10 * Finished (main,compress)
						This took about 14 seconds, peak mem usage: 553.89 Mb
[1753860316] -- 30/07/2025 03:25:30 * Finished (main,compress)
						This took about 14 seconds, peak mem usage: 553.89 Mb
[1753860397] -- 30/07/2025 03:26:51 * Finished (main,compress)
						This took about 14 seconds, peak mem usage: 553.89 Mb
[1753860480] -- 30/07/2025 03:28:15 * Finished (main,compress)
						This took about 15 seconds, peak mem usage: 553.89 Mb
[1753860566] -- 30/07/2025 03:29:40 * Finished (main,compress)
						This took about 14 seconds, peak mem usage: 553.89 Mb
[1753860617] -- 30/07/2025 03:30:19 * Finished (main,compress)
						This took about 2 seconds, peak mem usage: 228.88 Mb
[1753860624] -- 30/07/2025 03:30:27 * Finished (main,compress)
						This took about 3 seconds, peak mem usage: 228.88 Mb
[1753860635] -- 30/07/2025 03:30:38 * Finished (main,compress)
						This took about 3 seconds, peak mem usage: 248.89 Mb
[1753860648] -- 30/07/2025 03:30:53 * Finished (main,compress)
						This took about 5 seconds, peak mem usage: 248.89 Mb
[1753860666] -- 30/07/2025 03:31:12 * Finished (main,compress)
						This took about 6 seconds, peak mem usage: 248.89 Mb
[1753860688] -- 30/07/2025 03:31:36 * Finished (main,compress)
						This took about 8 seconds, peak mem usage: 248.89 Mb
[1753860714] -- 30/07/2025 03:32:04 * Finished (main,compress)
						This took about 10 seconds, peak mem usage: 248.89 Mb
[1753860744] -- 30/07/2025 03:32:35 * Finished (main,compress)
						This took about 11 seconds, peak mem usage: 248.89 Mb
[1753860777] -- 30/07/2025 03:33:10 * Finished (main,compress)
						This took about 13 seconds, peak mem usage: 248.89 Mb
[1753860814] -- 30/07/2025 03:33:47 * Finished (main,compress)
						This took about 13 seconds, peak mem usage: 253.89 Mb
[1753860853] -- 30/07/2025 03:34:27 * Finished (main,compress)
						This took about 14 seconds, peak mem usage: 253.89 Mb
[1753860895] -- 30/07/2025 03:35:09 * Finished (main,compress)
						This took about 14 seconds, peak mem usage: 253.89 Mb
[1753860940] -- 30/07/2025 03:35:54 * Finished (main,compress)
						This took about 14 seconds, peak mem usage: 253.89 Mb
[1753860986] -- 30/07/2025 03:36:42 * Finished (main,compress)
						This took about 16 seconds, peak mem usage: 253.89 Mb
[1753861037] -- 30/07/2025 03:37:34 * Finished (main,compress)
						This took about 17 seconds, peak mem usage: 253.89 Mb
[1753861090] -- 30/07/2025 03:38:27 * Finished (main,compress)
						This took about 17 seconds, peak mem usage: 253.89 Mb
[1753861145] -- 30/07/2025 03:39:23 * Finished (main,compress)
						This took about 18 seconds, peak mem usage: 253.89 Mb
[1753861204] -- 30/07/2025 03:40:22 * Finished (main,compress)
						This took about 18 seconds, peak mem usage: 253.89 Mb
[1753861264] -- 30/07/2025 03:41:20 * Finished (main,compress)
						This took about 16 seconds, peak mem usage: 253.89 Mb
[1753861322] -- 30/07/2025 03:42:21 * Finished (main,compress)
						This took about 19 seconds, peak mem usage: 264.03 Mb
[1753861389] -- 30/07/2025 03:43:27 * Finished (main,compress)
						This took about 18 seconds, peak mem usage: 253.89 Mb
[1753861455] -- 30/07/2025 03:44:36 * Finished (main,compress)
						This took about 21 seconds, peak mem usage: 253.89 Mb
[1753861527] -- 30/07/2025 03:45:48 * Finished (main,compress)
						This took about 21 seconds, peak mem usage: 253.89 Mb
[1753861600] -- 30/07/2025 03:47:01 * Finished (main,compress)
						This took about 21 seconds, peak mem usage: 253.89 Mb
[1753861676] -- 30/07/2025 03:48:17 * Finished (main,compress)
						This took about 21 seconds, peak mem usage: 253.89 Mb
[1753861743] -- 30/07/2025 03:49:07 * Finished (main,compress)
						This took about 4 seconds, peak mem usage: 265.06 Mb
[1753861759] -- 30/07/2025 03:49:31 * Finished (main,compress)
						This took about 12 seconds, peak mem usage: 265.06 Mb
[1753861788] -- 30/07/2025 03:50:11 * Finished (main,compress)
						This took about 23 seconds, peak mem usage: 265.06 Mb
[1753861832] -- 30/07/2025 03:50:55 * Finished (main,compress)
						This took about 23 seconds, peak mem usage: 265.06 Mb
[1753861882] -- 30/07/2025 03:51:53 * Finished (main,compress)
						This took about 31 seconds, peak mem usage: 265.06 Mb
[1753861944] -- 30/07/2025 03:53:01 * Finished (main,compress)
						This took about 37 seconds, peak mem usage: 270.99 Mb
[1753862016] -- 30/07/2025 03:54:18 * Finished (main,compress)
						This took about 42 seconds, peak mem usage: 265.06 Mb
[1753862099] -- 30/07/2025 03:55:46 * Finished (main,compress)
						This took about 47 seconds, peak mem usage: 265.06 Mb
[1753862190] -- 30/07/2025 03:57:28 * Finished (main,compress)
						This took about 58 seconds, peak mem usage: 270.99 Mb
[1753862294] -- 30/07/2025 03:59:16 * Finished (main,compress)
						This took about 62 seconds, peak mem usage: 265.06 Mb
[1753862406] -- 30/07/2025 04:01:12 * Finished (main,compress)
						This took about 66 seconds, peak mem usage: 265.06 Mb
[1753862524] -- 30/07/2025 04:03:15 * Finished (main,compress)
						This took about 71 seconds, peak mem usage: 265.06 Mb
[1753862650] -- 30/07/2025 04:05:31 * Finished (main,compress)
						This took about 81 seconds, peak mem usage: 265.06 Mb
[1753862788] -- 30/07/2025 04:07:59 * Finished (main,compress)
						This took about 91 seconds, peak mem usage: 265.06 Mb
[1753862942] -- 30/07/2025 04:10:34 * Finished (main,compress)
						This took about 92 seconds, peak mem usage: 265.06 Mb
[1753863099] -- 30/07/2025 04:13:15 * Finished (main,compress)
						This took about 96 seconds, peak mem usage: 265.06 Mb
[1753863262] -- 30/07/2025 04:16:04 * Finished (main,compress)
						This took about 102 seconds, peak mem usage: 265.06 Mb
[1753863433] -- 30/07/2025 04:19:11 * Finished (main,compress)
						This took about 118 seconds, peak mem usage: 282.85 Mb
[1753863622] -- 30/07/2025 04:22:16 * Finished (main,compress)
						This took about 114 seconds, peak mem usage: 265.06 Mb
[1753863812] -- 30/07/2025 04:25:29 * Finished (main,compress)
						This took about 117 seconds, peak mem usage: 265.06 Mb
[1753864007] -- 30/07/2025 04:28:48 * Finished (main,compress)
						This took about 121 seconds, peak mem usage: 265.06 Mb
[1753864208] -- 30/07/2025 04:32:15 * Finished (main,compress)
						This took about 127 seconds, peak mem usage: 265.06 Mb
[1753864418] -- 30/07/2025 04:35:48 * Finished (main,compress)
						This took about 130 seconds, peak mem usage: 265.06 Mb
[1753864631] -- 30/07/2025 04:39:20 * Finished (main,compress)
						This took about 129 seconds, peak mem usage: 270.99 Mb
[1753864847] -- 30/07/2025 04:43:09 * Finished (main,compress)
						This took about 142 seconds, peak mem usage: 265.06 Mb
[1753865033] -- 30/07/2025 04:43:54 * Finished (main,compress)
						This took about 1 seconds, peak mem usage: 70.25 Mb
[1753865039] -- 30/07/2025 04:44:00 * Finished (main,compress)
						This took about 1 seconds, peak mem usage: 74.35 Mb
[1753865048] -- 30/07/2025 04:44:10 * Finished (main,compress)
						This took about 2 seconds, peak mem usage: 74.35 Mb
[1753865061] -- 30/07/2025 04:44:24 * Finished (main,compress)
						This took about 3 seconds, peak mem usage: 74.35 Mb
[1753865079] -- 30/07/2025 04:44:42 * Finished (main,compress)
						This took about 3 seconds, peak mem usage: 74.35 Mb
[1753865100] -- 30/07/2025 04:45:04 * Finished (main,compress)
						This took about 4 seconds, peak mem usage: 78.45 Mb
[1753865125] -- 30/07/2025 04:45:30 * Finished (main,compress)
						This took about 5 seconds, peak mem usage: 78.45 Mb
[1753865153] -- 30/07/2025 04:45:58 * Finished (main,compress)
						This took about 5 seconds, peak mem usage: 78.45 Mb
[1753865185] -- 30/07/2025 04:46:30 * Finished (main,compress)
						This took about 5 seconds, peak mem usage: 90.73 Mb
[1753865220] -- 30/07/2025 04:47:07 * Finished (main,compress)
						This took about 7 seconds, peak mem usage: 90.73 Mb
[1753865260] -- 30/07/2025 04:47:48 * Finished (main,compress)
						This took about 8 seconds, peak mem usage: 90.73 Mb
[1753865304] -- 30/07/2025 04:48:33 * Finished (main,compress)
						This took about 9 seconds, peak mem usage: 90.73 Mb
[1753865351] -- 30/07/2025 04:49:20 * Finished (main,compress)
						This took about 9 seconds, peak mem usage: 90.73 Mb
[1753865401] -- 30/07/2025 04:50:12 * Finished (main,compress)
						This took about 11 seconds, peak mem usage: 90.73 Mb
[1753865457] -- 30/07/2025 04:51:10 * Finished (main,compress)
						This took about 13 seconds, peak mem usage: 90.73 Mb
[1753865517] -- 30/07/2025 04:52:08 * Finished (main,compress)
						This took about 11 seconds, peak mem usage: 90.73 Mb
[1753865578] -- 30/07/2025 04:53:10 * Finished (main,compress)
						This took about 12 seconds, peak mem usage: 90.73 Mb
[1753865643] -- 30/07/2025 04:54:17 * Finished (main,compress)
						This took about 14 seconds, peak mem usage: 90.73 Mb
[1753865712] -- 30/07/2025 04:55:25 * Finished (main,compress)
						This took about 13 seconds, peak mem usage: 90.73 Mb
[1753865782] -- 30/07/2025 04:56:35 * Finished (main,compress)
						This took about 13 seconds, peak mem usage: 90.73 Mb
[1753865856] -- 30/07/2025 04:57:51 * Finished (main,compress)
						This took about 15 seconds, peak mem usage: 90.73 Mb
[1753865934] -- 30/07/2025 04:59:11 * Finished (main,compress)
						This took about 17 seconds, peak mem usage: 90.73 Mb
[1753866018] -- 30/07/2025 05:00:35 * Finished (main,compress)
						This took about 17 seconds, peak mem usage: 90.73 Mb
[1753866104] -- 30/07/2025 05:02:02 * Finished (main,compress)
						This took about 18 seconds, peak mem usage: 90.73 Mb
[1753866194] -- 30/07/2025 05:03:32 * Finished (main,compress)
						This took about 18 seconds, peak mem usage: 90.73 Mb
[1753866272] -- 30/07/2025 05:04:34 * Finished (main,compress)
						This took about 2 seconds, peak mem usage: 425.98 Mb
[1753866279] -- 30/07/2025 05:04:41 * Finished (main,compress)
						This took about 2 seconds, peak mem usage: 540.64 Mb
[1753866288] -- 30/07/2025 05:04:51 * Finished (main,compress)
						This took about 3 seconds, peak mem usage: 594.08 Mb
[1753866301] -- 30/07/2025 05:05:04 * Finished (main,compress)
						This took about 3 seconds, peak mem usage: 594.08 Mb
[1753866317] -- 30/07/2025 05:05:21 * Finished (main,compress)
						This took about 4 seconds, peak mem usage: 594.08 Mb
[1753866336] -- 30/07/2025 05:05:41 * Finished (main,compress)
						This took about 5 seconds, peak mem usage: 594.08 Mb
[1753866358] -- 30/07/2025 05:06:03 * Finished (main,compress)
						This took about 5 seconds, peak mem usage: 594.08 Mb
[1753866383] -- 30/07/2025 05:06:28 * Finished (main,compress)
						This took about 5 seconds, peak mem usage: 594.08 Mb
[1753866411] -- 30/07/2025 05:06:56 * Finished (main,compress)
						This took about 5 seconds, peak mem usage: 594.08 Mb
[1753866441] -- 30/07/2025 05:07:26 * Finished (main,compress)
						This took about 5 seconds, peak mem usage: 594.08 Mb
[1753866472] -- 30/07/2025 05:07:58 * Finished (main,compress)
						This took about 6 seconds, peak mem usage: 594.08 Mb
[1753866506] -- 30/07/2025 05:08:32 * Finished (main,compress)
						This took about 6 seconds, peak mem usage: 594.08 Mb
[1753866543] -- 30/07/2025 05:09:09 * Finished (main,compress)
						This took about 6 seconds, peak mem usage: 594.08 Mb
[1753866583] -- 30/07/2025 05:09:50 * Finished (main,compress)
						This took about 7 seconds, peak mem usage: 594.08 Mb
[1753866627] -- 30/07/2025 05:10:35 * Finished (main,compress)
						This took about 8 seconds, peak mem usage: 594.08 Mb
[1753866674] -- 30/07/2025 05:11:22 * Finished (main,compress)
						This took about 8 seconds, peak mem usage: 601.77 Mb
[1753866722] -- 30/07/2025 05:12:11 * Finished (main,compress)
						This took about 9 seconds, peak mem usage: 601.77 Mb
[1753866773] -- 30/07/2025 05:13:02 * Finished (main,compress)
						This took about 9 seconds, peak mem usage: 601.77 Mb
[1753866827] -- 30/07/2025 05:13:55 * Finished (main,compress)
						This took about 8 seconds, peak mem usage: 601.77 Mb
[1753866882] -- 30/07/2025 05:14:53 * Finished (main,compress)
						This took about 11 seconds, peak mem usage: 601.77 Mb
[1753866943] -- 30/07/2025 05:15:53 * Finished (main,compress)
						This took about 10 seconds, peak mem usage: 601.77 Mb
[1753867007] -- 30/07/2025 05:16:58 * Finished (main,compress)
						This took about 11 seconds, peak mem usage: 601.77 Mb
[1753867073] -- 30/07/2025 05:18:04 * Finished (main,compress)
						This took about 11 seconds, peak mem usage: 601.77 Mb
[1753867141] -- 30/07/2025 05:19:13 * Finished (main,compress)
						This took about 12 seconds, peak mem usage: 601.77 Mb
[1753867215] -- 30/07/2025 05:20:27 * Finished (main,compress)
						This took about 12 seconds, peak mem usage: 601.77 Mb
[1753887151] -- 30/07/2025 10:52:31 * Finished (main,compress)
						This took about 0 seconds, peak mem usage: 8.30 Mb
[1753887152] -- 30/07/2025 10:52:32 * Finished (main,compress)
						This took about 0 seconds, peak mem usage: 11.02 Mb
[1753887153] -- 30/07/2025 10:52:33 * Finished (main,compress)
						This took about 0 seconds, peak mem usage: 12.78 Mb
[1753887156] -- 30/07/2025 10:52:36 * Finished (main,compress)
						This took about 0 seconds, peak mem usage: 18.37 Mb
[1753887157] -- 30/07/2025 10:52:37 * Finished (main,compress)
						This took about 0 seconds, peak mem usage: 12.45 Mb
[1753887188] -- 30/07/2025 10:53:08 * Finished (main,compress)
						This took about 0 seconds, peak mem usage: 8.30 Mb
[1753887190] -- 30/07/2025 10:53:10 * Finished (main,compress)
						This took about 0 seconds, peak mem usage: 11.02 Mb
[1753887191] -- 30/07/2025 10:53:11 * Finished (main,compress)
						This took about 0 seconds, peak mem usage: 12.78 Mb
[1753887193] -- 30/07/2025 10:53:13 * Finished (main,compress)
						This took about 0 seconds, peak mem usage: 33.66 Mb
[1753887199] -- 30/07/2025 10:53:19 * Finished (main,compress)
						This took about 0 seconds, peak mem usage: 18.37 Mb
[1753887200] -- 30/07/2025 10:53:20 * Finished (main,compress)
						This took about 0 seconds, peak mem usage: 12.45 Mb
[1753896773] -- 30/07/2025 13:32:53 * Finished (main,compress)
						This took about 0 seconds, peak mem usage: 8.30 Mb
[1753896774] -- 30/07/2025 13:32:54 * Finished (main,compress)
						This took about 0 seconds, peak mem usage: 11.02 Mb
[1753896776] -- 30/07/2025 13:32:56 * Finished (main,compress)
						This took about 0 seconds, peak mem usage: 12.78 Mb
[1753897156] -- 30/07/2025 13:39:16 * Finished (main,compress)
						This took about 0 seconds, peak mem usage: 8.30 Mb
[1753897157] -- 30/07/2025 13:39:17 * Finished (main,compress)
						This took about 0 seconds, peak mem usage: 8.30 Mb
[1753897157] -- 30/07/2025 13:39:17 * Finished (main,compress)
						This took about 0 seconds, peak mem usage: 8.30 Mb
[1753897157] -- 30/07/2025 13:39:17 * Finished (main,compress)
						This took about 0 seconds, peak mem usage: 8.30 Mb
[1753897158] -- 30/07/2025 13:39:18 * Finished (main,compress)
						This took about 0 seconds, peak mem usage: 8.30 Mb
[1753897158] -- 30/07/2025 13:39:18 * Finished (main,compress)
						This took about 0 seconds, peak mem usage: 8.30 Mb
[1753897158] -- 30/07/2025 13:39:18 * Finished (main,compress)
						This took about 0 seconds, peak mem usage: 8.30 Mb
[1753897158] -- 30/07/2025 13:39:18 * Finished (main,compress)
						This took about 0 seconds, peak mem usage: 8.30 Mb
[1753897159] -- 30/07/2025 13:39:19 * Finished (main,compress)
						This took about 0 seconds, peak mem usage: 8.30 Mb
[1753897159] -- 30/07/2025 13:39:19 * Finished (main,compress)
						This took about 0 seconds, peak mem usage: 8.30 Mb
[1753897159] -- 30/07/2025 13:39:19 * Finished (main,compress)
						This took about 0 seconds, peak mem usage: 8.30 Mb
[1753897160] -- 30/07/2025 13:39:20 * Finished (main,compress)
						This took about 0 seconds, peak mem usage: 8.30 Mb
[1753897160] -- 30/07/2025 13:39:20 * Finished (main,compress)
						This took about 0 seconds, peak mem usage: 8.30 Mb
[1753897160] -- 30/07/2025 13:39:20 * Finished (main,compress)
						This took about 0 seconds, peak mem usage: 8.30 Mb
[1753897161] -- 30/07/2025 13:39:21 * Finished (main,compress)
						This took about 0 seconds, peak mem usage: 8.30 Mb
[1753897161] -- 30/07/2025 13:39:21 * Finished (main,compress)
						This took about 0 seconds, peak mem usage: 8.30 Mb
[1753897162] -- 30/07/2025 13:39:22 * Finished (main,compress)
						This took about 0 seconds, peak mem usage: 8.30 Mb
[1753897162] -- 30/07/2025 13:39:22 * Finished (main,compress)
						This took about 0 seconds, peak mem usage: 8.30 Mb
[1753897162] -- 30/07/2025 13:39:22 * Finished (main,compress)
						This took about 0 seconds, peak mem usage: 8.30 Mb
[1753897163] -- 30/07/2025 13:39:23 * Finished (main,compress)
						This took about 0 seconds, peak mem usage: 8.30 Mb
[1753897163] -- 30/07/2025 13:39:23 * Finished (main,compress)
						This took about 0 seconds, peak mem usage: 8.30 Mb
[1753897164] -- 30/07/2025 13:39:24 * Finished (main,compress)
						This took about 0 seconds, peak mem usage: 8.30 Mb
[1753897164] -- 30/07/2025 13:39:24 * Finished (main,compress)
						This took about 0 seconds, peak mem usage: 8.30 Mb
[1753897165] -- 30/07/2025 13:39:25 * Finished (main,compress)
						This took about 0 seconds, peak mem usage: 8.30 Mb
[1753897165] -- 30/07/2025 13:39:25 * Finished (main,compress)
						This took about 0 seconds, peak mem usage: 8.30 Mb
[1753897167] -- 30/07/2025 13:39:27 * Finished (main,compress)
						This took about 0 seconds, peak mem usage: 11.02 Mb
[1753897167] -- 30/07/2025 13:39:27 * Finished (main,compress)
						This took about 0 seconds, peak mem usage: 11.01 Mb
[1753897168] -- 30/07/2025 13:39:28 * Finished (main,compress)
						This took about 0 seconds, peak mem usage: 11.02 Mb
[1753897169] -- 30/07/2025 13:39:29 * Finished (main,compress)
						This took about 0 seconds, peak mem usage: 10.87 Mb
[1753897170] -- 30/07/2025 13:39:30 * Finished (main,compress)
						This took about 0 seconds, peak mem usage: 11.02 Mb
[1753897171] -- 30/07/2025 13:39:31 * Finished (main,compress)
						This took about 0 seconds, peak mem usage: 11.02 Mb
[1753897172] -- 30/07/2025 13:39:32 * Finished (main,compress)
						This took about 0 seconds, peak mem usage: 10.87 Mb
[1753897173] -- 30/07/2025 13:39:33 * Finished (main,compress)
						This took about 0 seconds, peak mem usage: 11.02 Mb
[1753897174] -- 30/07/2025 13:39:34 * Finished (main,compress)
						This took about 0 seconds, peak mem usage: 11.02 Mb
[1753897176] -- 30/07/2025 13:39:36 * Finished (main,compress)
						This took about 0 seconds, peak mem usage: 10.87 Mb
[1753897177] -- 30/07/2025 13:39:37 * Finished (main,compress)
						This took about 0 seconds, peak mem usage: 10.87 Mb
[1753897179] -- 30/07/2025 13:39:39 * Finished (main,compress)
						This took about 0 seconds, peak mem usage: 11.02 Mb
[1753897180] -- 30/07/2025 13:39:40 * Finished (main,compress)
						This took about 0 seconds, peak mem usage: 10.88 Mb
[1753897182] -- 30/07/2025 13:39:42 * Finished (main,compress)
						This took about 0 seconds, peak mem usage: 10.88 Mb
[1753897183] -- 30/07/2025 13:39:44 * Finished (main,compress)
						This took about 1 seconds, peak mem usage: 11.02 Mb
[1753897185] -- 30/07/2025 13:39:45 * Finished (main,compress)
						This took about 0 seconds, peak mem usage: 11.02 Mb
[1753897187] -- 30/07/2025 13:39:47 * Finished (main,compress)
						This took about 0 seconds, peak mem usage: 10.87 Mb
[1753897189] -- 30/07/2025 13:39:49 * Finished (main,compress)
						This took about 0 seconds, peak mem usage: 10.88 Mb
[1753897191] -- 30/07/2025 13:39:51 * Finished (main,compress)
						This took about 0 seconds, peak mem usage: 11.02 Mb
[1753897193] -- 30/07/2025 13:39:53 * Finished (main,compress)
						This took about 0 seconds, peak mem usage: 10.87 Mb
[1753897195] -- 30/07/2025 13:39:55 * Finished (main,compress)
						This took about 0 seconds, peak mem usage: 10.87 Mb
[1753897197] -- 30/07/2025 13:39:57 * Finished (main,compress)
						This took about 0 seconds, peak mem usage: 10.87 Mb
[1753897199] -- 30/07/2025 13:39:59 * Finished (main,compress)
						This took about 0 seconds, peak mem usage: 10.87 Mb
[1753897202] -- 30/07/2025 13:40:02 * Finished (main,compress)
						This took about 0 seconds, peak mem usage: 10.87 Mb
[1753897204] -- 30/07/2025 13:40:04 * Finished (main,compress)
						This took about 0 seconds, peak mem usage: 10.88 Mb
[1753897207] -- 30/07/2025 13:40:07 * Finished (main,compress)
						This took about 0 seconds, peak mem usage: 12.78 Mb
[1753897208] -- 30/07/2025 13:40:09 * Finished (main,compress)
						This took about 1 seconds, peak mem usage: 13.03 Mb
[1753897210] -- 30/07/2025 13:40:10 * Finished (main,compress)
						This took about 0 seconds, peak mem usage: 13.03 Mb
[1753897211] -- 30/07/2025 13:40:11 * Finished (main,compress)
						This took about 0 seconds, peak mem usage: 13.03 Mb
[1753897212] -- 30/07/2025 13:40:13 * Finished (main,compress)
						This took about 1 seconds, peak mem usage: 13.03 Mb
[1753897214] -- 30/07/2025 13:40:14 * Finished (main,compress)
						This took about 0 seconds, peak mem usage: 13.03 Mb
[1753897216] -- 30/07/2025 13:40:16 * Finished (main,compress)
						This took about 0 seconds, peak mem usage: 13.03 Mb
[1753897218] -- 30/07/2025 13:40:18 * Finished (main,compress)
						This took about 0 seconds, peak mem usage: 13.03 Mb
[1753897220] -- 30/07/2025 13:40:20 * Finished (main,compress)
						This took about 0 seconds, peak mem usage: 13.03 Mb
[1753897221] -- 30/07/2025 13:40:22 * Finished (main,compress)
						This took about 1 seconds, peak mem usage: 13.03 Mb
[1753897224] -- 30/07/2025 13:40:24 * Finished (main,compress)
						This took about 0 seconds, peak mem usage: 13.03 Mb
[1753897226] -- 30/07/2025 13:40:26 * Finished (main,compress)
						This took about 0 seconds, peak mem usage: 13.03 Mb
[1753897228] -- 30/07/2025 13:40:28 * Finished (main,compress)
						This took about 0 seconds, peak mem usage: 13.03 Mb
[1753897231] -- 30/07/2025 13:40:31 * Finished (main,compress)
						This took about 0 seconds, peak mem usage: 13.03 Mb
[1753897233] -- 30/07/2025 13:40:33 * Finished (main,compress)
						This took about 0 seconds, peak mem usage: 13.03 Mb
[1753897236] -- 30/07/2025 13:40:36 * Finished (main,compress)
						This took about 0 seconds, peak mem usage: 13.03 Mb
[1753897239] -- 30/07/2025 13:40:39 * Finished (main,compress)
						This took about 0 seconds, peak mem usage: 13.03 Mb
[1753897242] -- 30/07/2025 13:40:42 * Finished (main,compress)
						This took about 0 seconds, peak mem usage: 13.03 Mb
[1753897245] -- 30/07/2025 13:40:45 * Finished (main,compress)
						This took about 0 seconds, peak mem usage: 12.91 Mb
[1753897248] -- 30/07/2025 13:40:48 * Finished (main,compress)
						This took about 0 seconds, peak mem usage: 12.91 Mb
[1753897251] -- 30/07/2025 13:40:51 * Finished (main,compress)
						This took about 0 seconds, peak mem usage: 12.91 Mb
[1753897255] -- 30/07/2025 13:40:55 * Finished (main,compress)
						This took about 0 seconds, peak mem usage: 12.91 Mb
[1753897258] -- 30/07/2025 13:40:58 * Finished (main,compress)
						This took about 0 seconds, peak mem usage: 12.91 Mb
[1753897262] -- 30/07/2025 13:41:02 * Finished (main,compress)
						This took about 0 seconds, peak mem usage: 12.91 Mb
[1753897266] -- 30/07/2025 13:41:06 * Finished (main,compress)
						This took about 0 seconds, peak mem usage: 12.91 Mb
[1753897270] -- 30/07/2025 13:41:10 * Finished (main,compress)
						This took about 0 seconds, peak mem usage: 33.66 Mb
[1753897275] -- 30/07/2025 13:41:16 * Finished (main,compress)
						This took about 1 seconds, peak mem usage: 35.89 Mb
[1753897282] -- 30/07/2025 13:41:22 * Finished (main,compress)
						This took about 0 seconds, peak mem usage: 35.89 Mb
[1753897290] -- 30/07/2025 13:41:30 * Finished (main,compress)
						This took about 0 seconds, peak mem usage: 35.89 Mb
[1753897297] -- 30/07/2025 13:41:37 * Finished (main,compress)
						This took about 0 seconds, peak mem usage: 35.89 Mb
[1753897306] -- 30/07/2025 13:41:46 * Finished (main,compress)
						This took about 0 seconds, peak mem usage: 35.89 Mb
[1753897317] -- 30/07/2025 13:41:57 * Finished (main,compress)
						This took about 0 seconds, peak mem usage: 35.89 Mb
[1753897328] -- 30/07/2025 13:42:08 * Finished (main,compress)
						This took about 0 seconds, peak mem usage: 35.89 Mb
[1753897341] -- 30/07/2025 13:42:21 * Finished (main,compress)
						This took about 0 seconds, peak mem usage: 35.89 Mb
[1753897355] -- 30/07/2025 13:42:35 * Finished (main,compress)
						This took about 0 seconds, peak mem usage: 35.89 Mb
[1753897369] -- 30/07/2025 13:42:49 * Finished (main,compress)
						This took about 0 seconds, peak mem usage: 35.89 Mb
[1753897385] -- 30/07/2025 13:43:06 * Finished (main,compress)
						This took about 1 seconds, peak mem usage: 38.13 Mb
[1753897404] -- 30/07/2025 13:43:24 * Finished (main,compress)
						This took about 0 seconds, peak mem usage: 38.13 Mb
[1753897421] -- 30/07/2025 13:43:42 * Finished (main,compress)
						This took about 1 seconds, peak mem usage: 38.13 Mb
[1753897441] -- 30/07/2025 13:44:01 * Finished (main,compress)
						This took about 0 seconds, peak mem usage: 38.13 Mb
[1753897460] -- 30/07/2025 13:44:20 * Finished (main,compress)
						This took about 0 seconds, peak mem usage: 38.13 Mb
[1753897480] -- 30/07/2025 13:44:40 * Finished (main,compress)
						This took about 0 seconds, peak mem usage: 38.13 Mb
[1753897499] -- 30/07/2025 13:45:00 * Finished (main,compress)
						This took about 1 seconds, peak mem usage: 38.13 Mb
[1753897520] -- 30/07/2025 13:45:20 * Finished (main,compress)
						This took about 0 seconds, peak mem usage: 38.13 Mb
[1753897543] -- 30/07/2025 13:45:43 * Finished (main,compress)
						This took about 0 seconds, peak mem usage: 38.13 Mb
[1753897565] -- 30/07/2025 13:46:06 * Finished (main,compress)
						This took about 1 seconds, peak mem usage: 38.13 Mb
[1753897589] -- 30/07/2025 13:46:29 * Finished (main,compress)
						This took about 0 seconds, peak mem usage: 38.13 Mb
[1753897613] -- 30/07/2025 13:46:53 * Finished (main,compress)
						This took about 0 seconds, peak mem usage: 38.13 Mb
[1753897638] -- 30/07/2025 13:47:18 * Finished (main,compress)
						This took about 0 seconds, peak mem usage: 38.13 Mb
[1753897664] -- 30/07/2025 13:47:44 * Finished (main,compress)
						This took about 0 seconds, peak mem usage: 38.13 Mb
[1753897691] -- 30/07/2025 13:48:11 * Finished (main,compress)
						This took about 0 seconds, peak mem usage: 18.37 Mb
[1753897692] -- 30/07/2025 13:48:13 * Finished (main,compress)
						This took about 1 seconds, peak mem usage: 19.52 Mb
[1753897693] -- 30/07/2025 13:48:15 * Finished (main,compress)
						This took about 2 seconds, peak mem usage: 20.67 Mb
[1753897696] -- 30/07/2025 13:48:18 * Finished (main,compress)
						This took about 2 seconds, peak mem usage: 18.75 Mb
[1753897699] -- 30/07/2025 13:48:22 * Finished (main,compress)
						This took about 3 seconds, peak mem usage: 32.94 Mb
[1753897703] -- 30/07/2025 13:48:27 * Finished (main,compress)
						This took about 4 seconds, peak mem usage: 32.94 Mb
[1753897709] -- 30/07/2025 13:48:34 * Finished (main,compress)
						This took about 5 seconds, peak mem usage: 32.94 Mb
[1753897716] -- 30/07/2025 13:48:42 * Finished (main,compress)
						This took about 6 seconds, peak mem usage: 32.94 Mb
[1753897724] -- 30/07/2025 13:48:53 * Finished (main,compress)
						This took about 9 seconds, peak mem usage: 32.94 Mb
[1753897735] -- 30/07/2025 13:49:06 * Finished (main,compress)
						This took about 11 seconds, peak mem usage: 32.94 Mb
[1753897747] -- 30/07/2025 13:49:22 * Finished (main,compress)
						This took about 15 seconds, peak mem usage: 33.07 Mb
[1753897764] -- 30/07/2025 13:49:40 * Finished (main,compress)
						This took about 16 seconds, peak mem usage: 33.07 Mb
[1753897782] -- 30/07/2025 13:50:01 * Finished (main,compress)
						This took about 19 seconds, peak mem usage: 33.07 Mb
[1753897803] -- 30/07/2025 13:50:24 * Finished (main,compress)
						This took about 21 seconds, peak mem usage: 33.07 Mb
[1753897826] -- 30/07/2025 13:50:52 * Finished (main,compress)
						This took about 26 seconds, peak mem usage: 33.07 Mb
[1753897854] -- 30/07/2025 13:51:19 * Finished (main,compress)
						This took about 25 seconds, peak mem usage: 33.07 Mb
[1753897882] -- 30/07/2025 13:51:50 * Finished (main,compress)
						This took about 28 seconds, peak mem usage: 33.07 Mb
[1753897913] -- 30/07/2025 13:52:25 * Finished (main,compress)
						This took about 32 seconds, peak mem usage: 33.07 Mb
[1753897947] -- 30/07/2025 13:53:02 * Finished (main,compress)
						This took about 35 seconds, peak mem usage: 33.07 Mb
[1753897984] -- 30/07/2025 13:53:43 * Finished (main,compress)
						This took about 39 seconds, peak mem usage: 33.07 Mb
[1753898026] -- 30/07/2025 13:54:28 * Finished (main,compress)
						This took about 42 seconds, peak mem usage: 33.07 Mb
[1753898071] -- 30/07/2025 13:55:18 * Finished (main,compress)
						This took about 47 seconds, peak mem usage: 33.07 Mb
[1753898120] -- 30/07/2025 13:56:08 * Finished (main,compress)
						This took about 48 seconds, peak mem usage: 33.07 Mb
[1753898171] -- 30/07/2025 13:57:01 * Finished (main,compress)
						This took about 50 seconds, peak mem usage: 33.07 Mb
[1753898224] -- 30/07/2025 13:57:56 * Finished (main,compress)
						This took about 52 seconds, peak mem usage: 33.07 Mb
[1753898279] -- 30/07/2025 13:57:59 * Finished (main,compress)
						This took about 0 seconds, peak mem usage: 12.45 Mb
[1753898280] -- 30/07/2025 13:58:00 * Finished (main,compress)
						This took about 0 seconds, peak mem usage: 13.19 Mb
[1753898281] -- 30/07/2025 13:58:01 * Finished (main,compress)
						This took about 0 seconds, peak mem usage: 13.19 Mb
[1753898282] -- 30/07/2025 13:58:02 * Finished (main,compress)
						This took about 0 seconds, peak mem usage: 13.19 Mb
[1753898283] -- 30/07/2025 13:58:03 * Finished (main,compress)
						This took about 0 seconds, peak mem usage: 13.19 Mb
[1753898285] -- 30/07/2025 13:58:05 * Finished (main,compress)
						This took about 0 seconds, peak mem usage: 13.19 Mb
[1753898286] -- 30/07/2025 13:58:06 * Finished (main,compress)
						This took about 0 seconds, peak mem usage: 13.19 Mb
[1753898288] -- 30/07/2025 13:58:08 * Finished (main,compress)
						This took about 0 seconds, peak mem usage: 13.19 Mb
[1753898290] -- 30/07/2025 13:58:10 * Finished (main,compress)
						This took about 0 seconds, peak mem usage: 13.19 Mb
[1753898292] -- 30/07/2025 13:58:12 * Finished (main,compress)
						This took about 0 seconds, peak mem usage: 13.19 Mb
[1753898294] -- 30/07/2025 13:58:14 * Finished (main,compress)
						This took about 0 seconds, peak mem usage: 13.19 Mb
[1753898296] -- 30/07/2025 13:58:16 * Finished (main,compress)
						This took about 0 seconds, peak mem usage: 13.19 Mb
[1753898299] -- 30/07/2025 13:58:19 * Finished (main,compress)
						This took about 0 seconds, peak mem usage: 13.19 Mb
[1753898301] -- 30/07/2025 13:58:21 * Finished (main,compress)
						This took about 0 seconds, peak mem usage: 13.93 Mb
[1753898304] -- 30/07/2025 13:58:24 * Finished (main,compress)
						This took about 0 seconds, peak mem usage: 13.93 Mb
[1753898307] -- 30/07/2025 13:58:27 * Finished (main,compress)
						This took about 0 seconds, peak mem usage: 13.93 Mb
[1753898310] -- 30/07/2025 13:58:30 * Finished (main,compress)
						This took about 0 seconds, peak mem usage: 13.93 Mb
[1753898313] -- 30/07/2025 13:58:33 * Finished (main,compress)
						This took about 0 seconds, peak mem usage: 13.93 Mb
[1753898316] -- 30/07/2025 13:58:36 * Finished (main,compress)
						This took about 0 seconds, peak mem usage: 13.93 Mb
[1753898319] -- 30/07/2025 13:58:40 * Finished (main,compress)
						This took about 1 seconds, peak mem usage: 13.93 Mb
[1753898323] -- 30/07/2025 13:58:43 * Finished (main,compress)
						This took about 0 seconds, peak mem usage: 15.05 Mb
[1753898327] -- 30/07/2025 13:58:47 * Finished (main,compress)
						This took about 0 seconds, peak mem usage: 15.05 Mb
[1753898331] -- 30/07/2025 13:58:51 * Finished (main,compress)
						This took about 0 seconds, peak mem usage: 15.05 Mb
[1753898335] -- 30/07/2025 13:58:55 * Finished (main,compress)
						This took about 0 seconds, peak mem usage: 20.62 Mb
[1753898339] -- 30/07/2025 13:58:59 * Finished (main,compress)
						This took about 0 seconds, peak mem usage: 20.62 Mb
[1753898348] -- 30/07/2025 13:59:10 * Finished (main,compress)
						This took about 2 seconds, peak mem usage: 496.23 Mb
[1753898362] -- 30/07/2025 13:59:25 * Finished (main,compress)
						This took about 3 seconds, peak mem usage: 510.64 Mb
[1753898381] -- 30/07/2025 13:59:45 * Finished (main,compress)
						This took about 4 seconds, peak mem usage: 510.64 Mb
[1753898405] -- 30/07/2025 14:00:11 * Finished (main,compress)
						This took about 6 seconds, peak mem usage: 532.26 Mb
[1753898435] -- 30/07/2025 14:00:42 * Finished (main,compress)
						This took about 7 seconds, peak mem usage: 532.26 Mb
[1753898471] -- 30/07/2025 14:01:20 * Finished (main,compress)
						This took about 9 seconds, peak mem usage: 532.26 Mb
[1753898514] -- 30/07/2025 14:02:03 * Finished (main,compress)
						This took about 9 seconds, peak mem usage: 532.26 Mb
[1753898557] -- 30/07/2025 14:02:46 * Finished (main,compress)
						This took about 9 seconds, peak mem usage: 532.26 Mb
[1753898604] -- 30/07/2025 14:03:35 * Finished (main,compress)
						This took about 11 seconds, peak mem usage: 532.26 Mb
[1753898657] -- 30/07/2025 14:04:28 * Finished (main,compress)
						This took about 11 seconds, peak mem usage: 532.26 Mb
[1753898713] -- 30/07/2025 14:05:27 * Finished (main,compress)
						This took about 14 seconds, peak mem usage: 532.26 Mb
[1753898777] -- 30/07/2025 14:06:30 * Finished (main,compress)
						This took about 13 seconds, peak mem usage: 532.26 Mb
[1753898842] -- 30/07/2025 14:07:37 * Finished (main,compress)
						This took about 15 seconds, peak mem usage: 532.26 Mb
[1753898914] -- 30/07/2025 14:08:50 * Finished (main,compress)
						This took about 16 seconds, peak mem usage: 532.26 Mb
[1753898986] -- 30/07/2025 14:10:03 * Finished (main,compress)
						This took about 17 seconds, peak mem usage: 532.26 Mb
[1753899062] -- 30/07/2025 14:11:19 * Finished (main,compress)
						This took about 17 seconds, peak mem usage: 539.68 Mb
[1753899143] -- 30/07/2025 14:12:41 * Finished (main,compress)
						This took about 18 seconds, peak mem usage: 539.68 Mb
[1753899224] -- 30/07/2025 14:14:02 * Finished (main,compress)
						This took about 18 seconds, peak mem usage: 539.68 Mb
[1753899308] -- 30/07/2025 14:15:26 * Finished (main,compress)
						This took about 18 seconds, peak mem usage: 539.48 Mb
[1753899399] -- 30/07/2025 14:16:58 * Finished (main,compress)
						This took about 19 seconds, peak mem usage: 539.48 Mb
[1753899491] -- 30/07/2025 14:18:30 * Finished (main,compress)
						This took about 19 seconds, peak mem usage: 539.68 Mb
[1753899584] -- 30/07/2025 14:20:04 * Finished (main,compress)
						This took about 20 seconds, peak mem usage: 539.68 Mb
[1753899682] -- 30/07/2025 14:21:42 * Finished (main,compress)
						This took about 20 seconds, peak mem usage: 539.48 Mb
[1753899780] -- 30/07/2025 14:23:21 * Finished (main,compress)
						This took about 21 seconds, peak mem usage: 539.68 Mb
[1753899882] -- 30/07/2025 14:25:04 * Finished (main,compress)
						This took about 22 seconds, peak mem usage: 553.89 Mb
[1753899943] -- 30/07/2025 14:25:45 * Finished (main,compress)
						This took about 2 seconds, peak mem usage: 228.88 Mb
[1753899952] -- 30/07/2025 14:25:56 * Finished (main,compress)
						This took about 4 seconds, peak mem usage: 238.88 Mb
[1753899966] -- 30/07/2025 14:26:10 * Finished (main,compress)
						This took about 4 seconds, peak mem usage: 238.88 Mb
[1753899981] -- 30/07/2025 14:26:27 * Finished (main,compress)
						This took about 6 seconds, peak mem usage: 248.89 Mb
[1753900000] -- 30/07/2025 14:26:47 * Finished (main,compress)
						This took about 7 seconds, peak mem usage: 248.89 Mb
[1753900023] -- 30/07/2025 14:27:12 * Finished (main,compress)
						This took about 9 seconds, peak mem usage: 248.89 Mb
[1753900051] -- 30/07/2025 14:27:42 * Finished (main,compress)
						This took about 11 seconds, peak mem usage: 248.89 Mb
[1753900083] -- 30/07/2025 14:28:14 * Finished (main,compress)
						This took about 11 seconds, peak mem usage: 248.89 Mb
[1753900117] -- 30/07/2025 14:28:50 * Finished (main,compress)
						This took about 13 seconds, peak mem usage: 248.89 Mb
[1753900156] -- 30/07/2025 14:29:27 * Finished (main,compress)
						This took about 11 seconds, peak mem usage: 259.02 Mb
[1753900195] -- 30/07/2025 14:30:07 * Finished (main,compress)
						This took about 12 seconds, peak mem usage: 259.02 Mb
[1753900237] -- 30/07/2025 14:30:51 * Finished (main,compress)
						This took about 14 seconds, peak mem usage: 259.02 Mb
[1753900283] -- 30/07/2025 14:31:37 * Finished (main,compress)
						This took about 14 seconds, peak mem usage: 259.02 Mb
[1753900332] -- 30/07/2025 14:32:26 * Finished (main,compress)
						This took about 14 seconds, peak mem usage: 259.02 Mb
[1753900382] -- 30/07/2025 14:33:18 * Finished (main,compress)
						This took about 16 seconds, peak mem usage: 259.02 Mb
[1753900435] -- 30/07/2025 14:34:13 * Finished (main,compress)
						This took about 18 seconds, peak mem usage: 259.02 Mb
[1753900493] -- 30/07/2025 14:35:12 * Finished (main,compress)
						This took about 19 seconds, peak mem usage: 259.02 Mb
[1753900553] -- 30/07/2025 14:36:11 * Finished (main,compress)
						This took about 18 seconds, peak mem usage: 259.02 Mb
[1753900614] -- 30/07/2025 14:37:13 * Finished (main,compress)
						This took about 19 seconds, peak mem usage: 259.02 Mb
[1753900678] -- 30/07/2025 14:38:21 * Finished (main,compress)
						This took about 23 seconds, peak mem usage: 259.02 Mb
[1753900752] -- 30/07/2025 14:39:34 * Finished (main,compress)
						This took about 22 seconds, peak mem usage: 269.03 Mb
[1753900826] -- 30/07/2025 14:40:48 * Finished (main,compress)
						This took about 22 seconds, peak mem usage: 269.03 Mb
[1753900905] -- 30/07/2025 14:42:07 * Finished (main,compress)
						This took about 22 seconds, peak mem usage: 269.03 Mb
[1753900984] -- 30/07/2025 14:43:25 * Finished (main,compress)
						This took about 21 seconds, peak mem usage: 269.03 Mb
[1753901066] -- 30/07/2025 14:44:46 * Finished (main,compress)
						This took about 20 seconds, peak mem usage: 269.03 Mb
[1753901136] -- 30/07/2025 14:45:40 * Finished (main,compress)
						This took about 4 seconds, peak mem usage: 265.06 Mb
[1753901157] -- 30/07/2025 14:46:07 * Finished (main,compress)
						This took about 10 seconds, peak mem usage: 265.06 Mb
[1753901188] -- 30/07/2025 14:46:45 * Finished (main,compress)
						This took about 17 seconds, peak mem usage: 265.06 Mb
[1753901233] -- 30/07/2025 14:47:35 * Finished (main,compress)
						This took about 22 seconds, peak mem usage: 265.06 Mb
[1753901284] -- 30/07/2025 14:48:34 * Finished (main,compress)
						This took about 30 seconds, peak mem usage: 265.06 Mb
[1753901350] -- 30/07/2025 14:49:48 * Finished (main,compress)
						This took about 38 seconds, peak mem usage: 265.06 Mb
[1753901427] -- 30/07/2025 14:51:19 * Finished (main,compress)
						This took about 52 seconds, peak mem usage: 265.06 Mb
[1753901523] -- 30/07/2025 14:52:56 * Finished (main,compress)
						This took about 53 seconds, peak mem usage: 265.06 Mb
[1753901621] -- 30/07/2025 14:54:47 * Finished (main,compress)
						This took about 66 seconds, peak mem usage: 270.99 Mb
[1753901737] -- 30/07/2025 14:56:48 * Finished (main,compress)
						This took about 71 seconds, peak mem usage: 276.92 Mb
[1753901863] -- 30/07/2025 14:59:03 * Finished (main,compress)
						This took about 80 seconds, peak mem usage: 265.06 Mb
[1753902001] -- 30/07/2025 15:01:31 * Finished (main,compress)
						This took about 90 seconds, peak mem usage: 265.06 Mb
[1753902149] -- 30/07/2025 15:04:02 * Finished (main,compress)
						This took about 93 seconds, peak mem usage: 265.06 Mb
[1753902303] -- 30/07/2025 15:06:48 * Finished (main,compress)
						This took about 105 seconds, peak mem usage: 265.06 Mb
[1753902472] -- 30/07/2025 15:09:40 * Finished (main,compress)
						This took about 108 seconds, peak mem usage: 265.06 Mb
[1753902647] -- 30/07/2025 15:12:42 * Finished (main,compress)
						This took about 115 seconds, peak mem usage: 265.06 Mb
[1753902831] -- 30/07/2025 15:15:49 * Finished (main,compress)
						This took about 118 seconds, peak mem usage: 265.06 Mb
[1753903024] -- 30/07/2025 15:19:03 * Finished (main,compress)
						This took about 119 seconds, peak mem usage: 265.06 Mb
[1753903214] -- 30/07/2025 15:22:20 * Finished (main,compress)
						This took about 126 seconds, peak mem usage: 265.06 Mb
[1753903417] -- 30/07/2025 15:25:48 * Finished (main,compress)
						This took about 131 seconds, peak mem usage: 265.06 Mb
[1753903628] -- 30/07/2025 15:29:25 * Finished (main,compress)
						This took about 137 seconds, peak mem usage: 265.06 Mb
[1753903848] -- 30/07/2025 15:33:13 * Finished (main,compress)
						This took about 145 seconds, peak mem usage: 265.06 Mb
[1753904077] -- 30/07/2025 15:37:11 * Finished (main,compress)
						This took about 154 seconds, peak mem usage: 265.06 Mb
[1753904316] -- 30/07/2025 15:41:12 * Finished (main,compress)
						This took about 156 seconds, peak mem usage: 265.06 Mb
[1753904557] -- 30/07/2025 15:45:17 * Finished (main,compress)
						This took about 160 seconds, peak mem usage: 265.06 Mb
[1753904758] -- 30/07/2025 15:45:59 * Finished (main,compress)
						This took about 1 seconds, peak mem usage: 70.25 Mb
[1753904768] -- 30/07/2025 15:46:10 * Finished (main,compress)
						This took about 2 seconds, peak mem usage: 70.25 Mb
[1753904782] -- 30/07/2025 15:46:24 * Finished (main,compress)
						This took about 2 seconds, peak mem usage: 70.25 Mb
[1753904800] -- 30/07/2025 15:46:43 * Finished (main,compress)
						This took about 3 seconds, peak mem usage: 70.25 Mb
[1753904821] -- 30/07/2025 15:47:05 * Finished (main,compress)
						This took about 4 seconds, peak mem usage: 74.35 Mb
[1753904845] -- 30/07/2025 15:47:30 * Finished (main,compress)
						This took about 5 seconds, peak mem usage: 74.35 Mb
[1753904872] -- 30/07/2025 15:47:57 * Finished (main,compress)
						This took about 5 seconds, peak mem usage: 82.54 Mb
[1753904902] -- 30/07/2025 15:48:26 * Finished (main,compress)
						This took about 4 seconds, peak mem usage: 82.54 Mb
[1753904935] -- 30/07/2025 15:49:01 * Finished (main,compress)
						This took about 6 seconds, peak mem usage: 82.54 Mb
[1753904973] -- 30/07/2025 15:49:41 * Finished (main,compress)
						This took about 8 seconds, peak mem usage: 82.54 Mb
[1753905016] -- 30/07/2025 15:50:25 * Finished (main,compress)
						This took about 9 seconds, peak mem usage: 82.54 Mb
[1753905062] -- 30/07/2025 15:51:14 * Finished (main,compress)
						This took about 12 seconds, peak mem usage: 82.54 Mb
[1753905114] -- 30/07/2025 15:52:07 * Finished (main,compress)
						This took about 13 seconds, peak mem usage: 86.64 Mb
[1753905169] -- 30/07/2025 15:53:03 * Finished (main,compress)
						This took about 14 seconds, peak mem usage: 82.54 Mb
[1753905227] -- 30/07/2025 15:54:01 * Finished (main,compress)
						This took about 14 seconds, peak mem usage: 82.54 Mb
[1753905288] -- 30/07/2025 15:55:03 * Finished (main,compress)
						This took about 15 seconds, peak mem usage: 82.54 Mb
[1753905351] -- 30/07/2025 15:56:07 * Finished (main,compress)
						This took about 16 seconds, peak mem usage: 82.54 Mb
[1753905419] -- 30/07/2025 15:57:15 * Finished (main,compress)
						This took about 16 seconds, peak mem usage: 82.54 Mb
[1753905489] -- 30/07/2025 15:58:25 * Finished (main,compress)
						This took about 16 seconds, peak mem usage: 82.54 Mb
[1753905561] -- 30/07/2025 15:59:39 * Finished (main,compress)
						This took about 18 seconds, peak mem usage: 82.54 Mb
[1753905640] -- 30/07/2025 16:01:00 * Finished (main,compress)
						This took about 20 seconds, peak mem usage: 82.54 Mb
[1753905724] -- 30/07/2025 16:02:25 * Finished (main,compress)
						This took about 21 seconds, peak mem usage: 82.54 Mb
[1753905808] -- 30/07/2025 16:03:50 * Finished (main,compress)
						This took about 22 seconds, peak mem usage: 82.54 Mb
[1753905899] -- 30/07/2025 16:05:20 * Finished (main,compress)
						This took about 21 seconds, peak mem usage: 82.54 Mb
[1753905992] -- 30/07/2025 16:06:55 * Finished (main,compress)
						This took about 23 seconds, peak mem usage: 82.54 Mb
[1753906082] -- 30/07/2025 16:08:04 * Finished (main,compress)
						This took about 2 seconds, peak mem usage: 425.98 Mb
[1753906091] -- 30/07/2025 16:08:15 * Finished (main,compress)
						This took about 4 seconds, peak mem usage: 533.03 Mb
[1753906109] -- 30/07/2025 16:08:33 * Finished (main,compress)
						This took about 4 seconds, peak mem usage: 533.03 Mb
[1753906129] -- 30/07/2025 16:08:53 * Finished (main,compress)
						This took about 4 seconds, peak mem usage: 533.03 Mb
[1753906153] -- 30/07/2025 16:09:19 * Finished (main,compress)
						This took about 6 seconds, peak mem usage: 533.03 Mb
[1753906182] -- 30/07/2025 16:09:49 * Finished (main,compress)
						This took about 7 seconds, peak mem usage: 533.03 Mb
[1753906215] -- 30/07/2025 16:10:23 * Finished (main,compress)
						This took about 8 seconds, peak mem usage: 571.16 Mb
[1753906252] -- 30/07/2025 16:11:01 * Finished (main,compress)
						This took about 9 seconds, peak mem usage: 571.16 Mb
[1753906292] -- 30/07/2025 16:11:41 * Finished (main,compress)
						This took about 9 seconds, peak mem usage: 571.16 Mb
[1753906334] -- 30/07/2025 16:12:25 * Finished (main,compress)
						This took about 11 seconds, peak mem usage: 571.16 Mb
[1753906385] -- 30/07/2025 16:13:17 * Finished (main,compress)
						This took about 12 seconds, peak mem usage: 617.03 Mb
[1753906438] -- 30/07/2025 16:14:11 * Finished (main,compress)
						This took about 13 seconds, peak mem usage: 617.03 Mb
[1753906494] -- 30/07/2025 16:15:05 * Finished (main,compress)
						This took about 11 seconds, peak mem usage: 617.03 Mb
[1753906548] -- 30/07/2025 16:15:59 * Finished (main,compress)
						This took about 11 seconds, peak mem usage: 617.03 Mb
[1753906603] -- 30/07/2025 16:16:56 * Finished (main,compress)
						This took about 13 seconds, peak mem usage: 617.03 Mb
[1753906661] -- 30/07/2025 16:17:56 * Finished (main,compress)
						This took about 15 seconds, peak mem usage: 617.03 Mb
[1753906725] -- 30/07/2025 16:19:01 * Finished (main,compress)
						This took about 16 seconds, peak mem usage: 617.03 Mb
[1753906793] -- 30/07/2025 16:20:09 * Finished (main,compress)
						This took about 16 seconds, peak mem usage: 617.03 Mb
[1753906862] -- 30/07/2025 16:21:18 * Finished (main,compress)
						This took about 16 seconds, peak mem usage: 617.03 Mb
[1753906935] -- 30/07/2025 16:22:33 * Finished (main,compress)
						This took about 18 seconds, peak mem usage: 617.03 Mb
[1753907010] -- 30/07/2025 16:23:48 * Finished (main,compress)
						This took about 18 seconds, peak mem usage: 617.03 Mb
[1753907085] -- 30/07/2025 16:25:04 * Finished (main,compress)
						This took about 19 seconds, peak mem usage: 617.03 Mb
[1753907166] -- 30/07/2025 16:26:27 * Finished (main,compress)
						This took about 21 seconds, peak mem usage: 617.03 Mb
[1753907247] -- 30/07/2025 16:27:48 * Finished (main,compress)
						This took about 21 seconds, peak mem usage: 617.03 Mb
[1753907331] -- 30/07/2025 16:29:11 * Finished (main,compress)
						This took about 20 seconds, peak mem usage: 617.03 Mb
[1753907956] -- 30/07/2025 16:39:16 * Finished (main,compress)
						This took about 0 seconds, peak mem usage: 8.30 Mb
[1753907957] -- 30/07/2025 16:39:17 * Finished (main,compress)
						This took about 0 seconds, peak mem usage: 8.30 Mb
[1753907957] -- 30/07/2025 16:39:17 * Finished (main,compress)
						This took about 0 seconds, peak mem usage: 8.30 Mb
[1753907958] -- 30/07/2025 16:39:18 * Finished (main,compress)
						This took about 0 seconds, peak mem usage: 8.30 Mb
[1753907958] -- 30/07/2025 16:39:18 * Finished (main,compress)
						This took about 0 seconds, peak mem usage: 8.30 Mb
[1753907958] -- 30/07/2025 16:39:18 * Finished (main,compress)
						This took about 0 seconds, peak mem usage: 8.30 Mb
[1753907959] -- 30/07/2025 16:39:19 * Finished (main,compress)
						This took about 0 seconds, peak mem usage: 8.30 Mb
[1753907959] -- 30/07/2025 16:39:19 * Finished (main,compress)
						This took about 0 seconds, peak mem usage: 8.30 Mb
[1753907959] -- 30/07/2025 16:39:19 * Finished (main,compress)
						This took about 0 seconds, peak mem usage: 8.30 Mb
[1753907960] -- 30/07/2025 16:39:20 * Finished (main,compress)
						This took about 0 seconds, peak mem usage: 8.30 Mb
[1753907960] -- 30/07/2025 16:39:20 * Finished (main,compress)
						This took about 0 seconds, peak mem usage: 8.30 Mb
[1753907961] -- 30/07/2025 16:39:21 * Finished (main,compress)
						This took about 0 seconds, peak mem usage: 8.30 Mb
[1753907961] -- 30/07/2025 16:39:21 * Finished (main,compress)
						This took about 0 seconds, peak mem usage: 8.30 Mb
[1753907962] -- 30/07/2025 16:39:22 * Finished (main,compress)
						This took about 0 seconds, peak mem usage: 8.30 Mb
[1753907962] -- 30/07/2025 16:39:22 * Finished (main,compress)
						This took about 0 seconds, peak mem usage: 8.30 Mb
[1753907962] -- 30/07/2025 16:39:22 * Finished (main,compress)
						This took about 0 seconds, peak mem usage: 8.30 Mb
[1753907963] -- 30/07/2025 16:39:23 * Finished (main,compress)
						This took about 0 seconds, peak mem usage: 8.30 Mb
[1753907963] -- 30/07/2025 16:39:23 * Finished (main,compress)
						This took about 0 seconds, peak mem usage: 8.30 Mb
[1753907964] -- 30/07/2025 16:39:24 * Finished (main,compress)
						This took about 0 seconds, peak mem usage: 8.30 Mb
[1753907964] -- 30/07/2025 16:39:24 * Finished (main,compress)
						This took about 0 seconds, peak mem usage: 8.30 Mb
[1753907965] -- 30/07/2025 16:39:25 * Finished (main,compress)
						This took about 0 seconds, peak mem usage: 8.30 Mb
[1753907965] -- 30/07/2025 16:39:25 * Finished (main,compress)
						This took about 0 seconds, peak mem usage: 8.30 Mb
[1753907966] -- 30/07/2025 16:39:26 * Finished (main,compress)
						This took about 0 seconds, peak mem usage: 8.30 Mb
[1753907966] -- 30/07/2025 16:39:26 * Finished (main,compress)
						This took about 0 seconds, peak mem usage: 8.30 Mb
[1753907967] -- 30/07/2025 16:39:27 * Finished (main,compress)
						This took about 0 seconds, peak mem usage: 8.30 Mb
[1753907968] -- 30/07/2025 16:39:28 * Finished (main,compress)
						This took about 0 seconds, peak mem usage: 11.02 Mb
[1753907969] -- 30/07/2025 16:39:29 * Finished (main,compress)
						This took about 0 seconds, peak mem usage: 11.01 Mb
[1753907970] -- 30/07/2025 16:39:30 * Finished (main,compress)
						This took about 0 seconds, peak mem usage: 11.02 Mb
[1753907971] -- 30/07/2025 16:39:31 * Finished (main,compress)
						This took about 0 seconds, peak mem usage: 10.87 Mb
[1753907972] -- 30/07/2025 16:39:32 * Finished (main,compress)
						This took about 0 seconds, peak mem usage: 11.02 Mb
[1753907973] -- 30/07/2025 16:39:33 * Finished (main,compress)
						This took about 0 seconds, peak mem usage: 11.02 Mb
[1753907975] -- 30/07/2025 16:39:35 * Finished (main,compress)
						This took about 0 seconds, peak mem usage: 10.87 Mb
[1753907977] -- 30/07/2025 16:39:37 * Finished (main,compress)
						This took about 0 seconds, peak mem usage: 11.02 Mb
[1753907980] -- 30/07/2025 16:39:40 * Finished (main,compress)
						This took about 0 seconds, peak mem usage: 11.02 Mb
[1753907983] -- 30/07/2025 16:39:43 * Finished (main,compress)
						This took about 0 seconds, peak mem usage: 10.87 Mb
[1753907987] -- 30/07/2025 16:39:47 * Finished (main,compress)
						This took about 0 seconds, peak mem usage: 10.87 Mb
[1753907996] -- 30/07/2025 16:39:56 * Finished (main,compress)
						This took about 0 seconds, peak mem usage: 11.02 Mb
[1753908003] -- 30/07/2025 16:40:03 * Finished (main,compress)
						This took about 0 seconds, peak mem usage: 10.88 Mb
[1753908012] -- 30/07/2025 16:40:13 * Finished (main,compress)
						This took about 1 seconds, peak mem usage: 10.88 Mb
[1753908022] -- 30/07/2025 16:40:22 * Finished (main,compress)
						This took about 0 seconds, peak mem usage: 11.02 Mb
[1753908035] -- 30/07/2025 16:40:35 * Finished (main,compress)
						This took about 0 seconds, peak mem usage: 11.02 Mb
[1753908050] -- 30/07/2025 16:40:50 * Finished (main,compress)
						This took about 0 seconds, peak mem usage: 10.87 Mb
[1753908057] -- 30/07/2025 16:40:58 * Finished (main,compress)
						This took about 1 seconds, peak mem usage: 10.88 Mb
[1753908074] -- 30/07/2025 16:41:14 * Finished (main,compress)
						This took about 0 seconds, peak mem usage: 11.02 Mb
[1753908081] -- 30/07/2025 16:41:21 * Finished (main,compress)
						This took about 0 seconds, peak mem usage: 10.87 Mb
[1753908106] -- 30/07/2025 16:41:46 * Finished (main,compress)
						This took about 0 seconds, peak mem usage: 10.87 Mb
[1753908124] -- 30/07/2025 16:42:05 * Finished (main,compress)
						This took about 1 seconds, peak mem usage: 10.87 Mb
[1753908144] -- 30/07/2025 16:42:24 * Finished (main,compress)
						This took about 0 seconds, peak mem usage: 10.87 Mb
[1753908153] -- 30/07/2025 16:42:33 * Finished (main,compress)
						This took about 0 seconds, peak mem usage: 10.87 Mb
[1753908174] -- 30/07/2025 16:42:54 * Finished (main,compress)
						This took about 0 seconds, peak mem usage: 10.88 Mb
[1753908198] -- 30/07/2025 16:43:19 * Finished (main,compress)
						This took about 1 seconds, peak mem usage: 12.78 Mb
[1753908200] -- 30/07/2025 16:43:20 * Finished (main,compress)
						This took about 0 seconds, peak mem usage: 13.03 Mb
[1753908201] -- 30/07/2025 16:43:21 * Finished (main,compress)
						This took about 0 seconds, peak mem usage: 13.03 Mb
[1753908203] -- 30/07/2025 16:43:23 * Finished (main,compress)
						This took about 0 seconds, peak mem usage: 13.03 Mb
[1753908205] -- 30/07/2025 16:43:25 * Finished (main,compress)
						This took about 0 seconds, peak mem usage: 13.03 Mb
[1753908207] -- 30/07/2025 16:43:27 * Finished (main,compress)
						This took about 0 seconds, peak mem usage: 13.03 Mb
[1753908210] -- 30/07/2025 16:43:30 * Finished (main,compress)
						This took about 0 seconds, peak mem usage: 13.03 Mb
[1753908213] -- 30/07/2025 16:43:33 * Finished (main,compress)
						This took about 0 seconds, peak mem usage: 13.03 Mb
[1753908216] -- 30/07/2025 16:43:36 * Finished (main,compress)
						This took about 0 seconds, peak mem usage: 13.03 Mb
[1753908219] -- 30/07/2025 16:43:39 * Finished (main,compress)
						This took about 0 seconds, peak mem usage: 13.03 Mb
[1753908223] -- 30/07/2025 16:43:43 * Finished (main,compress)
						This took about 0 seconds, peak mem usage: 13.03 Mb
[1753908227] -- 30/07/2025 16:43:47 * Finished (main,compress)
						This took about 0 seconds, peak mem usage: 13.03 Mb
[1753908231] -- 30/07/2025 16:43:51 * Finished (main,compress)
						This took about 0 seconds, peak mem usage: 13.03 Mb
[1753908236] -- 30/07/2025 16:43:56 * Finished (main,compress)
						This took about 0 seconds, peak mem usage: 13.03 Mb
[1753908243] -- 30/07/2025 16:44:03 * Finished (main,compress)
						This took about 0 seconds, peak mem usage: 13.03 Mb
[1753908249] -- 30/07/2025 16:44:09 * Finished (main,compress)
						This took about 0 seconds, peak mem usage: 13.03 Mb
[1753908255] -- 30/07/2025 16:44:15 * Finished (main,compress)
						This took about 0 seconds, peak mem usage: 13.03 Mb
[1753908265] -- 30/07/2025 16:44:25 * Finished (main,compress)
						This took about 0 seconds, peak mem usage: 13.03 Mb
[1753908274] -- 30/07/2025 16:44:34 * Finished (main,compress)
						This took about 0 seconds, peak mem usage: 12.91 Mb
[1753908284] -- 30/07/2025 16:44:44 * Finished (main,compress)
						This took about 0 seconds, peak mem usage: 12.91 Mb
[1753908300] -- 30/07/2025 16:45:00 * Finished (main,compress)
						This took about 0 seconds, peak mem usage: 12.91 Mb
[1753908313] -- 30/07/2025 16:45:13 * Finished (main,compress)
						This took about 0 seconds, peak mem usage: 12.91 Mb
[1753908324] -- 30/07/2025 16:45:24 * Finished (main,compress)
						This took about 0 seconds, peak mem usage: 12.91 Mb
[1753908337] -- 30/07/2025 16:45:37 * Finished (main,compress)
						This took about 0 seconds, peak mem usage: 12.91 Mb
[1753908353] -- 30/07/2025 16:45:53 * Finished (main,compress)
						This took about 0 seconds, peak mem usage: 12.91 Mb
[1753908362] -- 30/07/2025 16:46:02 * Finished (main,compress)
						This took about 0 seconds, peak mem usage: 33.66 Mb
[1753908368] -- 30/07/2025 16:46:08 * Finished (main,compress)
						This took about 0 seconds, peak mem usage: 35.89 Mb
[1753908374] -- 30/07/2025 16:46:15 * Finished (main,compress)
						This took about 1 seconds, peak mem usage: 35.89 Mb
[1753908382] -- 30/07/2025 16:46:22 * Finished (main,compress)
						This took about 0 seconds, peak mem usage: 35.89 Mb
[1753908391] -- 30/07/2025 16:46:31 * Finished (main,compress)
						This took about 0 seconds, peak mem usage: 35.89 Mb
[1753908400] -- 30/07/2025 16:46:40 * Finished (main,compress)
						This took about 0 seconds, peak mem usage: 35.89 Mb
[1753908411] -- 30/07/2025 16:46:52 * Finished (main,compress)
						This took about 1 seconds, peak mem usage: 35.89 Mb
[1753908424] -- 30/07/2025 16:47:04 * Finished (main,compress)
						This took about 0 seconds, peak mem usage: 35.89 Mb
[1753908437] -- 30/07/2025 16:47:17 * Finished (main,compress)
						This took about 0 seconds, peak mem usage: 35.89 Mb
[1753908451] -- 30/07/2025 16:47:31 * Finished (main,compress)
						This took about 0 seconds, peak mem usage: 35.89 Mb
[1753908465] -- 30/07/2025 16:47:46 * Finished (main,compress)
						This took about 1 seconds, peak mem usage: 35.89 Mb
[1753908481] -- 30/07/2025 16:48:01 * Finished (main,compress)
						This took about 0 seconds, peak mem usage: 38.13 Mb
[1753908498] -- 30/07/2025 16:48:18 * Finished (main,compress)
						This took about 0 seconds, peak mem usage: 38.13 Mb
[1753908516] -- 30/07/2025 16:48:36 * Finished (main,compress)
						This took about 0 seconds, peak mem usage: 38.13 Mb
[1753908534] -- 30/07/2025 16:48:54 * Finished (main,compress)
						This took about 0 seconds, peak mem usage: 38.13 Mb
[1753908553] -- 30/07/2025 16:49:13 * Finished (main,compress)
						This took about 0 seconds, peak mem usage: 38.13 Mb
[1753908572] -- 30/07/2025 16:49:32 * Finished (main,compress)
						This took about 0 seconds, peak mem usage: 38.13 Mb
[1753908591] -- 30/07/2025 16:49:51 * Finished (main,compress)
						This took about 0 seconds, peak mem usage: 38.13 Mb
[1753908612] -- 30/07/2025 16:50:12 * Finished (main,compress)
						This took about 0 seconds, peak mem usage: 38.13 Mb
[1753908635] -- 30/07/2025 16:50:35 * Finished (main,compress)
						This took about 0 seconds, peak mem usage: 38.13 Mb
[1753908658] -- 30/07/2025 16:50:58 * Finished (main,compress)
						This took about 0 seconds, peak mem usage: 38.13 Mb
[1753908682] -- 30/07/2025 16:51:22 * Finished (main,compress)
						This took about 0 seconds, peak mem usage: 38.13 Mb
[1753908707] -- 30/07/2025 16:51:47 * Finished (main,compress)
						This took about 0 seconds, peak mem usage: 38.13 Mb
[1753908732] -- 30/07/2025 16:52:13 * Finished (main,compress)
						This took about 1 seconds, peak mem usage: 38.13 Mb
[1753908759] -- 30/07/2025 16:52:39 * Finished (main,compress)
						This took about 0 seconds, peak mem usage: 38.13 Mb
[1753908786] -- 30/07/2025 16:53:06 * Finished (main,compress)
						This took about 0 seconds, peak mem usage: 18.37 Mb
[1753908787] -- 30/07/2025 16:53:08 * Finished (main,compress)
						This took about 1 seconds, peak mem usage: 19.52 Mb
[1753908789] -- 30/07/2025 16:53:10 * Finished (main,compress)
						This took about 1 seconds, peak mem usage: 20.67 Mb
[1753908792] -- 30/07/2025 16:53:14 * Finished (main,compress)
						This took about 2 seconds, peak mem usage: 18.75 Mb
[1753908795] -- 30/07/2025 16:53:18 * Finished (main,compress)
						This took about 3 seconds, peak mem usage: 32.94 Mb
[1753908800] -- 30/07/2025 16:53:24 * Finished (main,compress)
						This took about 4 seconds, peak mem usage: 32.94 Mb
[1753908806] -- 30/07/2025 16:53:32 * Finished (main,compress)
						This took about 6 seconds, peak mem usage: 32.94 Mb
[1753908815] -- 30/07/2025 16:53:42 * Finished (main,compress)
						This took about 7 seconds, peak mem usage: 32.94 Mb
[1753908826] -- 30/07/2025 16:53:55 * Finished (main,compress)
						This took about 9 seconds, peak mem usage: 32.94 Mb
[1753908840] -- 30/07/2025 16:54:11 * Finished (main,compress)
						This took about 11 seconds, peak mem usage: 32.94 Mb
[1753908856] -- 30/07/2025 16:54:31 * Finished (main,compress)
						This took about 15 seconds, peak mem usage: 33.07 Mb
[1753908879] -- 30/07/2025 16:54:55 * Finished (main,compress)
						This took about 16 seconds, peak mem usage: 33.07 Mb
[1753908903] -- 30/07/2025 16:55:22 * Finished (main,compress)
						This took about 19 seconds, peak mem usage: 33.07 Mb
[1753908931] -- 30/07/2025 16:55:52 * Finished (main,compress)
						This took about 21 seconds, peak mem usage: 33.07 Mb
[1753908964] -- 30/07/2025 16:56:30 * Finished (main,compress)
						This took about 26 seconds, peak mem usage: 33.07 Mb
[1753908999] -- 30/07/2025 16:57:05 * Finished (main,compress)
						This took about 26 seconds, peak mem usage: 33.07 Mb
[1753909036] -- 30/07/2025 16:57:46 * Finished (main,compress)
						This took about 30 seconds, peak mem usage: 33.07 Mb
[1753909083] -- 30/07/2025 16:58:35 * Finished (main,compress)
						This took about 32 seconds, peak mem usage: 33.07 Mb
[1753909131] -- 30/07/2025 16:59:25 * Finished (main,compress)
						This took about 34 seconds, peak mem usage: 33.07 Mb
[1753909183] -- 30/07/2025 17:00:21 * Finished (main,compress)
						This took about 38 seconds, peak mem usage: 33.07 Mb
[1753909240] -- 30/07/2025 17:01:21 * Finished (main,compress)
						This took about 41 seconds, peak mem usage: 33.07 Mb
[1753909305] -- 30/07/2025 17:02:30 * Finished (main,compress)
						This took about 45 seconds, peak mem usage: 33.07 Mb
[1753909382] -- 30/07/2025 17:03:49 * Finished (main,compress)
						This took about 47 seconds, peak mem usage: 33.07 Mb
[1753909455] -- 30/07/2025 17:05:05 * Finished (main,compress)
						This took about 50 seconds, peak mem usage: 33.07 Mb
[1753909534] -- 30/07/2025 17:06:24 * Finished (main,compress)
						This took about 50 seconds, peak mem usage: 33.07 Mb
[1753909611] -- 30/07/2025 17:06:51 * Finished (main,compress)
						This took about 0 seconds, peak mem usage: 12.45 Mb
[1753909613] -- 30/07/2025 17:06:53 * Finished (main,compress)
						This took about 0 seconds, peak mem usage: 13.19 Mb
[1753909614] -- 30/07/2025 17:06:54 * Finished (main,compress)
						This took about 0 seconds, peak mem usage: 13.19 Mb
[1753909616] -- 30/07/2025 17:06:56 * Finished (main,compress)
						This took about 0 seconds, peak mem usage: 13.19 Mb
[1753909618] -- 30/07/2025 17:06:58 * Finished (main,compress)
						This took about 0 seconds, peak mem usage: 13.19 Mb
[1753909620] -- 30/07/2025 17:07:00 * Finished (main,compress)
						This took about 0 seconds, peak mem usage: 13.19 Mb
[1753909623] -- 30/07/2025 17:07:03 * Finished (main,compress)
						This took about 0 seconds, peak mem usage: 13.19 Mb
[1753909626] -- 30/07/2025 17:07:06 * Finished (main,compress)
						This took about 0 seconds, peak mem usage: 13.19 Mb
[1753909630] -- 30/07/2025 17:07:10 * Finished (main,compress)
						This took about 0 seconds, peak mem usage: 13.19 Mb
[1753909635] -- 30/07/2025 17:07:15 * Finished (main,compress)
						This took about 0 seconds, peak mem usage: 13.19 Mb
[1753909639] -- 30/07/2025 17:07:19 * Finished (main,compress)
						This took about 0 seconds, peak mem usage: 13.19 Mb
[1753909645] -- 30/07/2025 17:07:25 * Finished (main,compress)
						This took about 0 seconds, peak mem usage: 13.19 Mb
[1753909650] -- 30/07/2025 17:07:30 * Finished (main,compress)
						This took about 0 seconds, peak mem usage: 13.19 Mb
[1753909656] -- 30/07/2025 17:07:36 * Finished (main,compress)
						This took about 0 seconds, peak mem usage: 13.93 Mb
[1753909662] -- 30/07/2025 17:07:42 * Finished (main,compress)
						This took about 0 seconds, peak mem usage: 13.93 Mb
[1753909668] -- 30/07/2025 17:07:48 * Finished (main,compress)
						This took about 0 seconds, peak mem usage: 13.93 Mb
[1753909675] -- 30/07/2025 17:07:55 * Finished (main,compress)
						This took about 0 seconds, peak mem usage: 13.93 Mb
[1753909683] -- 30/07/2025 17:08:03 * Finished (main,compress)
						This took about 0 seconds, peak mem usage: 13.93 Mb
[1753909693] -- 30/07/2025 17:08:13 * Finished (main,compress)
						This took about 0 seconds, peak mem usage: 13.93 Mb
[1753909703] -- 30/07/2025 17:08:23 * Finished (main,compress)
						This took about 0 seconds, peak mem usage: 13.93 Mb
[1753909714] -- 30/07/2025 17:08:34 * Finished (main,compress)
						This took about 0 seconds, peak mem usage: 15.05 Mb
[1753909723] -- 30/07/2025 17:08:43 * Finished (main,compress)
						This took about 0 seconds, peak mem usage: 15.05 Mb
[1753909735] -- 30/07/2025 17:08:55 * Finished (main,compress)
						This took about 0 seconds, peak mem usage: 15.05 Mb
[1753909748] -- 30/07/2025 17:09:08 * Finished (main,compress)
						This took about 0 seconds, peak mem usage: 20.62 Mb
[1753909764] -- 30/07/2025 17:09:24 * Finished (main,compress)
						This took about 0 seconds, peak mem usage: 20.62 Mb
[1753909778] -- 30/07/2025 17:09:41 * Finished (main,compress)
						This took about 3 seconds, peak mem usage: 496.23 Mb
[1753909794] -- 30/07/2025 17:09:57 * Finished (main,compress)
						This took about 3 seconds, peak mem usage: 510.64 Mb
[1753909816] -- 30/07/2025 17:10:20 * Finished (main,compress)
						This took about 4 seconds, peak mem usage: 510.64 Mb
[1753909844] -- 30/07/2025 17:10:50 * Finished (main,compress)
						This took about 6 seconds, peak mem usage: 532.26 Mb
[1753909880] -- 30/07/2025 17:11:27 * Finished (main,compress)
						This took about 7 seconds, peak mem usage: 532.26 Mb
[1753909923] -- 30/07/2025 17:12:11 * Finished (main,compress)
						This took about 8 seconds, peak mem usage: 532.26 Mb
[1753909973] -- 30/07/2025 17:13:02 * Finished (main,compress)
						This took about 9 seconds, peak mem usage: 532.26 Mb
[1753910025] -- 30/07/2025 17:13:54 * Finished (main,compress)
						This took about 9 seconds, peak mem usage: 532.26 Mb
[1753910082] -- 30/07/2025 17:14:53 * Finished (main,compress)
						This took about 11 seconds, peak mem usage: 532.26 Mb
[1753910147] -- 30/07/2025 17:15:58 * Finished (main,compress)
						This took about 11 seconds, peak mem usage: 532.26 Mb
[1753910217] -- 30/07/2025 17:17:10 * Finished (main,compress)
						This took about 13 seconds, peak mem usage: 532.26 Mb
[1753910295] -- 30/07/2025 17:18:29 * Finished (main,compress)
						This took about 14 seconds, peak mem usage: 532.26 Mb
[1753910378] -- 30/07/2025 17:19:54 * Finished (main,compress)
						This took about 16 seconds, peak mem usage: 532.26 Mb
[1753910470] -- 30/07/2025 17:21:26 * Finished (main,compress)
						This took about 16 seconds, peak mem usage: 532.26 Mb
[1753910563] -- 30/07/2025 17:23:00 * Finished (main,compress)
						This took about 17 seconds, peak mem usage: 532.26 Mb
[1753910662] -- 30/07/2025 17:24:39 * Finished (main,compress)
						This took about 17 seconds, peak mem usage: 539.68 Mb
[1753910768] -- 30/07/2025 17:26:26 * Finished (main,compress)
						This took about 18 seconds, peak mem usage: 539.68 Mb
[1753910877] -- 30/07/2025 17:28:15 * Finished (main,compress)
						This took about 18 seconds, peak mem usage: 539.68 Mb
[1753910989] -- 30/07/2025 17:30:08 * Finished (main,compress)
						This took about 19 seconds, peak mem usage: 539.48 Mb
[1753911111] -- 30/07/2025 17:32:10 * Finished (main,compress)
						This took about 19 seconds, peak mem usage: 539.48 Mb
[1753911237] -- 30/07/2025 17:34:16 * Finished (main,compress)
						This took about 19 seconds, peak mem usage: 539.68 Mb
[1753911365] -- 30/07/2025 17:36:25 * Finished (main,compress)
						This took about 20 seconds, peak mem usage: 539.68 Mb
[1753911498] -- 30/07/2025 17:38:39 * Finished (main,compress)
						This took about 21 seconds, peak mem usage: 539.48 Mb
[1753911638] -- 30/07/2025 17:40:59 * Finished (main,compress)
						This took about 21 seconds, peak mem usage: 539.68 Mb
[1753911784] -- 30/07/2025 17:43:26 * Finished (main,compress)
						This took about 22 seconds, peak mem usage: 553.89 Mb
[1753911879] -- 30/07/2025 17:44:41 * Finished (main,compress)
						This took about 2 seconds, peak mem usage: 228.88 Mb
[1753911889] -- 30/07/2025 17:44:54 * Finished (main,compress)
						This took about 5 seconds, peak mem usage: 238.88 Mb
[1753911905] -- 30/07/2025 17:45:10 * Finished (main,compress)
						This took about 5 seconds, peak mem usage: 238.88 Mb
[1753911924] -- 30/07/2025 17:45:29 * Finished (main,compress)
						This took about 5 seconds, peak mem usage: 248.89 Mb
[1753911946] -- 30/07/2025 17:45:54 * Finished (main,compress)
						This took about 8 seconds, peak mem usage: 248.89 Mb
[1753911976] -- 30/07/2025 17:46:25 * Finished (main,compress)
						This took about 9 seconds, peak mem usage: 248.89 Mb
[1753912012] -- 30/07/2025 17:47:03 * Finished (main,compress)
						This took about 11 seconds, peak mem usage: 248.89 Mb
[1753912054] -- 30/07/2025 17:47:45 * Finished (main,compress)
						This took about 11 seconds, peak mem usage: 248.89 Mb
[1753912099] -- 30/07/2025 17:48:32 * Finished (main,compress)
						This took about 13 seconds, peak mem usage: 248.89 Mb
[1753912151] -- 30/07/2025 17:49:22 * Finished (main,compress)
						This took about 11 seconds, peak mem usage: 259.02 Mb
[1753912205] -- 30/07/2025 17:50:18 * Finished (main,compress)
						This took about 13 seconds, peak mem usage: 259.02 Mb
[1753912266] -- 30/07/2025 17:51:20 * Finished (main,compress)
						This took about 14 seconds, peak mem usage: 259.02 Mb
[1753912334] -- 30/07/2025 17:52:29 * Finished (main,compress)
						This took about 15 seconds, peak mem usage: 259.02 Mb
[1753912408] -- 30/07/2025 17:53:43 * Finished (main,compress)
						This took about 15 seconds, peak mem usage: 259.02 Mb
[1753912484] -- 30/07/2025 17:55:01 * Finished (main,compress)
						This took about 17 seconds, peak mem usage: 259.02 Mb
[1753912567] -- 30/07/2025 17:56:26 * Finished (main,compress)
						This took about 19 seconds, peak mem usage: 259.02 Mb
[1753912660] -- 30/07/2025 17:57:59 * Finished (main,compress)
						This took about 19 seconds, peak mem usage: 259.02 Mb
[1753912743] -- 30/07/2025 17:59:21 * Finished (main,compress)
						This took about 18 seconds, peak mem usage: 259.02 Mb
[1753912828] -- 30/07/2025 18:00:48 * Finished (main,compress)
						This took about 20 seconds, peak mem usage: 259.02 Mb
[1753912918] -- 30/07/2025 18:02:21 * Finished (main,compress)
						This took about 23 seconds, peak mem usage: 259.02 Mb
[1753913016] -- 30/07/2025 18:03:59 * Finished (main,compress)
						This took about 23 seconds, peak mem usage: 269.03 Mb
[1753913116] -- 30/07/2025 18:05:38 * Finished (main,compress)
						This took about 22 seconds, peak mem usage: 269.03 Mb
[1753913220] -- 30/07/2025 18:07:21 * Finished (main,compress)
						This took about 21 seconds, peak mem usage: 269.03 Mb
[1753913324] -- 30/07/2025 18:09:05 * Finished (main,compress)
						This took about 21 seconds, peak mem usage: 269.03 Mb
[1753913432] -- 30/07/2025 18:10:53 * Finished (main,compress)
						This took about 21 seconds, peak mem usage: 269.03 Mb
[1753913531] -- 30/07/2025 18:12:15 * Finished (main,compress)
						This took about 4 seconds, peak mem usage: 265.06 Mb
[1753913553] -- 30/07/2025 18:12:44 * Finished (main,compress)
						This took about 11 seconds, peak mem usage: 265.06 Mb
[1753913587] -- 30/07/2025 18:13:24 * Finished (main,compress)
						This took about 17 seconds, peak mem usage: 265.06 Mb
[1753913635] -- 30/07/2025 18:14:17 * Finished (main,compress)
						This took about 22 seconds, peak mem usage: 265.06 Mb
[1753913691] -- 30/07/2025 18:15:21 * Finished (main,compress)
						This took about 30 seconds, peak mem usage: 265.06 Mb
[1753913762] -- 30/07/2025 18:16:41 * Finished (main,compress)
						This took about 39 seconds, peak mem usage: 265.06 Mb
[1753913846] -- 30/07/2025 18:18:19 * Finished (main,compress)
						This took about 53 seconds, peak mem usage: 265.06 Mb
[1753913951] -- 30/07/2025 18:20:03 * Finished (main,compress)
						This took about 52 seconds, peak mem usage: 265.06 Mb
[1753914060] -- 30/07/2025 18:22:05 * Finished (main,compress)
						This took about 65 seconds, peak mem usage: 270.99 Mb
[1753914185] -- 30/07/2025 18:24:17 * Finished (main,compress)
						This took about 72 seconds, peak mem usage: 276.92 Mb
[1753914324] -- 30/07/2025 18:26:44 * Finished (main,compress)
						This took about 80 seconds, peak mem usage: 265.06 Mb
[1753914475] -- 30/07/2025 18:29:24 * Finished (main,compress)
						This took about 89 seconds, peak mem usage: 265.06 Mb
[1753914638] -- 30/07/2025 18:32:12 * Finished (main,compress)
						This took about 94 seconds, peak mem usage: 265.06 Mb
[1753914809] -- 30/07/2025 18:35:15 * Finished (main,compress)
						This took about 106 seconds, peak mem usage: 265.06 Mb
[1753914998] -- 30/07/2025 18:38:26 * Finished (main,compress)
						This took about 108 seconds, peak mem usage: 265.06 Mb
[1753915193] -- 30/07/2025 18:41:48 * Finished (main,compress)
						This took about 115 seconds, peak mem usage: 265.06 Mb
[1753915399] -- 30/07/2025 18:45:17 * Finished (main,compress)
						This took about 118 seconds, peak mem usage: 265.06 Mb
[1753915613] -- 30/07/2025 18:48:52 * Finished (main,compress)
						This took about 119 seconds, peak mem usage: 265.06 Mb
[1753915828] -- 30/07/2025 18:52:34 * Finished (main,compress)
						This took about 126 seconds, peak mem usage: 265.06 Mb
[1753916057] -- 30/07/2025 18:56:29 * Finished (main,compress)
						This took about 132 seconds, peak mem usage: 265.06 Mb
[1753916296] -- 30/07/2025 19:00:33 * Finished (main,compress)
						This took about 137 seconds, peak mem usage: 265.06 Mb
[1753916544] -- 30/07/2025 19:04:49 * Finished (main,compress)
						This took about 145 seconds, peak mem usage: 265.06 Mb
[1753916802] -- 30/07/2025 19:09:17 * Finished (main,compress)
						This took about 155 seconds, peak mem usage: 265.06 Mb
[1753917076] -- 30/07/2025 19:13:53 * Finished (main,compress)
						This took about 157 seconds, peak mem usage: 265.06 Mb
[1753917353] -- 30/07/2025 19:18:35 * Finished (main,compress)
						This took about 162 seconds, peak mem usage: 265.06 Mb
[1753917593] -- 30/07/2025 19:19:54 * Finished (main,compress)
						This took about 1 seconds, peak mem usage: 70.25 Mb
[1753917605] -- 30/07/2025 19:20:07 * Finished (main,compress)
						This took about 2 seconds, peak mem usage: 70.25 Mb
[1753917624] -- 30/07/2025 19:20:26 * Finished (main,compress)
						This took about 2 seconds, peak mem usage: 70.25 Mb
[1753917648] -- 30/07/2025 19:20:51 * Finished (main,compress)
						This took about 3 seconds, peak mem usage: 70.25 Mb
[1753917677] -- 30/07/2025 19:21:21 * Finished (main,compress)
						This took about 4 seconds, peak mem usage: 74.35 Mb
[1753917712] -- 30/07/2025 19:21:56 * Finished (main,compress)
						This took about 4 seconds, peak mem usage: 74.35 Mb
[1753917751] -- 30/07/2025 19:22:36 * Finished (main,compress)
						This took about 5 seconds, peak mem usage: 82.54 Mb
[1753917797] -- 30/07/2025 19:23:21 * Finished (main,compress)
						This took about 4 seconds, peak mem usage: 82.54 Mb
[1753917848] -- 30/07/2025 19:24:14 * Finished (main,compress)
						This took about 6 seconds, peak mem usage: 82.54 Mb
[1753917907] -- 30/07/2025 19:25:14 * Finished (main,compress)
						This took about 7 seconds, peak mem usage: 82.54 Mb
[1753917973] -- 30/07/2025 19:26:22 * Finished (main,compress)
						This took about 9 seconds, peak mem usage: 82.54 Mb
[1753918050] -- 30/07/2025 19:27:42 * Finished (main,compress)
						This took about 12 seconds, peak mem usage: 82.54 Mb
[1753918132] -- 30/07/2025 19:29:05 * Finished (main,compress)
						This took about 13 seconds, peak mem usage: 86.64 Mb
[1753918230] -- 30/07/2025 19:30:43 * Finished (main,compress)
						This took about 13 seconds, peak mem usage: 82.54 Mb
[1753918327] -- 30/07/2025 19:32:21 * Finished (main,compress)
						This took about 14 seconds, peak mem usage: 82.54 Mb
[1753918425] -- 30/07/2025 19:34:01 * Finished (main,compress)
						This took about 16 seconds, peak mem usage: 82.54 Mb
[1753918541] -- 30/07/2025 19:35:57 * Finished (main,compress)
						This took about 16 seconds, peak mem usage: 82.54 Mb
[1753918767] -- 30/07/2025 19:39:43 * Finished (main,compress)
						This took about 16 seconds, peak mem usage: 82.54 Mb
[1753919520] -- 30/07/2025 19:52:16 * Finished (main,compress)
						This took about 16 seconds, peak mem usage: 82.54 Mb
[1753919991] -- 30/07/2025 20:00:09 * Finished (main,compress)
						This took about 18 seconds, peak mem usage: 82.54 Mb
[1753920523] -- 30/07/2025 20:09:03 * Finished (main,compress)
						This took about 20 seconds, peak mem usage: 82.54 Mb
[1753921773] -- 30/07/2025 20:29:53 * Finished (main,compress)
						This took about 20 seconds, peak mem usage: 82.54 Mb
[1753921926] -- 30/07/2025 20:32:28 * Finished (main,compress)
						This took about 22 seconds, peak mem usage: 82.54 Mb
[1753922988] -- 30/07/2025 20:50:10 * Finished (main,compress)
						This took about 22 seconds, peak mem usage: 82.54 Mb
[1753923767] -- 30/07/2025 21:03:09 * Finished (main,compress)
						This took about 22 seconds, peak mem usage: 82.54 Mb
[1753923925] -- 30/07/2025 21:05:27 * Finished (main,compress)
						This took about 2 seconds, peak mem usage: 425.98 Mb
[1753923935] -- 30/07/2025 21:05:39 * Finished (main,compress)
						This took about 4 seconds, peak mem usage: 533.03 Mb
[1753923955] -- 30/07/2025 21:05:59 * Finished (main,compress)
						This took about 4 seconds, peak mem usage: 533.03 Mb
[1753923978] -- 30/07/2025 21:06:22 * Finished (main,compress)
						This took about 4 seconds, peak mem usage: 533.03 Mb
[1753924006] -- 30/07/2025 21:06:52 * Finished (main,compress)
						This took about 6 seconds, peak mem usage: 533.03 Mb
[1753924041] -- 30/07/2025 21:07:28 * Finished (main,compress)
						This took about 7 seconds, peak mem usage: 533.03 Mb
[1753924081] -- 30/07/2025 21:08:09 * Finished (main,compress)
						This took about 8 seconds, peak mem usage: 571.16 Mb
[1753924126] -- 30/07/2025 21:08:54 * Finished (main,compress)
						This took about 8 seconds, peak mem usage: 571.16 Mb
[1753924178] -- 30/07/2025 21:09:47 * Finished (main,compress)
						This took about 9 seconds, peak mem usage: 571.16 Mb
[1753924233] -- 30/07/2025 21:10:44 * Finished (main,compress)
						This took about 11 seconds, peak mem usage: 571.16 Mb
[1753924304] -- 30/07/2025 21:11:56 * Finished (main,compress)
						This took about 12 seconds, peak mem usage: 617.03 Mb
[1753924383] -- 30/07/2025 21:13:16 * Finished (main,compress)
						This took about 13 seconds, peak mem usage: 617.03 Mb
[1753924456] -- 30/07/2025 21:14:28 * Finished (main,compress)
						This took about 12 seconds, peak mem usage: 617.03 Mb
[1753924545] -- 30/07/2025 21:15:57 * Finished (main,compress)
						This took about 12 seconds, peak mem usage: 617.03 Mb
[1753924622] -- 30/07/2025 21:17:15 * Finished (main,compress)
						This took about 13 seconds, peak mem usage: 617.03 Mb
[1753924708] -- 30/07/2025 21:18:42 * Finished (main,compress)
						This took about 14 seconds, peak mem usage: 617.03 Mb
[1753924795] -- 30/07/2025 21:20:11 * Finished (main,compress)
						This took about 16 seconds, peak mem usage: 617.03 Mb
[1753924905] -- 30/07/2025 21:22:01 * Finished (main,compress)
						This took about 16 seconds, peak mem usage: 617.03 Mb
[1753925020] -- 30/07/2025 21:23:56 * Finished (main,compress)
						This took about 16 seconds, peak mem usage: 617.03 Mb
[1753925152] -- 30/07/2025 21:26:10 * Finished (main,compress)
						This took about 18 seconds, peak mem usage: 617.03 Mb
[1753925266] -- 30/07/2025 21:28:04 * Finished (main,compress)
						This took about 18 seconds, peak mem usage: 617.03 Mb
[1753925397] -- 30/07/2025 21:30:14 * Finished (main,compress)
						This took about 17 seconds, peak mem usage: 617.03 Mb
[1753925573] -- 30/07/2025 21:33:12 * Finished (main,compress)
						This took about 19 seconds, peak mem usage: 617.03 Mb
[1753925726] -- 30/07/2025 21:35:46 * Finished (main,compress)
						This took about 20 seconds, peak mem usage: 617.03 Mb
[1753925892] -- 30/07/2025 21:38:32 * Finished (main,compress)
						This took about 20 seconds, peak mem usage: 617.03 Mb
[1753929075] -- 30/07/2025 22:31:15 * Finished (main,compress)
						This took about 0 seconds, peak mem usage: 8.30 Mb
[1753929076] -- 30/07/2025 22:31:16 * Finished (main,compress)
						This took about 0 seconds, peak mem usage: 8.30 Mb
[1753929076] -- 30/07/2025 22:31:16 * Finished (main,compress)
						This took about 0 seconds, peak mem usage: 8.30 Mb
[1753929077] -- 30/07/2025 22:31:17 * Finished (main,compress)
						This took about 0 seconds, peak mem usage: 8.30 Mb
[1753929077] -- 30/07/2025 22:31:17 * Finished (main,compress)
						This took about 0 seconds, peak mem usage: 8.30 Mb
[1753929077] -- 30/07/2025 22:31:17 * Finished (main,compress)
						This took about 0 seconds, peak mem usage: 8.30 Mb
[1753929078] -- 30/07/2025 22:31:18 * Finished (main,compress)
						This took about 0 seconds, peak mem usage: 8.30 Mb
[1753929078] -- 30/07/2025 22:31:18 * Finished (main,compress)
						This took about 0 seconds, peak mem usage: 8.30 Mb
[1753929079] -- 30/07/2025 22:31:19 * Finished (main,compress)
						This took about 0 seconds, peak mem usage: 8.30 Mb
[1753929079] -- 30/07/2025 22:31:19 * Finished (main,compress)
						This took about 0 seconds, peak mem usage: 8.30 Mb
[1753929079] -- 30/07/2025 22:31:19 * Finished (main,compress)
						This took about 0 seconds, peak mem usage: 8.30 Mb
[1753929080] -- 30/07/2025 22:31:20 * Finished (main,compress)
						This took about 0 seconds, peak mem usage: 8.30 Mb
[1753929080] -- 30/07/2025 22:31:20 * Finished (main,compress)
						This took about 0 seconds, peak mem usage: 8.30 Mb
[1753929080] -- 30/07/2025 22:31:20 * Finished (main,compress)
						This took about 0 seconds, peak mem usage: 8.30 Mb
[1753929081] -- 30/07/2025 22:31:21 * Finished (main,compress)
						This took about 0 seconds, peak mem usage: 8.30 Mb
[1753929081] -- 30/07/2025 22:31:21 * Finished (main,compress)
						This took about 0 seconds, peak mem usage: 8.30 Mb
[1753929081] -- 30/07/2025 22:31:21 * Finished (main,compress)
						This took about 0 seconds, peak mem usage: 8.30 Mb
[1753929082] -- 30/07/2025 22:31:22 * Finished (main,compress)
						This took about 0 seconds, peak mem usage: 8.30 Mb
[1753929082] -- 30/07/2025 22:31:22 * Finished (main,compress)
						This took about 0 seconds, peak mem usage: 8.30 Mb
[1753929083] -- 30/07/2025 22:31:23 * Finished (main,compress)
						This took about 0 seconds, peak mem usage: 8.30 Mb
[1753929083] -- 30/07/2025 22:31:23 * Finished (main,compress)
						This took about 0 seconds, peak mem usage: 8.30 Mb
[1753929083] -- 30/07/2025 22:31:23 * Finished (main,compress)
						This took about 0 seconds, peak mem usage: 8.30 Mb
[1753929084] -- 30/07/2025 22:31:24 * Finished (main,compress)
						This took about 0 seconds, peak mem usage: 8.30 Mb
[1753929084] -- 30/07/2025 22:31:24 * Finished (main,compress)
						This took about 0 seconds, peak mem usage: 8.30 Mb
[1753929085] -- 30/07/2025 22:31:25 * Finished (main,compress)
						This took about 0 seconds, peak mem usage: 8.30 Mb
[1753929086] -- 30/07/2025 22:31:26 * Finished (main,compress)
						This took about 0 seconds, peak mem usage: 11.02 Mb
[1753929087] -- 30/07/2025 22:31:27 * Finished (main,compress)
						This took about 0 seconds, peak mem usage: 10.87 Mb
[1753929087] -- 30/07/2025 22:31:27 * Finished (main,compress)
						This took about 0 seconds, peak mem usage: 11.02 Mb
[1753929088] -- 30/07/2025 22:31:28 * Finished (main,compress)
						This took about 0 seconds, peak mem usage: 11.02 Mb
[1753929089] -- 30/07/2025 22:31:30 * Finished (main,compress)
						This took about 1 seconds, peak mem usage: 10.87 Mb
[1753929091] -- 30/07/2025 22:31:31 * Finished (main,compress)
						This took about 0 seconds, peak mem usage: 10.87 Mb
[1753929092] -- 30/07/2025 22:31:32 * Finished (main,compress)
						This took about 0 seconds, peak mem usage: 10.87 Mb
[1753929094] -- 30/07/2025 22:31:34 * Finished (main,compress)
						This took about 0 seconds, peak mem usage: 11.01 Mb
[1753929095] -- 30/07/2025 22:31:35 * Finished (main,compress)
						This took about 0 seconds, peak mem usage: 11.01 Mb
[1753929097] -- 30/07/2025 22:31:37 * Finished (main,compress)
						This took about 0 seconds, peak mem usage: 11.01 Mb
[1753929099] -- 30/07/2025 22:31:39 * Finished (main,compress)
						This took about 0 seconds, peak mem usage: 10.88 Mb
[1753929101] -- 30/07/2025 22:31:41 * Finished (main,compress)
						This took about 0 seconds, peak mem usage: 10.88 Mb
[1753929103] -- 30/07/2025 22:31:43 * Finished (main,compress)
						This took about 0 seconds, peak mem usage: 10.88 Mb
[1753929105] -- 30/07/2025 22:31:45 * Finished (main,compress)
						This took about 0 seconds, peak mem usage: 10.88 Mb
[1753929107] -- 30/07/2025 22:31:47 * Finished (main,compress)
						This took about 0 seconds, peak mem usage: 10.88 Mb
[1753929110] -- 30/07/2025 22:31:50 * Finished (main,compress)
						This took about 0 seconds, peak mem usage: 10.88 Mb
[1753929112] -- 30/07/2025 22:31:52 * Finished (main,compress)
						This took about 0 seconds, peak mem usage: 10.88 Mb
[1753929115] -- 30/07/2025 22:31:55 * Finished (main,compress)
						This took about 0 seconds, peak mem usage: 10.88 Mb
[1753929117] -- 30/07/2025 22:31:58 * Finished (main,compress)
						This took about 1 seconds, peak mem usage: 10.88 Mb
[1753929120] -- 30/07/2025 22:32:00 * Finished (main,compress)
						This took about 0 seconds, peak mem usage: 10.88 Mb
[1753929123] -- 30/07/2025 22:32:03 * Finished (main,compress)
						This took about 0 seconds, peak mem usage: 10.88 Mb
[1753929126] -- 30/07/2025 22:32:06 * Finished (main,compress)
						This took about 0 seconds, peak mem usage: 10.88 Mb
[1753929129] -- 30/07/2025 22:32:09 * Finished (main,compress)
						This took about 0 seconds, peak mem usage: 10.88 Mb
[1753929132] -- 30/07/2025 22:32:12 * Finished (main,compress)
						This took about 0 seconds, peak mem usage: 11.03 Mb
[1753929135] -- 30/07/2025 22:32:16 * Finished (main,compress)
						This took about 1 seconds, peak mem usage: 10.88 Mb
[1753929139] -- 30/07/2025 22:32:19 * Finished (main,compress)
						This took about 0 seconds, peak mem usage: 12.78 Mb
[1753929140] -- 30/07/2025 22:32:20 * Finished (main,compress)
						This took about 0 seconds, peak mem usage: 12.78 Mb
[1753929141] -- 30/07/2025 22:32:21 * Finished (main,compress)
						This took about 0 seconds, peak mem usage: 12.78 Mb
[1753929143] -- 30/07/2025 22:32:23 * Finished (main,compress)
						This took about 0 seconds, peak mem usage: 12.78 Mb
[1753929144] -- 30/07/2025 22:32:24 * Finished (main,compress)
						This took about 0 seconds, peak mem usage: 13.03 Mb
[1753929146] -- 30/07/2025 22:32:26 * Finished (main,compress)
						This took about 0 seconds, peak mem usage: 13.03 Mb
[1753929148] -- 30/07/2025 22:32:28 * Finished (main,compress)
						This took about 0 seconds, peak mem usage: 13.03 Mb
[1753929151] -- 30/07/2025 22:32:31 * Finished (main,compress)
						This took about 0 seconds, peak mem usage: 12.91 Mb
[1753929153] -- 30/07/2025 22:32:33 * Finished (main,compress)
						This took about 0 seconds, peak mem usage: 12.91 Mb
[1753929156] -- 30/07/2025 22:32:36 * Finished (main,compress)
						This took about 0 seconds, peak mem usage: 12.91 Mb
[1753929160] -- 30/07/2025 22:32:40 * Finished (main,compress)
						This took about 0 seconds, peak mem usage: 12.91 Mb
[1753929163] -- 30/07/2025 22:32:43 * Finished (main,compress)
						This took about 0 seconds, peak mem usage: 13.03 Mb
[1753929167] -- 30/07/2025 22:32:47 * Finished (main,compress)
						This took about 0 seconds, peak mem usage: 12.91 Mb
[1753929171] -- 30/07/2025 22:32:51 * Finished (main,compress)
						This took about 0 seconds, peak mem usage: 12.91 Mb
[1753929175] -- 30/07/2025 22:32:55 * Finished (main,compress)
						This took about 0 seconds, peak mem usage: 13.03 Mb
[1753929179] -- 30/07/2025 22:33:00 * Finished (main,compress)
						This took about 1 seconds, peak mem usage: 13.03 Mb
[1753929184] -- 30/07/2025 22:33:04 * Finished (main,compress)
						This took about 0 seconds, peak mem usage: 12.91 Mb
[1753929189] -- 30/07/2025 22:33:09 * Finished (main,compress)
						This took about 0 seconds, peak mem usage: 12.91 Mb
[1753929194] -- 30/07/2025 22:33:14 * Finished (main,compress)
						This took about 0 seconds, peak mem usage: 12.91 Mb
[1753929199] -- 30/07/2025 22:33:19 * Finished (main,compress)
						This took about 0 seconds, peak mem usage: 12.91 Mb
[1753929205] -- 30/07/2025 22:33:25 * Finished (main,compress)
						This took about 0 seconds, peak mem usage: 12.91 Mb
[1753929211] -- 30/07/2025 22:33:31 * Finished (main,compress)
						This took about 0 seconds, peak mem usage: 12.91 Mb
[1753929216] -- 30/07/2025 22:33:37 * Finished (main,compress)
						This took about 1 seconds, peak mem usage: 13.03 Mb
[1753929223] -- 30/07/2025 22:33:43 * Finished (main,compress)
						This took about 0 seconds, peak mem usage: 12.91 Mb
[1753929229] -- 30/07/2025 22:33:49 * Finished (main,compress)
						This took about 0 seconds, peak mem usage: 12.91 Mb
[1753929236] -- 30/07/2025 22:33:56 * Finished (main,compress)
						This took about 0 seconds, peak mem usage: 33.66 Mb
[1753929238] -- 30/07/2025 22:33:58 * Finished (main,compress)
						This took about 0 seconds, peak mem usage: 35.89 Mb
[1753929240] -- 30/07/2025 22:34:00 * Finished (main,compress)
						This took about 0 seconds, peak mem usage: 35.89 Mb
[1753929243] -- 30/07/2025 22:34:04 * Finished (main,compress)
						This took about 1 seconds, peak mem usage: 42.62 Mb
[1753929247] -- 30/07/2025 22:34:07 * Finished (main,compress)
						This took about 0 seconds, peak mem usage: 38.13 Mb
[1753929253] -- 30/07/2025 22:34:13 * Finished (main,compress)
						This took about 0 seconds, peak mem usage: 38.13 Mb
[1753929261] -- 30/07/2025 22:34:21 * Finished (main,compress)
						This took about 0 seconds, peak mem usage: 38.13 Mb
[1753929268] -- 30/07/2025 22:34:28 * Finished (main,compress)
						This took about 0 seconds, peak mem usage: 38.13 Mb
[1753929277] -- 30/07/2025 22:34:37 * Finished (main,compress)
						This took about 0 seconds, peak mem usage: 38.13 Mb
[1753929286] -- 30/07/2025 22:34:46 * Finished (main,compress)
						This took about 0 seconds, peak mem usage: 38.13 Mb
[1753929296] -- 30/07/2025 22:34:56 * Finished (main,compress)
						This took about 0 seconds, peak mem usage: 38.13 Mb
[1753929307] -- 30/07/2025 22:35:08 * Finished (main,compress)
						This took about 1 seconds, peak mem usage: 38.13 Mb
[1753929320] -- 30/07/2025 22:35:20 * Finished (main,compress)
						This took about 0 seconds, peak mem usage: 38.13 Mb
[1753929333] -- 30/07/2025 22:35:33 * Finished (main,compress)
						This took about 0 seconds, peak mem usage: 38.13 Mb
[1753929346] -- 30/07/2025 22:35:47 * Finished (main,compress)
						This took about 1 seconds, peak mem usage: 38.13 Mb
[1753929361] -- 30/07/2025 22:36:01 * Finished (main,compress)
						This took about 0 seconds, peak mem usage: 38.13 Mb
[1753929376] -- 30/07/2025 22:36:16 * Finished (main,compress)
						This took about 0 seconds, peak mem usage: 38.13 Mb
[1753929391] -- 30/07/2025 22:36:32 * Finished (main,compress)
						This took about 1 seconds, peak mem usage: 38.13 Mb
[1753929408] -- 30/07/2025 22:36:48 * Finished (main,compress)
						This took about 0 seconds, peak mem usage: 38.13 Mb
[1753929426] -- 30/07/2025 22:37:06 * Finished (main,compress)
						This took about 0 seconds, peak mem usage: 38.13 Mb
[1753929444] -- 30/07/2025 22:37:24 * Finished (main,compress)
						This took about 0 seconds, peak mem usage: 38.13 Mb
[1753929463] -- 30/07/2025 22:37:43 * Finished (main,compress)
						This took about 0 seconds, peak mem usage: 38.13 Mb
[1753929482] -- 30/07/2025 22:38:02 * Finished (main,compress)
						This took about 0 seconds, peak mem usage: 38.13 Mb
[1753929501] -- 30/07/2025 22:38:21 * Finished (main,compress)
						This took about 0 seconds, peak mem usage: 38.13 Mb
[1753929522] -- 30/07/2025 22:38:42 * Finished (main,compress)
						This took about 0 seconds, peak mem usage: 38.13 Mb
[1753929543] -- 30/07/2025 22:39:03 * Finished (main,compress)
						This took about 0 seconds, peak mem usage: 18.37 Mb
[1753929544] -- 30/07/2025 22:39:05 * Finished (main,compress)
						This took about 1 seconds, peak mem usage: 18.37 Mb
[1753929546] -- 30/07/2025 22:39:08 * Finished (main,compress)
						This took about 2 seconds, peak mem usage: 18.37 Mb
[1753929549] -- 30/07/2025 22:39:12 * Finished (main,compress)
						This took about 3 seconds, peak mem usage: 18.75 Mb
[1753929554] -- 30/07/2025 22:39:19 * Finished (main,compress)
						This took about 5 seconds, peak mem usage: 19.52 Mb
[1753929561] -- 30/07/2025 22:39:29 * Finished (main,compress)
						This took about 8 seconds, peak mem usage: 19.52 Mb
[1753929570] -- 30/07/2025 22:39:39 * Finished (main,compress)
						This took about 9 seconds, peak mem usage: 19.52 Mb
[1753929581] -- 30/07/2025 22:39:53 * Finished (main,compress)
						This took about 12 seconds, peak mem usage: 19.64 Mb
[1753929594] -- 30/07/2025 22:40:10 * Finished (main,compress)
						This took about 16 seconds, peak mem usage: 19.64 Mb
[1753929612] -- 30/07/2025 22:40:31 * Finished (main,compress)
						This took about 19 seconds, peak mem usage: 19.64 Mb
[1753929633] -- 30/07/2025 22:40:54 * Finished (main,compress)
						This took about 21 seconds, peak mem usage: 19.64 Mb
[1753929657] -- 30/07/2025 22:41:21 * Finished (main,compress)
						This took about 24 seconds, peak mem usage: 19.64 Mb
[1753929684] -- 30/07/2025 22:41:49 * Finished (main,compress)
						This took about 25 seconds, peak mem usage: 20.03 Mb
[1753929712] -- 30/07/2025 22:42:20 * Finished (main,compress)
						This took about 28 seconds, peak mem usage: 20.41 Mb
[1753929743] -- 30/07/2025 22:42:51 * Finished (main,compress)
						This took about 28 seconds, peak mem usage: 20.80 Mb
[1753929773] -- 30/07/2025 22:43:22 * Finished (main,compress)
						This took about 29 seconds, peak mem usage: 30.77 Mb
[1753929805] -- 30/07/2025 22:43:57 * Finished (main,compress)
						This took about 32 seconds, peak mem usage: 30.77 Mb
[1753929840] -- 30/07/2025 22:44:33 * Finished (main,compress)
						This took about 33 seconds, peak mem usage: 30.77 Mb
[1753929876] -- 30/07/2025 22:45:13 * Finished (main,compress)
						This took about 37 seconds, peak mem usage: 30.77 Mb
[1753929916] -- 30/07/2025 22:45:56 * Finished (main,compress)
						This took about 40 seconds, peak mem usage: 30.77 Mb
[1753929960] -- 30/07/2025 22:46:42 * Finished (main,compress)
						This took about 42 seconds, peak mem usage: 30.77 Mb
[1753930006] -- 30/07/2025 22:47:33 * Finished (main,compress)
						This took about 47 seconds, peak mem usage: 30.77 Mb
[1753930057] -- 30/07/2025 22:48:24 * Finished (main,compress)
						This took about 47 seconds, peak mem usage: 30.77 Mb
[1753930108] -- 30/07/2025 22:49:19 * Finished (main,compress)
						This took about 51 seconds, peak mem usage: 30.77 Mb
[1753930163] -- 30/07/2025 22:50:15 * Finished (main,compress)
						This took about 52 seconds, peak mem usage: 30.77 Mb
[1753930219] -- 30/07/2025 22:50:19 * Finished (main,compress)
						This took about 0 seconds, peak mem usage: 12.45 Mb
[1753930220] -- 30/07/2025 22:50:20 * Finished (main,compress)
						This took about 0 seconds, peak mem usage: 14.30 Mb
[1753930220] -- 30/07/2025 22:50:20 * Finished (main,compress)
						This took about 0 seconds, peak mem usage: 14.30 Mb
[1753930221] -- 30/07/2025 22:50:21 * Finished (main,compress)
						This took about 0 seconds, peak mem usage: 14.30 Mb
[1753930223] -- 30/07/2025 22:50:23 * Finished (main,compress)
						This took about 0 seconds, peak mem usage: 14.30 Mb
[1753930224] -- 30/07/2025 22:50:24 * Finished (main,compress)
						This took about 0 seconds, peak mem usage: 14.30 Mb
[1753930226] -- 30/07/2025 22:50:26 * Finished (main,compress)
						This took about 0 seconds, peak mem usage: 14.30 Mb
[1753930229] -- 30/07/2025 22:50:29 * Finished (main,compress)
						This took about 0 seconds, peak mem usage: 14.30 Mb
[1753930231] -- 30/07/2025 22:50:31 * Finished (main,compress)
						This took about 0 seconds, peak mem usage: 14.30 Mb
[1753930234] -- 30/07/2025 22:50:34 * Finished (main,compress)
						This took about 0 seconds, peak mem usage: 14.30 Mb
[1753930237] -- 30/07/2025 22:50:37 * Finished (main,compress)
						This took about 0 seconds, peak mem usage: 14.30 Mb
[1753930241] -- 30/07/2025 22:50:41 * Finished (main,compress)
						This took about 0 seconds, peak mem usage: 14.30 Mb
[1753930244] -- 30/07/2025 22:50:44 * Finished (main,compress)
						This took about 0 seconds, peak mem usage: 14.30 Mb
[1753930248] -- 30/07/2025 22:50:48 * Finished (main,compress)
						This took about 0 seconds, peak mem usage: 14.30 Mb
[1753930252] -- 30/07/2025 22:50:53 * Finished (main,compress)
						This took about 1 seconds, peak mem usage: 14.30 Mb
[1753930257] -- 30/07/2025 22:50:57 * Finished (main,compress)
						This took about 0 seconds, peak mem usage: 14.30 Mb
[1753930261] -- 30/07/2025 22:51:02 * Finished (main,compress)
						This took about 1 seconds, peak mem usage: 14.30 Mb
[1753930266] -- 30/07/2025 22:51:07 * Finished (main,compress)
						This took about 1 seconds, peak mem usage: 14.30 Mb
[1753930271] -- 30/07/2025 22:51:12 * Finished (main,compress)
						This took about 1 seconds, peak mem usage: 14.30 Mb
[1753930277] -- 30/07/2025 22:51:17 * Finished (main,compress)
						This took about 0 seconds, peak mem usage: 14.30 Mb
[1753930282] -- 30/07/2025 22:51:22 * Finished (main,compress)
						This took about 0 seconds, peak mem usage: 14.30 Mb
[1753930288] -- 30/07/2025 22:51:28 * Finished (main,compress)
						This took about 0 seconds, peak mem usage: 14.30 Mb
[1753930294] -- 30/07/2025 22:51:34 * Finished (main,compress)
						This took about 0 seconds, peak mem usage: 14.30 Mb
[1753930299] -- 30/07/2025 22:51:40 * Finished (main,compress)
						This took about 1 seconds, peak mem usage: 14.30 Mb
[1753930306] -- 30/07/2025 22:51:46 * Finished (main,compress)
						This took about 0 seconds, peak mem usage: 14.30 Mb
[1753930316] -- 30/07/2025 22:51:59 * Finished (main,compress)
						This took about 3 seconds, peak mem usage: 496.23 Mb
[1753930330] -- 30/07/2025 22:52:14 * Finished (main,compress)
						This took about 4 seconds, peak mem usage: 496.23 Mb
[1753930351] -- 30/07/2025 22:52:36 * Finished (main,compress)
						This took about 5 seconds, peak mem usage: 539.48 Mb
[1753930382] -- 30/07/2025 22:53:10 * Finished (main,compress)
						This took about 8 seconds, peak mem usage: 539.48 Mb
[1753930422] -- 30/07/2025 22:53:50 * Finished (main,compress)
						This took about 8 seconds, peak mem usage: 539.48 Mb
[1753930469] -- 30/07/2025 22:54:40 * Finished (main,compress)
						This took about 11 seconds, peak mem usage: 539.48 Mb
[1753930525] -- 30/07/2025 22:55:35 * Finished (main,compress)
						This took about 10 seconds, peak mem usage: 539.48 Mb
[1753930587] -- 30/07/2025 22:56:40 * Finished (main,compress)
						This took about 13 seconds, peak mem usage: 539.48 Mb
[1753930658] -- 30/07/2025 22:57:51 * Finished (main,compress)
						This took about 13 seconds, peak mem usage: 539.48 Mb
[1753930732] -- 30/07/2025 22:59:07 * Finished (main,compress)
						This took about 15 seconds, peak mem usage: 539.68 Mb
[1753930813] -- 30/07/2025 23:00:27 * Finished (main,compress)
						This took about 14 seconds, peak mem usage: 539.68 Mb
[1753930900] -- 30/07/2025 23:01:55 * Finished (main,compress)
						This took about 15 seconds, peak mem usage: 539.48 Mb
[1753930991] -- 30/07/2025 23:03:27 * Finished (main,compress)
						This took about 16 seconds, peak mem usage: 539.48 Mb
[1753931086] -- 30/07/2025 23:05:03 * Finished (main,compress)
						This took about 17 seconds, peak mem usage: 539.69 Mb
[1753931186] -- 30/07/2025 23:06:41 * Finished (main,compress)
						This took about 15 seconds, peak mem usage: 539.69 Mb
[1753931292] -- 30/07/2025 23:08:29 * Finished (main,compress)
						This took about 17 seconds, peak mem usage: 539.69 Mb
[1753931403] -- 30/07/2025 23:10:20 * Finished (main,compress)
						This took about 17 seconds, peak mem usage: 539.69 Mb
[1753931517] -- 30/07/2025 23:12:14 * Finished (main,compress)
						This took about 17 seconds, peak mem usage: 539.48 Mb
[1753931634] -- 30/07/2025 23:14:11 * Finished (main,compress)
						This took about 17 seconds, peak mem usage: 539.48 Mb
[1753931757] -- 30/07/2025 23:16:15 * Finished (main,compress)
						This took about 18 seconds, peak mem usage: 539.48 Mb
[1753931885] -- 30/07/2025 23:18:23 * Finished (main,compress)
						This took about 18 seconds, peak mem usage: 539.70 Mb
[1753932016] -- 30/07/2025 23:20:34 * Finished (main,compress)
						This took about 18 seconds, peak mem usage: 539.69 Mb
[1753932150] -- 30/07/2025 23:22:49 * Finished (main,compress)
						This took about 19 seconds, peak mem usage: 539.69 Mb
[1753932290] -- 30/07/2025 23:25:10 * Finished (main,compress)
						This took about 20 seconds, peak mem usage: 539.70 Mb
[1753932434] -- 30/07/2025 23:27:34 * Finished (main,compress)
						This took about 20 seconds, peak mem usage: 561.10 Mb
[1753932542] -- 30/07/2025 23:29:05 * Finished (main,compress)
						This took about 3 seconds, peak mem usage: 228.88 Mb
[1753932551] -- 30/07/2025 23:29:14 * Finished (main,compress)
						This took about 3 seconds, peak mem usage: 228.88 Mb
[1753932564] -- 30/07/2025 23:29:29 * Finished (main,compress)
						This took about 5 seconds, peak mem usage: 228.88 Mb
[1753932585] -- 30/07/2025 23:29:51 * Finished (main,compress)
						This took about 6 seconds, peak mem usage: 233.88 Mb
[1753932610] -- 30/07/2025 23:30:17 * Finished (main,compress)
						This took about 7 seconds, peak mem usage: 238.88 Mb
[1753932642] -- 30/07/2025 23:30:51 * Finished (main,compress)
						This took about 9 seconds, peak mem usage: 238.88 Mb
[1753932679] -- 30/07/2025 23:31:30 * Finished (main,compress)
						This took about 11 seconds, peak mem usage: 238.88 Mb
[1753932720] -- 30/07/2025 23:32:12 * Finished (main,compress)
						This took about 12 seconds, peak mem usage: 238.88 Mb
[1753932767] -- 30/07/2025 23:32:59 * Finished (main,compress)
						This took about 12 seconds, peak mem usage: 243.89 Mb
[1753932817] -- 30/07/2025 23:33:50 * Finished (main,compress)
						This took about 13 seconds, peak mem usage: 253.89 Mb
[1753932873] -- 30/07/2025 23:34:48 * Finished (main,compress)
						This took about 15 seconds, peak mem usage: 253.89 Mb
[1753932933] -- 30/07/2025 23:35:46 * Finished (main,compress)
						This took about 13 seconds, peak mem usage: 253.89 Mb
[1753932994] -- 30/07/2025 23:36:48 * Finished (main,compress)
						This took about 14 seconds, peak mem usage: 253.89 Mb
[1753933060] -- 30/07/2025 23:37:53 * Finished (main,compress)
						This took about 13 seconds, peak mem usage: 253.89 Mb
[1753933127] -- 30/07/2025 23:39:02 * Finished (main,compress)
						This took about 15 seconds, peak mem usage: 253.89 Mb
[1753933202] -- 30/07/2025 23:40:17 * Finished (main,compress)
						This took about 15 seconds, peak mem usage: 253.89 Mb
[1753933281] -- 30/07/2025 23:41:37 * Finished (main,compress)
						This took about 16 seconds, peak mem usage: 253.89 Mb
[1753933365] -- 30/07/2025 23:43:02 * Finished (main,compress)
						This took about 17 seconds, peak mem usage: 253.89 Mb
[1753933457] -- 30/07/2025 23:44:36 * Finished (main,compress)
						This took about 19 seconds, peak mem usage: 253.89 Mb
[1753933554] -- 30/07/2025 23:46:16 * Finished (main,compress)
						This took about 22 seconds, peak mem usage: 253.89 Mb
[1753933656] -- 30/07/2025 23:47:57 * Finished (main,compress)
						This took about 21 seconds, peak mem usage: 253.89 Mb
[1753933762] -- 30/07/2025 23:49:44 * Finished (main,compress)
						This took about 22 seconds, peak mem usage: 253.89 Mb
[1753933873] -- 30/07/2025 23:51:35 * Finished (main,compress)
						This took about 22 seconds, peak mem usage: 253.89 Mb
[1753933989] -- 30/07/2025 23:53:29 * Finished (main,compress)
						This took about 20 seconds, peak mem usage: 253.89 Mb
[1753934107] -- 30/07/2025 23:55:28 * Finished (main,compress)
						This took about 21 seconds, peak mem usage: 253.89 Mb
[1753934218] -- 30/07/2025 23:57:03 * Finished (main,compress)
						This took about 5 seconds, peak mem usage: 265.06 Mb
[1753934237] -- 30/07/2025 23:57:28 * Finished (main,compress)
						This took about 11 seconds, peak mem usage: 265.06 Mb
[1753934269] -- 30/07/2025 23:58:08 * Finished (main,compress)
						This took about 19 seconds, peak mem usage: 265.06 Mb
[1753934316] -- 30/07/2025 23:58:58 * Finished (main,compress)
						This took about 22 seconds, peak mem usage: 265.06 Mb
[1753934372] -- 31/07/2025 00:00:02 * Finished (main,compress)
						This took about 30 seconds, peak mem usage: 265.06 Mb
[1753934441] -- 31/07/2025 00:01:20 * Finished (main,compress)
						This took about 39 seconds, peak mem usage: 265.06 Mb
[1753934525] -- 31/07/2025 00:02:51 * Finished (main,compress)
						This took about 46 seconds, peak mem usage: 265.06 Mb
[1753934619] -- 31/07/2025 00:04:35 * Finished (main,compress)
						This took about 56 seconds, peak mem usage: 265.06 Mb
[1753934729] -- 31/07/2025 00:06:30 * Finished (main,compress)
						This took about 61 seconds, peak mem usage: 265.06 Mb
[1753934847] -- 31/07/2025 00:08:33 * Finished (main,compress)
						This took about 66 seconds, peak mem usage: 265.06 Mb
[1753934976] -- 31/07/2025 00:10:49 * Finished (main,compress)
						This took about 73 seconds, peak mem usage: 265.06 Mb
[1753935116] -- 31/07/2025 00:13:14 * Finished (main,compress)
						This took about 78 seconds, peak mem usage: 270.99 Mb
[1753935266] -- 31/07/2025 00:15:53 * Finished (main,compress)
						This took about 87 seconds, peak mem usage: 265.06 Mb
[1753935431] -- 31/07/2025 00:18:44 * Finished (main,compress)
						This took about 93 seconds, peak mem usage: 265.06 Mb
[1753935604] -- 31/07/2025 00:21:46 * Finished (main,compress)
						This took about 102 seconds, peak mem usage: 265.06 Mb
[1753935791] -- 31/07/2025 00:25:01 * Finished (main,compress)
						This took about 110 seconds, peak mem usage: 265.06 Mb
[1753935992] -- 31/07/2025 00:28:28 * Finished (main,compress)
						This took about 116 seconds, peak mem usage: 265.06 Mb
[1753936206] -- 31/07/2025 00:32:10 * Finished (main,compress)
						This took about 124 seconds, peak mem usage: 265.06 Mb
[1753936432] -- 31/07/2025 00:36:07 * Finished (main,compress)
						This took about 135 seconds, peak mem usage: 265.06 Mb
[1753936672] -- 31/07/2025 00:40:07 * Finished (main,compress)
						This took about 135 seconds, peak mem usage: 265.06 Mb
[1753936914] -- 31/07/2025 00:44:22 * Finished (main,compress)
						This took about 148 seconds, peak mem usage: 265.06 Mb
[1753937175] -- 31/07/2025 00:48:44 * Finished (main,compress)
						This took about 149 seconds, peak mem usage: 270.99 Mb
[1753937440] -- 31/07/2025 00:53:21 * Finished (main,compress)
						This took about 161 seconds, peak mem usage: 265.06 Mb
[1753937723] -- 31/07/2025 00:57:58 * Finished (main,compress)
						This took about 155 seconds, peak mem usage: 276.92 Mb
[1753938005] -- 31/07/2025 01:02:44 * Finished (main,compress)
						This took about 159 seconds, peak mem usage: 270.99 Mb
[1753938248] -- 31/07/2025 01:04:09 * Finished (main,compress)
						This took about 1 seconds, peak mem usage: 70.25 Mb
[1753938256] -- 31/07/2025 01:04:18 * Finished (main,compress)
						This took about 2 seconds, peak mem usage: 90.73 Mb
[1753938271] -- 31/07/2025 01:04:33 * Finished (main,compress)
						This took about 2 seconds, peak mem usage: 90.73 Mb
[1753938292] -- 31/07/2025 01:04:54 * Finished (main,compress)
						This took about 2 seconds, peak mem usage: 90.73 Mb
[1753938319] -- 31/07/2025 01:05:22 * Finished (main,compress)
						This took about 3 seconds, peak mem usage: 90.73 Mb
[1753938352] -- 31/07/2025 01:05:56 * Finished (main,compress)
						This took about 4 seconds, peak mem usage: 90.73 Mb
[1753938393] -- 31/07/2025 01:06:38 * Finished (main,compress)
						This took about 5 seconds, peak mem usage: 90.73 Mb
[1753938438] -- 31/07/2025 01:07:24 * Finished (main,compress)
						This took about 6 seconds, peak mem usage: 90.73 Mb
[1753938489] -- 31/07/2025 01:08:15 * Finished (main,compress)
						This took about 6 seconds, peak mem usage: 90.73 Mb
[1753938544] -- 31/07/2025 01:09:11 * Finished (main,compress)
						This took about 7 seconds, peak mem usage: 90.73 Mb
[1753938605] -- 31/07/2025 01:10:13 * Finished (main,compress)
						This took about 8 seconds, peak mem usage: 90.73 Mb
[1753938674] -- 31/07/2025 01:11:22 * Finished (main,compress)
						This took about 8 seconds, peak mem usage: 90.73 Mb
[1753938747] -- 31/07/2025 01:12:35 * Finished (main,compress)
						This took about 8 seconds, peak mem usage: 90.73 Mb
[1753938824] -- 31/07/2025 01:13:52 * Finished (main,compress)
						This took about 8 seconds, peak mem usage: 90.73 Mb
[1753938907] -- 31/07/2025 01:15:15 * Finished (main,compress)
						This took about 8 seconds, peak mem usage: 90.73 Mb
[1753938994] -- 31/07/2025 01:16:43 * Finished (main,compress)
						This took about 9 seconds, peak mem usage: 90.73 Mb
[1753939087] -- 31/07/2025 01:18:14 * Finished (main,compress)
						This took about 7 seconds, peak mem usage: 90.73 Mb
[1753939185] -- 31/07/2025 01:19:54 * Finished (main,compress)
						This took about 9 seconds, peak mem usage: 90.73 Mb
[1753939290] -- 31/07/2025 01:21:39 * Finished (main,compress)
						This took about 9 seconds, peak mem usage: 90.73 Mb
[1753939402] -- 31/07/2025 01:23:33 * Finished (main,compress)
						This took about 11 seconds, peak mem usage: 90.73 Mb
[1753939521] -- 31/07/2025 01:25:31 * Finished (main,compress)
						This took about 10 seconds, peak mem usage: 90.73 Mb
[1753939645] -- 31/07/2025 01:27:36 * Finished (main,compress)
						This took about 11 seconds, peak mem usage: 90.73 Mb
[1753939775] -- 31/07/2025 01:29:46 * Finished (main,compress)
						This took about 11 seconds, peak mem usage: 90.73 Mb
[1753939911] -- 31/07/2025 01:32:03 * Finished (main,compress)
						This took about 12 seconds, peak mem usage: 90.73 Mb
[1753940054] -- 31/07/2025 01:34:26 * Finished (main,compress)
						This took about 12 seconds, peak mem usage: 90.73 Mb
[1753940197] -- 31/07/2025 01:36:38 * Finished (main,compress)
						This took about 1 seconds, peak mem usage: 425.98 Mb
[1753940204] -- 31/07/2025 01:36:47 * Finished (main,compress)
						This took about 3 seconds, peak mem usage: 555.88 Mb
[1753940217] -- 31/07/2025 01:37:00 * Finished (main,compress)
						This took about 3 seconds, peak mem usage: 555.88 Mb
[1753940235] -- 31/07/2025 01:37:19 * Finished (main,compress)
						This took about 4 seconds, peak mem usage: 601.61 Mb
[1753940258] -- 31/07/2025 01:37:42 * Finished (main,compress)
						This took about 4 seconds, peak mem usage: 601.61 Mb
[1753940285] -- 31/07/2025 01:38:10 * Finished (main,compress)
						This took about 5 seconds, peak mem usage: 601.61 Mb
[1753940317] -- 31/07/2025 01:38:44 * Finished (main,compress)
						This took about 7 seconds, peak mem usage: 601.61 Mb
[1753940357] -- 31/07/2025 01:39:25 * Finished (main,compress)
						This took about 8 seconds, peak mem usage: 601.61 Mb
[1753940401] -- 31/07/2025 01:40:09 * Finished (main,compress)
						This took about 8 seconds, peak mem usage: 601.61 Mb
[1753940450] -- 31/07/2025 01:40:58 * Finished (main,compress)
						This took about 8 seconds, peak mem usage: 601.61 Mb
[1753940502] -- 31/07/2025 01:41:50 * Finished (main,compress)
						This took about 8 seconds, peak mem usage: 601.61 Mb
[1753940558] -- 31/07/2025 01:42:47 * Finished (main,compress)
						This took about 9 seconds, peak mem usage: 601.78 Mb
[1753940618] -- 31/07/2025 01:43:47 * Finished (main,compress)
						This took about 9 seconds, peak mem usage: 601.78 Mb
[1753940682] -- 31/07/2025 01:44:52 * Finished (main,compress)
						This took about 10 seconds, peak mem usage: 601.78 Mb
[1753940751] -- 31/07/2025 01:46:00 * Finished (main,compress)
						This took about 9 seconds, peak mem usage: 601.61 Mb
[1753940815] -- 31/07/2025 01:47:04 * Finished (main,compress)
						This took about 9 seconds, peak mem usage: 617.03 Mb
[1753940885] -- 31/07/2025 01:48:15 * Finished (main,compress)
						This took about 10 seconds, peak mem usage: 617.03 Mb
[1753940962] -- 31/07/2025 01:49:32 * Finished (main,compress)
						This took about 10 seconds, peak mem usage: 617.03 Mb
[1753941043] -- 31/07/2025 01:50:53 * Finished (main,compress)
						This took about 10 seconds, peak mem usage: 617.03 Mb
[1753941126] -- 31/07/2025 01:52:16 * Finished (main,compress)
						This took about 10 seconds, peak mem usage: 617.03 Mb
[1753941214] -- 31/07/2025 01:53:45 * Finished (main,compress)
						This took about 11 seconds, peak mem usage: 617.03 Mb
[1753941307] -- 31/07/2025 01:55:19 * Finished (main,compress)
						This took about 12 seconds, peak mem usage: 617.03 Mb
[1753941404] -- 31/07/2025 01:56:56 * Finished (main,compress)
						This took about 12 seconds, peak mem usage: 617.03 Mb
[1753941504] -- 31/07/2025 01:58:36 * Finished (main,compress)
						This took about 12 seconds, peak mem usage: 617.03 Mb
[1753941609] -- 31/07/2025 02:00:21 * Finished (main,compress)
						This took about 12 seconds, peak mem usage: 617.03 Mb
[1753942540] -- 31/07/2025 02:15:40 * Finished (main,compress)
						This took about 0 seconds, peak mem usage: 8.30 Mb
[1753942541] -- 31/07/2025 02:15:41 * Finished (main,compress)
						This took about 0 seconds, peak mem usage: 8.30 Mb
[1753942541] -- 31/07/2025 02:15:41 * Finished (main,compress)
						This took about 0 seconds, peak mem usage: 8.30 Mb
[1753942541] -- 31/07/2025 02:15:41 * Finished (main,compress)
						This took about 0 seconds, peak mem usage: 8.30 Mb
[1753942542] -- 31/07/2025 02:15:42 * Finished (main,compress)
						This took about 0 seconds, peak mem usage: 8.30 Mb
[1753942542] -- 31/07/2025 02:15:43 * Finished (main,compress)
						This took about 1 seconds, peak mem usage: 8.30 Mb
[1753942543] -- 31/07/2025 02:15:43 * Finished (main,compress)
						This took about 0 seconds, peak mem usage: 8.30 Mb
[1753942544] -- 31/07/2025 02:15:44 * Finished (main,compress)
						This took about 0 seconds, peak mem usage: 8.30 Mb
[1753942545] -- 31/07/2025 02:15:45 * Finished (main,compress)
						This took about 0 seconds, peak mem usage: 8.30 Mb
[1753942545] -- 31/07/2025 02:15:45 * Finished (main,compress)
						This took about 0 seconds, peak mem usage: 8.30 Mb
[1753942546] -- 31/07/2025 02:15:46 * Finished (main,compress)
						This took about 0 seconds, peak mem usage: 8.30 Mb
[1753942547] -- 31/07/2025 02:15:47 * Finished (main,compress)
						This took about 0 seconds, peak mem usage: 8.30 Mb
[1753942547] -- 31/07/2025 02:15:47 * Finished (main,compress)
						This took about 0 seconds, peak mem usage: 8.30 Mb
[1753942548] -- 31/07/2025 02:15:48 * Finished (main,compress)
						This took about 0 seconds, peak mem usage: 8.30 Mb
[1753942549] -- 31/07/2025 02:15:49 * Finished (main,compress)
						This took about 0 seconds, peak mem usage: 8.30 Mb
[1753942550] -- 31/07/2025 02:15:50 * Finished (main,compress)
						This took about 0 seconds, peak mem usage: 8.30 Mb
[1753942550] -- 31/07/2025 02:15:50 * Finished (main,compress)
						This took about 0 seconds, peak mem usage: 8.30 Mb
[1753942551] -- 31/07/2025 02:15:51 * Finished (main,compress)
						This took about 0 seconds, peak mem usage: 8.30 Mb
[1753942552] -- 31/07/2025 02:15:52 * Finished (main,compress)
						This took about 0 seconds, peak mem usage: 8.30 Mb
[1753942553] -- 31/07/2025 02:15:53 * Finished (main,compress)
						This took about 0 seconds, peak mem usage: 8.30 Mb
[1753942553] -- 31/07/2025 02:15:53 * Finished (main,compress)
						This took about 0 seconds, peak mem usage: 8.30 Mb
[1753942554] -- 31/07/2025 02:15:54 * Finished (main,compress)
						This took about 0 seconds, peak mem usage: 8.30 Mb
[1753942555] -- 31/07/2025 02:15:55 * Finished (main,compress)
						This took about 0 seconds, peak mem usage: 8.30 Mb
[1753942556] -- 31/07/2025 02:15:56 * Finished (main,compress)
						This took about 0 seconds, peak mem usage: 8.30 Mb
[1753942557] -- 31/07/2025 02:15:57 * Finished (main,compress)
						This took about 0 seconds, peak mem usage: 8.30 Mb
[1753942559] -- 31/07/2025 02:15:59 * Finished (main,compress)
						This took about 0 seconds, peak mem usage: 11.02 Mb
[1753942560] -- 31/07/2025 02:16:00 * Finished (main,compress)
						This took about 0 seconds, peak mem usage: 10.87 Mb
[1753942561] -- 31/07/2025 02:16:02 * Finished (main,compress)
						This took about 1 seconds, peak mem usage: 11.01 Mb
[1753942563] -- 31/07/2025 02:16:04 * Finished (main,compress)
						This took about 1 seconds, peak mem usage: 11.02 Mb
[1753942566] -- 31/07/2025 02:16:06 * Finished (main,compress)
						This took about 0 seconds, peak mem usage: 10.87 Mb
[1753942569] -- 31/07/2025 02:16:09 * Finished (main,compress)
						This took about 0 seconds, peak mem usage: 11.01 Mb
[1753942572] -- 31/07/2025 02:16:12 * Finished (main,compress)
						This took about 0 seconds, peak mem usage: 11.01 Mb
[1753942576] -- 31/07/2025 02:16:16 * Finished (main,compress)
						This took about 0 seconds, peak mem usage: 11.01 Mb
[1753942581] -- 31/07/2025 02:16:21 * Finished (main,compress)
						This took about 0 seconds, peak mem usage: 11.01 Mb
[1753942586] -- 31/07/2025 02:16:26 * Finished (main,compress)
						This took about 0 seconds, peak mem usage: 11.01 Mb
[1753942591] -- 31/07/2025 02:16:31 * Finished (main,compress)
						This took about 0 seconds, peak mem usage: 10.88 Mb
[1753942597] -- 31/07/2025 02:16:37 * Finished (main,compress)
						This took about 0 seconds, peak mem usage: 10.88 Mb
[1753942604] -- 31/07/2025 02:16:44 * Finished (main,compress)
						This took about 0 seconds, peak mem usage: 11.02 Mb
[1753942611] -- 31/07/2025 02:16:51 * Finished (main,compress)
						This took about 0 seconds, peak mem usage: 11.03 Mb
[1753942618] -- 31/07/2025 02:16:58 * Finished (main,compress)
						This took about 0 seconds, peak mem usage: 10.88 Mb
[1753942626] -- 31/07/2025 02:17:06 * Finished (main,compress)
						This took about 0 seconds, peak mem usage: 10.88 Mb
[1753942635] -- 31/07/2025 02:17:15 * Finished (main,compress)
						This took about 0 seconds, peak mem usage: 10.88 Mb
[1753942644] -- 31/07/2025 02:17:24 * Finished (main,compress)
						This took about 0 seconds, peak mem usage: 10.88 Mb
[1753942653] -- 31/07/2025 02:17:34 * Finished (main,compress)
						This took about 1 seconds, peak mem usage: 10.88 Mb
[1753942664] -- 31/07/2025 02:17:44 * Finished (main,compress)
						This took about 0 seconds, peak mem usage: 10.88 Mb
[1753942674] -- 31/07/2025 02:17:55 * Finished (main,compress)
						This took about 1 seconds, peak mem usage: 11.03 Mb
[1753942686] -- 31/07/2025 02:18:06 * Finished (main,compress)
						This took about 0 seconds, peak mem usage: 10.88 Mb
[1753942698] -- 31/07/2025 02:18:18 * Finished (main,compress)
						This took about 0 seconds, peak mem usage: 10.88 Mb
[1753942710] -- 31/07/2025 02:18:30 * Finished (main,compress)
						This took about 0 seconds, peak mem usage: 10.88 Mb
[1753942723] -- 31/07/2025 02:18:43 * Finished (main,compress)
						This took about 0 seconds, peak mem usage: 10.88 Mb
[1753942737] -- 31/07/2025 02:18:57 * Finished (main,compress)
						This took about 0 seconds, peak mem usage: 12.78 Mb
[1753942739] -- 31/07/2025 02:18:59 * Finished (main,compress)
						This took about 0 seconds, peak mem usage: 13.03 Mb
[1753942742] -- 31/07/2025 02:19:02 * Finished (main,compress)
						This took about 0 seconds, peak mem usage: 13.03 Mb
[1753942746] -- 31/07/2025 02:19:06 * Finished (main,compress)
						This took about 0 seconds, peak mem usage: 12.78 Mb
[1753942751] -- 31/07/2025 02:19:12 * Finished (main,compress)
						This took about 1 seconds, peak mem usage: 12.78 Mb
[1753942758] -- 31/07/2025 02:19:18 * Finished (main,compress)
						This took about 0 seconds, peak mem usage: 12.91 Mb
[1753942766] -- 31/07/2025 02:19:26 * Finished (main,compress)
						This took about 0 seconds, peak mem usage: 12.78 Mb
[1753942775] -- 31/07/2025 02:19:35 * Finished (main,compress)
						This took about 0 seconds, peak mem usage: 12.91 Mb
[1753942786] -- 31/07/2025 02:19:46 * Finished (main,compress)
						This took about 0 seconds, peak mem usage: 12.91 Mb
[1753942798] -- 31/07/2025 02:19:58 * Finished (main,compress)
						This took about 0 seconds, peak mem usage: 12.91 Mb
[1753942811] -- 31/07/2025 02:20:11 * Finished (main,compress)
						This took about 0 seconds, peak mem usage: 12.78 Mb
[1753942825] -- 31/07/2025 02:20:25 * Finished (main,compress)
						This took about 0 seconds, peak mem usage: 12.91 Mb
[1753942840] -- 31/07/2025 02:20:41 * Finished (main,compress)
						This took about 1 seconds, peak mem usage: 12.78 Mb
[1753942857] -- 31/07/2025 02:20:57 * Finished (main,compress)
						This took about 0 seconds, peak mem usage: 12.78 Mb
[1753942875] -- 31/07/2025 02:21:15 * Finished (main,compress)
						This took about 0 seconds, peak mem usage: 12.78 Mb
[1753942895] -- 31/07/2025 02:21:35 * Finished (main,compress)
						This took about 0 seconds, peak mem usage: 12.91 Mb
[1753942915] -- 31/07/2025 02:21:56 * Finished (main,compress)
						This took about 1 seconds, peak mem usage: 12.78 Mb
[1753942938] -- 31/07/2025 02:22:18 * Finished (main,compress)
						This took about 0 seconds, peak mem usage: 13.03 Mb
[1753942960] -- 31/07/2025 02:22:41 * Finished (main,compress)
						This took about 1 seconds, peak mem usage: 13.03 Mb
[1753942985] -- 31/07/2025 02:23:05 * Finished (main,compress)
						This took about 0 seconds, peak mem usage: 12.91 Mb
[1753943010] -- 31/07/2025 02:23:30 * Finished (main,compress)
						This took about 0 seconds, peak mem usage: 12.91 Mb
[1753943036] -- 31/07/2025 02:23:57 * Finished (main,compress)
						This took about 1 seconds, peak mem usage: 12.91 Mb
[1753943065] -- 31/07/2025 02:24:25 * Finished (main,compress)
						This took about 0 seconds, peak mem usage: 12.91 Mb
[1753943096] -- 31/07/2025 02:24:56 * Finished (main,compress)
						This took about 0 seconds, peak mem usage: 12.91 Mb
[1753943127] -- 31/07/2025 02:25:27 * Finished (main,compress)
						This took about 0 seconds, peak mem usage: 12.91 Mb
[1753943160] -- 31/07/2025 02:26:00 * Finished (main,compress)
						This took about 0 seconds, peak mem usage: 33.66 Mb
[1753943162] -- 31/07/2025 02:26:02 * Finished (main,compress)
						This took about 0 seconds, peak mem usage: 35.89 Mb
[1753943165] -- 31/07/2025 02:26:05 * Finished (main,compress)
						This took about 0 seconds, peak mem usage: 35.89 Mb
[1753943175] -- 31/07/2025 02:26:16 * Finished (main,compress)
						This took about 1 seconds, peak mem usage: 35.89 Mb
[1753943187] -- 31/07/2025 02:26:27 * Finished (main,compress)
						This took about 0 seconds, peak mem usage: 38.13 Mb
[1753943202] -- 31/07/2025 02:26:42 * Finished (main,compress)
						This took about 0 seconds, peak mem usage: 38.13 Mb
[1753943218] -- 31/07/2025 02:26:59 * Finished (main,compress)
						This took about 1 seconds, peak mem usage: 38.13 Mb
[1753943236] -- 31/07/2025 02:27:16 * Finished (main,compress)
						This took about 0 seconds, peak mem usage: 38.13 Mb
[1753943253] -- 31/07/2025 02:27:33 * Finished (main,compress)
						This took about 0 seconds, peak mem usage: 38.13 Mb
[1753943272] -- 31/07/2025 02:27:52 * Finished (main,compress)
						This took about 0 seconds, peak mem usage: 38.13 Mb
[1753943291] -- 31/07/2025 02:28:11 * Finished (main,compress)
						This took about 0 seconds, peak mem usage: 38.13 Mb
[1753943311] -- 31/07/2025 02:28:32 * Finished (main,compress)
						This took about 1 seconds, peak mem usage: 38.13 Mb
[1753943333] -- 31/07/2025 02:28:53 * Finished (main,compress)
						This took about 0 seconds, peak mem usage: 38.13 Mb
[1753943357] -- 31/07/2025 02:29:17 * Finished (main,compress)
						This took about 0 seconds, peak mem usage: 38.13 Mb
[1753943390] -- 31/07/2025 02:29:50 * Finished (main,compress)
						This took about 0 seconds, peak mem usage: 38.13 Mb
[1753943423] -- 31/07/2025 02:30:23 * Finished (main,compress)
						This took about 0 seconds, peak mem usage: 38.13 Mb
[1753943456] -- 31/07/2025 02:30:57 * Finished (main,compress)
						This took about 1 seconds, peak mem usage: 40.37 Mb
[1753943491] -- 31/07/2025 02:31:32 * Finished (main,compress)
						This took about 1 seconds, peak mem usage: 38.13 Mb
[1753943530] -- 31/07/2025 02:32:10 * Finished (main,compress)
						This took about 0 seconds, peak mem usage: 38.13 Mb
[1753943569] -- 31/07/2025 02:32:50 * Finished (main,compress)
						This took about 1 seconds, peak mem usage: 38.13 Mb
[1753943609] -- 31/07/2025 02:33:30 * Finished (main,compress)
						This took about 1 seconds, peak mem usage: 38.13 Mb
[1753943650] -- 31/07/2025 02:34:10 * Finished (main,compress)
						This took about 0 seconds, peak mem usage: 38.13 Mb
[1753943691] -- 31/07/2025 02:34:51 * Finished (main,compress)
						This took about 0 seconds, peak mem usage: 38.13 Mb
[1753943733] -- 31/07/2025 02:35:33 * Finished (main,compress)
						This took about 0 seconds, peak mem usage: 38.13 Mb
[1753943776] -- 31/07/2025 02:36:16 * Finished (main,compress)
						This took about 0 seconds, peak mem usage: 38.13 Mb
[1753943818] -- 31/07/2025 02:36:58 * Finished (main,compress)
						This took about 0 seconds, peak mem usage: 18.37 Mb
[1753943820] -- 31/07/2025 02:37:00 * Finished (main,compress)
						This took about 0 seconds, peak mem usage: 19.52 Mb
[1753943822] -- 31/07/2025 02:37:03 * Finished (main,compress)
						This took about 1 seconds, peak mem usage: 19.52 Mb
[1753943825] -- 31/07/2025 02:37:08 * Finished (main,compress)
						This took about 3 seconds, peak mem usage: 29.49 Mb
[1753943830] -- 31/07/2025 02:37:14 * Finished (main,compress)
						This took about 4 seconds, peak mem usage: 29.49 Mb
[1753943837] -- 31/07/2025 02:37:22 * Finished (main,compress)
						This took about 5 seconds, peak mem usage: 29.49 Mb
[1753943845] -- 31/07/2025 02:37:33 * Finished (main,compress)
						This took about 8 seconds, peak mem usage: 29.49 Mb
[1753943856] -- 31/07/2025 02:37:46 * Finished (main,compress)
						This took about 10 seconds, peak mem usage: 29.49 Mb
[1753943870] -- 31/07/2025 02:38:01 * Finished (main,compress)
						This took about 11 seconds, peak mem usage: 29.49 Mb
[1753943886] -- 31/07/2025 02:38:21 * Finished (main,compress)
						This took about 15 seconds, peak mem usage: 29.62 Mb
[1753943906] -- 31/07/2025 02:38:45 * Finished (main,compress)
						This took about 19 seconds, peak mem usage: 29.62 Mb
[1753943931] -- 31/07/2025 02:39:10 * Finished (main,compress)
						This took about 19 seconds, peak mem usage: 29.62 Mb
[1753943956] -- 31/07/2025 02:39:37 * Finished (main,compress)
						This took about 21 seconds, peak mem usage: 29.62 Mb
[1753943984] -- 31/07/2025 02:40:09 * Finished (main,compress)
						This took about 25 seconds, peak mem usage: 29.62 Mb
[1753944017] -- 31/07/2025 02:40:45 * Finished (main,compress)
						This took about 28 seconds, peak mem usage: 29.62 Mb
[1753944053] -- 31/07/2025 02:41:25 * Finished (main,compress)
						This took about 32 seconds, peak mem usage: 29.62 Mb
[1753944094] -- 31/07/2025 02:42:09 * Finished (main,compress)
						This took about 35 seconds, peak mem usage: 29.62 Mb
[1753944139] -- 31/07/2025 02:42:56 * Finished (main,compress)
						This took about 37 seconds, peak mem usage: 29.62 Mb
[1753944186] -- 31/07/2025 02:43:47 * Finished (main,compress)
						This took about 41 seconds, peak mem usage: 29.62 Mb
[1753944238] -- 31/07/2025 02:44:43 * Finished (main,compress)
						This took about 45 seconds, peak mem usage: 29.62 Mb
[1753944293] -- 31/07/2025 02:45:39 * Finished (main,compress)
						This took about 46 seconds, peak mem usage: 29.62 Mb
[1753944350] -- 31/07/2025 02:46:39 * Finished (main,compress)
						This took about 49 seconds, peak mem usage: 29.62 Mb
[1753944410] -- 31/07/2025 02:47:40 * Finished (main,compress)
						This took about 50 seconds, peak mem usage: 29.62 Mb
[1753944473] -- 31/07/2025 02:48:44 * Finished (main,compress)
						This took about 51 seconds, peak mem usage: 29.62 Mb
[1753944536] -- 31/07/2025 02:49:49 * Finished (main,compress)
						This took about 53 seconds, peak mem usage: 29.62 Mb
[1753944602] -- 31/07/2025 02:50:02 * Finished (main,compress)
						This took about 0 seconds, peak mem usage: 12.45 Mb
[1753944603] -- 31/07/2025 02:50:03 * Finished (main,compress)
						This took about 0 seconds, peak mem usage: 12.63 Mb
[1753944606] -- 31/07/2025 02:50:06 * Finished (main,compress)
						This took about 0 seconds, peak mem usage: 12.63 Mb
[1753944609] -- 31/07/2025 02:50:09 * Finished (main,compress)
						This took about 0 seconds, peak mem usage: 13.00 Mb
[1753944615] -- 31/07/2025 02:50:15 * Finished (main,compress)
						This took about 0 seconds, peak mem usage: 12.63 Mb
[1753944621] -- 31/07/2025 02:50:21 * Finished (main,compress)
						This took about 0 seconds, peak mem usage: 12.63 Mb
[1753944629] -- 31/07/2025 02:50:29 * Finished (main,compress)
						This took about 0 seconds, peak mem usage: 12.63 Mb
[1753944638] -- 31/07/2025 02:50:38 * Finished (main,compress)
						This took about 0 seconds, peak mem usage: 12.63 Mb
[1753944649] -- 31/07/2025 02:50:49 * Finished (main,compress)
						This took about 0 seconds, peak mem usage: 12.63 Mb
[1753944661] -- 31/07/2025 02:51:01 * Finished (main,compress)
						This took about 0 seconds, peak mem usage: 12.63 Mb
[1753944674] -- 31/07/2025 02:51:14 * Finished (main,compress)
						This took about 0 seconds, peak mem usage: 13.75 Mb
[1753944689] -- 31/07/2025 02:51:29 * Finished (main,compress)
						This took about 0 seconds, peak mem usage: 13.75 Mb
[1753944705] -- 31/07/2025 02:51:45 * Finished (main,compress)
						This took about 0 seconds, peak mem usage: 13.75 Mb
[1753944722] -- 31/07/2025 02:52:02 * Finished (main,compress)
						This took about 0 seconds, peak mem usage: 13.75 Mb
[1753944740] -- 31/07/2025 02:52:20 * Finished (main,compress)
						This took about 0 seconds, peak mem usage: 13.75 Mb
[1753944758] -- 31/07/2025 02:52:38 * Finished (main,compress)
						This took about 0 seconds, peak mem usage: 13.75 Mb
[1753944778] -- 31/07/2025 02:52:58 * Finished (main,compress)
						This took about 0 seconds, peak mem usage: 14.68 Mb
[1753944799] -- 31/07/2025 02:53:19 * Finished (main,compress)
						This took about 0 seconds, peak mem usage: 14.68 Mb
[1753944820] -- 31/07/2025 02:53:40 * Finished (main,compress)
						This took about 0 seconds, peak mem usage: 14.68 Mb
[1753944842] -- 31/07/2025 02:54:02 * Finished (main,compress)
						This took about 0 seconds, peak mem usage: 13.75 Mb
[1753944864] -- 31/07/2025 02:54:24 * Finished (main,compress)
						This took about 0 seconds, peak mem usage: 13.75 Mb
[1753944887] -- 31/07/2025 02:54:47 * Finished (main,compress)
						This took about 0 seconds, peak mem usage: 13.75 Mb
[1753944910] -- 31/07/2025 02:55:10 * Finished (main,compress)
						This took about 0 seconds, peak mem usage: 13.75 Mb
[1753944933] -- 31/07/2025 02:55:33 * Finished (main,compress)
						This took about 0 seconds, peak mem usage: 13.75 Mb
[1753944956] -- 31/07/2025 02:55:56 * Finished (main,compress)
						This took about 0 seconds, peak mem usage: 13.75 Mb
[1753944985] -- 31/07/2025 02:56:27 * Finished (main,compress)
						This took about 2 seconds, peak mem usage: 496.23 Mb
[1753945005] -- 31/07/2025 02:56:48 * Finished (main,compress)
						This took about 3 seconds, peak mem usage: 525.05 Mb
[1753945043] -- 31/07/2025 02:57:27 * Finished (main,compress)
						This took about 4 seconds, peak mem usage: 525.05 Mb
[1753945105] -- 31/07/2025 02:58:32 * Finished (main,compress)
						This took about 7 seconds, peak mem usage: 525.05 Mb
[1753945189] -- 31/07/2025 02:59:57 * Finished (main,compress)
						This took about 8 seconds, peak mem usage: 525.05 Mb
[1753945295] -- 31/07/2025 03:01:43 * Finished (main,compress)
						This took about 8 seconds, peak mem usage: 525.05 Mb
[1753945418] -- 31/07/2025 03:03:48 * Finished (main,compress)
						This took about 10 seconds, peak mem usage: 525.05 Mb
[1753945566] -- 31/07/2025 03:06:18 * Finished (main,compress)
						This took about 12 seconds, peak mem usage: 525.05 Mb
[1753945736] -- 31/07/2025 03:09:09 * Finished (main,compress)
						This took about 13 seconds, peak mem usage: 525.05 Mb
[1753945929] -- 31/07/2025 03:12:22 * Finished (main,compress)
						This took about 13 seconds, peak mem usage: 525.05 Mb
[1753946143] -- 31/07/2025 03:15:57 * Finished (main,compress)
						This took about 14 seconds, peak mem usage: 525.05 Mb
[1753946382] -- 31/07/2025 03:19:56 * Finished (main,compress)
						This took about 14 seconds, peak mem usage: 553.89 Mb
[1753946646] -- 31/07/2025 03:24:22 * Finished (main,compress)
						This took about 16 seconds, peak mem usage: 546.69 Mb
[1753946942] -- 31/07/2025 03:29:19 * Finished (main,compress)
						This took about 17 seconds, peak mem usage: 546.69 Mb
[1753947272] -- 31/07/2025 03:34:49 * Finished (main,compress)
						This took about 17 seconds, peak mem usage: 546.69 Mb
[1753947630] -- 31/07/2025 03:40:49 * Finished (main,compress)
						This took about 19 seconds, peak mem usage: 546.69 Mb
[1753948024] -- 31/07/2025 03:47:24 * Finished (main,compress)
						This took about 20 seconds, peak mem usage: 546.69 Mb
[1753948451] -- 31/07/2025 03:54:33 * Finished (main,compress)
						This took about 22 seconds, peak mem usage: 546.69 Mb
[1753948911] -- 31/07/2025 04:02:12 * Finished (main,compress)
						This took about 21 seconds, peak mem usage: 546.69 Mb
[1753949399] -- 31/07/2025 04:10:19 * Finished (main,compress)
						This took about 20 seconds, peak mem usage: 546.69 Mb
[1753949916] -- 31/07/2025 04:18:57 * Finished (main,compress)
						This took about 21 seconds, peak mem usage: 546.69 Mb
[1753950465] -- 31/07/2025 04:28:06 * Finished (main,compress)
						This took about 21 seconds, peak mem usage: 546.69 Mb
[1753951050] -- 31/07/2025 04:37:52 * Finished (main,compress)
						This took about 22 seconds, peak mem usage: 546.69 Mb
[1753951676] -- 31/07/2025 04:48:18 * Finished (main,compress)
						This took about 22 seconds, peak mem usage: 546.69 Mb
[1753952337] -- 31/07/2025 04:59:20 * Finished (main,compress)
						This took about 23 seconds, peak mem usage: 546.69 Mb
[1753952980] -- 31/07/2025 05:09:43 * Finished (main,compress)
						This took about 3 seconds, peak mem usage: 228.88 Mb
[1753952999] -- 31/07/2025 05:10:03 * Finished (main,compress)
						This took about 4 seconds, peak mem usage: 233.88 Mb
[1753953036] -- 31/07/2025 05:10:43 * Finished (main,compress)
						This took about 7 seconds, peak mem usage: 233.88 Mb
[1753953093] -- 31/07/2025 05:11:41 * Finished (main,compress)
						This took about 8 seconds, peak mem usage: 238.88 Mb
[1753953167] -- 31/07/2025 05:12:55 * Finished (main,compress)
						This took about 8 seconds, peak mem usage: 243.89 Mb
[1753953263] -- 31/07/2025 05:14:32 * Finished (main,compress)
						This took about 9 seconds, peak mem usage: 243.89 Mb
[1753953382] -- 31/07/2025 05:16:33 * Finished (main,compress)
						This took about 11 seconds, peak mem usage: 243.89 Mb
[1753953523] -- 31/07/2025 05:18:53 * Finished (main,compress)
						This took about 10 seconds, peak mem usage: 264.03 Mb
[1753953688] -- 31/07/2025 05:21:38 * Finished (main,compress)
						This took about 10 seconds, peak mem usage: 264.03 Mb
[1753953873] -- 31/07/2025 05:24:45 * Finished (main,compress)
						This took about 12 seconds, peak mem usage: 264.03 Mb
[1753954082] -- 31/07/2025 05:28:13 * Finished (main,compress)
						This took about 11 seconds, peak mem usage: 264.03 Mb
[1753954319] -- 31/07/2025 05:32:12 * Finished (main,compress)
						This took about 13 seconds, peak mem usage: 264.03 Mb
[1753954583] -- 31/07/2025 05:36:36 * Finished (main,compress)
						This took about 13 seconds, peak mem usage: 264.03 Mb
[1753954872] -- 31/07/2025 05:41:26 * Finished (main,compress)
						This took about 14 seconds, peak mem usage: 264.03 Mb
[1753955193] -- 31/07/2025 05:46:47 * Finished (main,compress)
						This took about 14 seconds, peak mem usage: 264.03 Mb
[1753955542] -- 31/07/2025 05:52:38 * Finished (main,compress)
						This took about 16 seconds, peak mem usage: 264.03 Mb
[1753955924] -- 31/07/2025 05:59:01 * Finished (main,compress)
						This took about 17 seconds, peak mem usage: 264.03 Mb
[1753956334] -- 31/07/2025 06:05:51 * Finished (main,compress)
						This took about 17 seconds, peak mem usage: 264.03 Mb
[1753956770] -- 31/07/2025 06:13:08 * Finished (main,compress)
						This took about 18 seconds, peak mem usage: 264.03 Mb
[1753957247] -- 31/07/2025 06:21:07 * Finished (main,compress)
						This took about 20 seconds, peak mem usage: 264.03 Mb
[1753957759] -- 31/07/2025 06:29:39 * Finished (main,compress)
						This took about 20 seconds, peak mem usage: 264.03 Mb
[1753958303] -- 31/07/2025 06:38:42 * Finished (main,compress)
						This took about 19 seconds, peak mem usage: 264.03 Mb
[1753958879] -- 31/07/2025 06:48:17 * Finished (main,compress)
						This took about 18 seconds, peak mem usage: 264.03 Mb
[1753959480] -- 31/07/2025 06:58:18 * Finished (main,compress)
						This took about 18 seconds, peak mem usage: 264.03 Mb
[1753960122] -- 31/07/2025 07:09:01 * Finished (main,compress)
						This took about 19 seconds, peak mem usage: 264.03 Mb
[1753960787] -- 31/07/2025 07:19:51 * Finished (main,compress)
						This took about 4 seconds, peak mem usage: 265.06 Mb
[1753960815] -- 31/07/2025 07:20:25 * Finished (main,compress)
						This took about 10 seconds, peak mem usage: 265.06 Mb
[1753960864] -- 31/07/2025 07:21:22 * Finished (main,compress)
						This took about 18 seconds, peak mem usage: 265.06 Mb
[1753960942] -- 31/07/2025 07:22:46 * Finished (main,compress)
						This took about 24 seconds, peak mem usage: 265.06 Mb
[1753961047] -- 31/07/2025 07:24:36 * Finished (main,compress)
						This took about 29 seconds, peak mem usage: 265.06 Mb
[1753961175] -- 31/07/2025 07:26:50 * Finished (main,compress)
						This took about 35 seconds, peak mem usage: 265.06 Mb
[1753961332] -- 31/07/2025 07:29:32 * Finished (main,compress)
						This took about 40 seconds, peak mem usage: 265.06 Mb
[1753961515] -- 31/07/2025 07:32:49 * Finished (main,compress)
						This took about 54 seconds, peak mem usage: 270.99 Mb
[1753961731] -- 31/07/2025 07:36:29 * Finished (main,compress)
						This took about 58 seconds, peak mem usage: 265.06 Mb
[1753961974] -- 31/07/2025 07:40:39 * Finished (main,compress)
						This took about 65 seconds, peak mem usage: 265.06 Mb
[1753962245] -- 31/07/2025 07:45:19 * Finished (main,compress)
						This took about 74 seconds, peak mem usage: 265.06 Mb
[1753962548] -- 31/07/2025 07:50:38 * Finished (main,compress)
						This took about 90 seconds, peak mem usage: 265.06 Mb
[1753962895] -- 31/07/2025 07:56:29 * Finished (main,compress)
						This took about 94 seconds, peak mem usage: 276.92 Mb
[1753963267] -- 31/07/2025 08:02:45 * Finished (main,compress)
						This took about 98 seconds, peak mem usage: 265.06 Mb
[1753963672] -- 31/07/2025 08:09:39 * Finished (main,compress)
						This took about 107 seconds, peak mem usage: 265.06 Mb
[1753964108] -- 31/07/2025 08:17:02 * Finished (main,compress)
						This took about 114 seconds, peak mem usage: 265.06 Mb
[1753964574] -- 31/07/2025 08:24:58 * Finished (main,compress)
						This took about 124 seconds, peak mem usage: 265.06 Mb
[1753965079] -- 31/07/2025 08:33:30 * Finished (main,compress)
						This took about 131 seconds, peak mem usage: 265.06 Mb
[1753965615] -- 31/07/2025 08:42:30 * Finished (main,compress)
						This took about 135 seconds, peak mem usage: 265.06 Mb
[1753966181] -- 31/07/2025 08:52:04 * Finished (main,compress)
						This took about 143 seconds, peak mem usage: 265.06 Mb
[1753966781] -- 31/07/2025 09:02:11 * Finished (main,compress)
						This took about 150 seconds, peak mem usage: 265.06 Mb
[1753967416] -- 31/07/2025 09:12:55 * Finished (main,compress)
						This took about 159 seconds, peak mem usage: 270.99 Mb
[1753968085] -- 31/07/2025 09:24:03 * Finished (main,compress)
						This took about 158 seconds, peak mem usage: 265.06 Mb
[1753968784] -- 31/07/2025 09:35:46 * Finished (main,compress)
						This took about 162 seconds, peak mem usage: 265.06 Mb
[1753969510] -- 31/07/2025 09:48:00 * Finished (main,compress)
						This took about 170 seconds, peak mem usage: 270.99 Mb
[1753970245] -- 31/07/2025 09:57:26 * Finished (main,compress)
						This took about 1 seconds, peak mem usage: 70.25 Mb
[1753970269] -- 31/07/2025 09:57:51 * Finished (main,compress)
						This took about 2 seconds, peak mem usage: 74.35 Mb
[1753970318] -- 31/07/2025 09:58:40 * Finished (main,compress)
						This took about 2 seconds, peak mem usage: 74.35 Mb
[1753970394] -- 31/07/2025 09:59:56 * Finished (main,compress)
						This took about 2 seconds, peak mem usage: 78.45 Mb
[1753970499] -- 31/07/2025 10:01:43 * Finished (main,compress)
						This took about 4 seconds, peak mem usage: 78.45 Mb
[1753970645] -- 31/07/2025 10:04:10 * Finished (main,compress)
						This took about 5 seconds, peak mem usage: 78.45 Mb
[1753970823] -- 31/07/2025 10:07:06 * Finished (main,compress)
						This took about 3 seconds, peak mem usage: 78.45 Mb
[1753971034] -- 31/07/2025 10:10:38 * Finished (main,compress)
						This took about 4 seconds, peak mem usage: 78.45 Mb
[1753971285] -- 31/07/2025 10:14:51 * Finished (main,compress)
						This took about 6 seconds, peak mem usage: 78.45 Mb
[1753971579] -- 31/07/2025 10:19:46 * Finished (main,compress)
						This took about 7 seconds, peak mem usage: 78.45 Mb
[1753971919] -- 31/07/2025 10:25:26 * Finished (main,compress)
						This took about 7 seconds, peak mem usage: 78.45 Mb
[1753972299] -- 31/07/2025 10:31:46 * Finished (main,compress)
						This took about 7 seconds, peak mem usage: 78.45 Mb
[1753972723] -- 31/07/2025 10:38:51 * Finished (main,compress)
						This took about 8 seconds, peak mem usage: 78.45 Mb
[1753973189] -- 31/07/2025 10:46:38 * Finished (main,compress)
						This took about 9 seconds, peak mem usage: 78.45 Mb
[1753973703] -- 31/07/2025 10:55:13 * Finished (main,compress)
						This took about 10 seconds, peak mem usage: 78.45 Mb
[1753974269] -- 31/07/2025 11:04:39 * Finished (main,compress)
						This took about 10 seconds, peak mem usage: 78.45 Mb
[1753974879] -- 31/07/2025 11:14:50 * Finished (main,compress)
						This took about 11 seconds, peak mem usage: 78.45 Mb
[1753975543] -- 31/07/2025 11:25:51 * Finished (main,compress)
						This took about 8 seconds, peak mem usage: 78.45 Mb
[1753976254] -- 31/07/2025 11:37:45 * Finished (main,compress)
						This took about 11 seconds, peak mem usage: 78.45 Mb
[1753977013] -- 31/07/2025 11:50:23 * Finished (main,compress)
						This took about 10 seconds, peak mem usage: 78.45 Mb
[1753977822] -- 31/07/2025 12:03:53 * Finished (main,compress)
						This took about 11 seconds, peak mem usage: 86.64 Mb
[1753978699] -- 31/07/2025 12:18:31 * Finished (main,compress)
						This took about 12 seconds, peak mem usage: 86.64 Mb
[1753979633] -- 31/07/2025 12:34:06 * Finished (main,compress)
						This took about 13 seconds, peak mem usage: 86.64 Mb
[1753980638] -- 31/07/2025 12:50:51 * Finished (main,compress)
						This took about 13 seconds, peak mem usage: 86.64 Mb
[1753981702] -- 31/07/2025 13:08:35 * Finished (main,compress)
						This took about 13 seconds, peak mem usage: 86.64 Mb
[1753982812] -- 31/07/2025 13:26:53 * Finished (main,compress)
						This took about 1 seconds, peak mem usage: 425.98 Mb
[1753982827] -- 31/07/2025 13:27:10 * Finished (main,compress)
						This took about 3 seconds, peak mem usage: 425.98 Mb
[1753982857] -- 31/07/2025 13:27:41 * Finished (main,compress)
						This took about 4 seconds, peak mem usage: 601.61 Mb
[1753982902] -- 31/07/2025 13:28:26 * Finished (main,compress)
						This took about 4 seconds, peak mem usage: 632.09 Mb
[1753982960] -- 31/07/2025 13:29:24 * Finished (main,compress)
						This took about 4 seconds, peak mem usage: 632.09 Mb
[1753983030] -- 31/07/2025 13:30:34 * Finished (main,compress)
						This took about 4 seconds, peak mem usage: 632.09 Mb
[1753983113] -- 31/07/2025 13:31:58 * Finished (main,compress)
						This took about 5 seconds, peak mem usage: 632.09 Mb
[1753983210] -- 31/07/2025 13:33:35 * Finished (main,compress)
						This took about 5 seconds, peak mem usage: 632.09 Mb
[1753983321] -- 31/07/2025 13:35:27 * Finished (main,compress)
						This took about 6 seconds, peak mem usage: 632.09 Mb
[1753983447] -- 31/07/2025 13:37:34 * Finished (main,compress)
						This took about 7 seconds, peak mem usage: 632.09 Mb
[1753983588] -- 31/07/2025 13:39:56 * Finished (main,compress)
						This took about 8 seconds, peak mem usage: 632.09 Mb
[1753983745] -- 31/07/2025 13:42:33 * Finished (main,compress)
						This took about 8 seconds, peak mem usage: 632.09 Mb
[1753983917] -- 31/07/2025 13:45:25 * Finished (main,compress)
						This took about 8 seconds, peak mem usage: 632.09 Mb
[1753984107] -- 31/07/2025 13:48:36 * Finished (main,compress)
						This took about 9 seconds, peak mem usage: 632.09 Mb
[1753984315] -- 31/07/2025 13:52:03 * Finished (main,compress)
						This took about 8 seconds, peak mem usage: 632.09 Mb
[1753984541] -- 31/07/2025 13:55:51 * Finished (main,compress)
						This took about 10 seconds, peak mem usage: 632.09 Mb
[1753984790] -- 31/07/2025 13:59:59 * Finished (main,compress)
						This took about 9 seconds, peak mem usage: 632.09 Mb
[1753985060] -- 31/07/2025 14:04:30 * Finished (main,compress)
						This took about 10 seconds, peak mem usage: 632.26 Mb
[1753985354] -- 31/07/2025 14:09:25 * Finished (main,compress)
						This took about 11 seconds, peak mem usage: 632.27 Mb
[1753985673] -- 31/07/2025 14:14:45 * Finished (main,compress)
						This took about 12 seconds, peak mem usage: 632.27 Mb
[1753986007] -- 31/07/2025 14:20:20 * Finished (main,compress)
						This took about 13 seconds, peak mem usage: 632.27 Mb
[1753986368] -- 31/07/2025 14:26:22 * Finished (main,compress)
						This took about 14 seconds, peak mem usage: 632.28 Mb
[1753986748] -- 31/07/2025 14:32:43 * Finished (main,compress)
						This took about 15 seconds, peak mem usage: 632.27 Mb
[1753987156] -- 31/07/2025 14:39:32 * Finished (main,compress)
						This took about 16 seconds, peak mem usage: 632.27 Mb
[1753987590] -- 31/07/2025 14:46:45 * Finished (main,compress)
						This took about 15 seconds, peak mem usage: 632.27 Mb
[1753988576] -- 31/07/2025 15:02:56 * Finished (main,compress)
						This took about 0 seconds, peak mem usage: 8.30 Mb
[1753988577] -- 31/07/2025 15:02:57 * Finished (main,compress)
						This took about 0 seconds, peak mem usage: 8.30 Mb
[1753988578] -- 31/07/2025 15:02:58 * Finished (main,compress)
						This took about 0 seconds, peak mem usage: 8.30 Mb
[1753988578] -- 31/07/2025 15:02:58 * Finished (main,compress)
						This took about 0 seconds, peak mem usage: 8.30 Mb
[1753988579] -- 31/07/2025 15:02:59 * Finished (main,compress)
						This took about 0 seconds, peak mem usage: 8.30 Mb
[1753988579] -- 31/07/2025 15:02:59 * Finished (main,compress)
						This took about 0 seconds, peak mem usage: 8.30 Mb
[1753988580] -- 31/07/2025 15:03:00 * Finished (main,compress)
						This took about 0 seconds, peak mem usage: 8.30 Mb
[1753988580] -- 31/07/2025 15:03:00 * Finished (main,compress)
						This took about 0 seconds, peak mem usage: 8.30 Mb
[1753988581] -- 31/07/2025 15:03:01 * Finished (main,compress)
						This took about 0 seconds, peak mem usage: 8.30 Mb
[1753988582] -- 31/07/2025 15:03:02 * Finished (main,compress)
						This took about 0 seconds, peak mem usage: 8.30 Mb
[1753988582] -- 31/07/2025 15:03:02 * Finished (main,compress)
						This took about 0 seconds, peak mem usage: 8.30 Mb
[1753988583] -- 31/07/2025 15:03:03 * Finished (main,compress)
						This took about 0 seconds, peak mem usage: 8.30 Mb
[1753988584] -- 31/07/2025 15:03:04 * Finished (main,compress)
						This took about 0 seconds, peak mem usage: 8.30 Mb
[1753988584] -- 31/07/2025 15:03:05 * Finished (main,compress)
						This took about 1 seconds, peak mem usage: 8.30 Mb
[1753988585] -- 31/07/2025 15:03:05 * Finished (main,compress)
						This took about 0 seconds, peak mem usage: 8.30 Mb
[1753988586] -- 31/07/2025 15:03:06 * Finished (main,compress)
						This took about 0 seconds, peak mem usage: 8.30 Mb
[1753988587] -- 31/07/2025 15:03:07 * Finished (main,compress)
						This took about 0 seconds, peak mem usage: 8.30 Mb
[1753988587] -- 31/07/2025 15:03:07 * Finished (main,compress)
						This took about 0 seconds, peak mem usage: 8.30 Mb
[1753988588] -- 31/07/2025 15:03:08 * Finished (main,compress)
						This took about 0 seconds, peak mem usage: 8.30 Mb
[1753988589] -- 31/07/2025 15:03:09 * Finished (main,compress)
						This took about 0 seconds, peak mem usage: 8.30 Mb
[1753988590] -- 31/07/2025 15:03:10 * Finished (main,compress)
						This took about 0 seconds, peak mem usage: 8.30 Mb
[1753988590] -- 31/07/2025 15:03:10 * Finished (main,compress)
						This took about 0 seconds, peak mem usage: 8.30 Mb
[1753988591] -- 31/07/2025 15:03:11 * Finished (main,compress)
						This took about 0 seconds, peak mem usage: 8.30 Mb
[1753988592] -- 31/07/2025 15:03:12 * Finished (main,compress)
						This took about 0 seconds, peak mem usage: 8.30 Mb
[1753988593] -- 31/07/2025 15:03:13 * Finished (main,compress)
						This took about 0 seconds, peak mem usage: 8.30 Mb
[1753988595] -- 31/07/2025 15:03:15 * Finished (main,compress)
						This took about 0 seconds, peak mem usage: 11.02 Mb
[1753988596] -- 31/07/2025 15:03:16 * Finished (main,compress)
						This took about 0 seconds, peak mem usage: 11.01 Mb
[1753988597] -- 31/07/2025 15:03:17 * Finished (main,compress)
						This took about 0 seconds, peak mem usage: 11.02 Mb
[1753988600] -- 31/07/2025 15:03:20 * Finished (main,compress)
						This took about 0 seconds, peak mem usage: 10.87 Mb
[1753988602] -- 31/07/2025 15:03:22 * Finished (main,compress)
						This took about 0 seconds, peak mem usage: 11.02 Mb
[1753988606] -- 31/07/2025 15:03:26 * Finished (main,compress)
						This took about 0 seconds, peak mem usage: 11.02 Mb
[1753988611] -- 31/07/2025 15:03:31 * Finished (main,compress)
						This took about 0 seconds, peak mem usage: 10.87 Mb
[1753988616] -- 31/07/2025 15:03:36 * Finished (main,compress)
						This took about 0 seconds, peak mem usage: 11.02 Mb
[1753988621] -- 31/07/2025 15:03:41 * Finished (main,compress)
						This took about 0 seconds, peak mem usage: 11.02 Mb
[1753988629] -- 31/07/2025 15:03:49 * Finished (main,compress)
						This took about 0 seconds, peak mem usage: 10.87 Mb
[1753988637] -- 31/07/2025 15:03:57 * Finished (main,compress)
						This took about 0 seconds, peak mem usage: 10.87 Mb
[1753988646] -- 31/07/2025 15:04:06 * Finished (main,compress)
						This took about 0 seconds, peak mem usage: 11.02 Mb
[1753988656] -- 31/07/2025 15:04:16 * Finished (main,compress)
						This took about 0 seconds, peak mem usage: 10.88 Mb
[1753988667] -- 31/07/2025 15:04:27 * Finished (main,compress)
						This took about 0 seconds, peak mem usage: 10.88 Mb
[1753988680] -- 31/07/2025 15:04:40 * Finished (main,compress)
						This took about 0 seconds, peak mem usage: 11.02 Mb
[1753988692] -- 31/07/2025 15:04:52 * Finished (main,compress)
						This took about 0 seconds, peak mem usage: 11.02 Mb
[1753988705] -- 31/07/2025 15:05:06 * Finished (main,compress)
						This took about 1 seconds, peak mem usage: 10.87 Mb
[1753988723] -- 31/07/2025 15:05:23 * Finished (main,compress)
						This took about 0 seconds, peak mem usage: 10.88 Mb
[1753988742] -- 31/07/2025 15:05:42 * Finished (main,compress)
						This took about 0 seconds, peak mem usage: 11.02 Mb
[1753988759] -- 31/07/2025 15:05:59 * Finished (main,compress)
						This took about 0 seconds, peak mem usage: 10.87 Mb
[1753988776] -- 31/07/2025 15:06:16 * Finished (main,compress)
						This took about 0 seconds, peak mem usage: 10.87 Mb
[1753988817] -- 31/07/2025 15:06:58 * Finished (main,compress)
						This took about 1 seconds, peak mem usage: 10.87 Mb
[1753988844] -- 31/07/2025 15:07:24 * Finished (main,compress)
						This took about 0 seconds, peak mem usage: 10.87 Mb
[1753988892] -- 31/07/2025 15:08:12 * Finished (main,compress)
						This took about 0 seconds, peak mem usage: 10.87 Mb
[1753988942] -- 31/07/2025 15:09:02 * Finished (main,compress)
						This took about 0 seconds, peak mem usage: 10.88 Mb
[1753988992] -- 31/07/2025 15:09:52 * Finished (main,compress)
						This took about 0 seconds, peak mem usage: 12.78 Mb
[1753988994] -- 31/07/2025 15:09:54 * Finished (main,compress)
						This took about 0 seconds, peak mem usage: 13.03 Mb
[1753988998] -- 31/07/2025 15:09:58 * Finished (main,compress)
						This took about 0 seconds, peak mem usage: 13.03 Mb
[1753989002] -- 31/07/2025 15:10:02 * Finished (main,compress)
						This took about 0 seconds, peak mem usage: 13.03 Mb
[1753989008] -- 31/07/2025 15:10:08 * Finished (main,compress)
						This took about 0 seconds, peak mem usage: 13.03 Mb
[1753989015] -- 31/07/2025 15:10:15 * Finished (main,compress)
						This took about 0 seconds, peak mem usage: 13.03 Mb
[1753989023] -- 31/07/2025 15:10:23 * Finished (main,compress)
						This took about 0 seconds, peak mem usage: 13.03 Mb
[1753989033] -- 31/07/2025 15:10:33 * Finished (main,compress)
						This took about 0 seconds, peak mem usage: 13.03 Mb
[1753989044] -- 31/07/2025 15:10:44 * Finished (main,compress)
						This took about 0 seconds, peak mem usage: 13.03 Mb
[1753989056] -- 31/07/2025 15:10:56 * Finished (main,compress)
						This took about 0 seconds, peak mem usage: 13.03 Mb
[1753989069] -- 31/07/2025 15:11:10 * Finished (main,compress)
						This took about 1 seconds, peak mem usage: 13.03 Mb
[1753989084] -- 31/07/2025 15:11:24 * Finished (main,compress)
						This took about 0 seconds, peak mem usage: 13.03 Mb
[1753989101] -- 31/07/2025 15:11:41 * Finished (main,compress)
						This took about 0 seconds, peak mem usage: 13.03 Mb
[1753989118] -- 31/07/2025 15:11:58 * Finished (main,compress)
						This took about 0 seconds, peak mem usage: 13.03 Mb
[1753989138] -- 31/07/2025 15:12:18 * Finished (main,compress)
						This took about 0 seconds, peak mem usage: 13.03 Mb
[1753989159] -- 31/07/2025 15:12:39 * Finished (main,compress)
						This took about 0 seconds, peak mem usage: 13.03 Mb
[1753989184] -- 31/07/2025 15:13:04 * Finished (main,compress)
						This took about 0 seconds, peak mem usage: 13.03 Mb
[1753989210] -- 31/07/2025 15:13:30 * Finished (main,compress)
						This took about 0 seconds, peak mem usage: 13.03 Mb
[1753989234] -- 31/07/2025 15:13:55 * Finished (main,compress)
						This took about 1 seconds, peak mem usage: 12.91 Mb
[1753989264] -- 31/07/2025 15:14:24 * Finished (main,compress)
						This took about 0 seconds, peak mem usage: 12.91 Mb
[1753989297] -- 31/07/2025 15:14:57 * Finished (main,compress)
						This took about 0 seconds, peak mem usage: 12.91 Mb
[1753989328] -- 31/07/2025 15:15:28 * Finished (main,compress)
						This took about 0 seconds, peak mem usage: 12.91 Mb
[1753989359] -- 31/07/2025 15:15:59 * Finished (main,compress)
						This took about 0 seconds, peak mem usage: 12.91 Mb
[1753989403] -- 31/07/2025 15:16:43 * Finished (main,compress)
						This took about 0 seconds, peak mem usage: 12.91 Mb
[1753989451] -- 31/07/2025 15:17:31 * Finished (main,compress)
						This took about 0 seconds, peak mem usage: 12.91 Mb
[1753989504] -- 31/07/2025 15:18:24 * Finished (main,compress)
						This took about 0 seconds, peak mem usage: 33.66 Mb
[1753989510] -- 31/07/2025 15:18:30 * Finished (main,compress)
						This took about 0 seconds, peak mem usage: 35.89 Mb
[1753989518] -- 31/07/2025 15:18:38 * Finished (main,compress)
						This took about 0 seconds, peak mem usage: 35.89 Mb
[1753989527] -- 31/07/2025 15:18:48 * Finished (main,compress)
						This took about 1 seconds, peak mem usage: 35.89 Mb
[1753989537] -- 31/07/2025 15:18:57 * Finished (main,compress)
						This took about 0 seconds, peak mem usage: 35.89 Mb
[1753989552] -- 31/07/2025 15:19:12 * Finished (main,compress)
						This took about 0 seconds, peak mem usage: 35.89 Mb
[1753989572] -- 31/07/2025 15:19:32 * Finished (main,compress)
						This took about 0 seconds, peak mem usage: 35.89 Mb
[1753989595] -- 31/07/2025 15:19:55 * Finished (main,compress)
						This took about 0 seconds, peak mem usage: 35.89 Mb
[1753989619] -- 31/07/2025 15:20:19 * Finished (main,compress)
						This took about 0 seconds, peak mem usage: 35.89 Mb
[1753989644] -- 31/07/2025 15:20:44 * Finished (main,compress)
						This took about 0 seconds, peak mem usage: 35.89 Mb
[1753989671] -- 31/07/2025 15:21:11 * Finished (main,compress)
						This took about 0 seconds, peak mem usage: 35.89 Mb
[1753989701] -- 31/07/2025 15:21:42 * Finished (main,compress)
						This took about 1 seconds, peak mem usage: 38.13 Mb
[1753989734] -- 31/07/2025 15:22:14 * Finished (main,compress)
						This took about 0 seconds, peak mem usage: 38.13 Mb
[1753989768] -- 31/07/2025 15:22:48 * Finished (main,compress)
						This took about 0 seconds, peak mem usage: 38.13 Mb
[1753989803] -- 31/07/2025 15:23:23 * Finished (main,compress)
						This took about 0 seconds, peak mem usage: 38.13 Mb
[1753989839] -- 31/07/2025 15:23:59 * Finished (main,compress)
						This took about 0 seconds, peak mem usage: 38.13 Mb
[1753989876] -- 31/07/2025 15:24:36 * Finished (main,compress)
						This took about 0 seconds, peak mem usage: 38.13 Mb
[1753989913] -- 31/07/2025 15:25:13 * Finished (main,compress)
						This took about 0 seconds, peak mem usage: 38.13 Mb
[1753989955] -- 31/07/2025 15:25:56 * Finished (main,compress)
						This took about 1 seconds, peak mem usage: 38.13 Mb
[1753990002] -- 31/07/2025 15:26:42 * Finished (main,compress)
						This took about 0 seconds, peak mem usage: 38.13 Mb
[1753990049] -- 31/07/2025 15:27:29 * Finished (main,compress)
						This took about 0 seconds, peak mem usage: 38.13 Mb
[1753990098] -- 31/07/2025 15:28:18 * Finished (main,compress)
						This took about 0 seconds, peak mem usage: 38.13 Mb
[1753990148] -- 31/07/2025 15:29:08 * Finished (main,compress)
						This took about 0 seconds, peak mem usage: 38.13 Mb
[1753990199] -- 31/07/2025 15:29:59 * Finished (main,compress)
						This took about 0 seconds, peak mem usage: 38.13 Mb
[1753990251] -- 31/07/2025 15:30:51 * Finished (main,compress)
						This took about 0 seconds, peak mem usage: 38.13 Mb
[1753990304] -- 31/07/2025 15:31:45 * Finished (main,compress)
						This took about 1 seconds, peak mem usage: 18.37 Mb
[1753990306] -- 31/07/2025 15:31:47 * Finished (main,compress)
						This took about 1 seconds, peak mem usage: 19.52 Mb
[1753990308] -- 31/07/2025 15:31:50 * Finished (main,compress)
						This took about 2 seconds, peak mem usage: 20.67 Mb
[1753990312] -- 31/07/2025 15:31:55 * Finished (main,compress)
						This took about 3 seconds, peak mem usage: 18.75 Mb
[1753990317] -- 31/07/2025 15:32:00 * Finished (main,compress)
						This took about 3 seconds, peak mem usage: 32.94 Mb
[1753990324] -- 31/07/2025 15:32:08 * Finished (main,compress)
						This took about 4 seconds, peak mem usage: 32.94 Mb
[1753990333] -- 31/07/2025 15:32:19 * Finished (main,compress)
						This took about 6 seconds, peak mem usage: 32.94 Mb
[1753990345] -- 31/07/2025 15:32:31 * Finished (main,compress)
						This took about 6 seconds, peak mem usage: 32.94 Mb
[1753990358] -- 31/07/2025 15:32:48 * Finished (main,compress)
						This took about 10 seconds, peak mem usage: 32.94 Mb
[1753990376] -- 31/07/2025 15:33:07 * Finished (main,compress)
						This took about 11 seconds, peak mem usage: 32.94 Mb
[1753990397] -- 31/07/2025 15:33:32 * Finished (main,compress)
						This took about 15 seconds, peak mem usage: 33.07 Mb
[1753990424] -- 31/07/2025 15:34:00 * Finished (main,compress)
						This took about 16 seconds, peak mem usage: 33.07 Mb
[1753990452] -- 31/07/2025 15:34:29 * Finished (main,compress)
						This took about 17 seconds, peak mem usage: 33.07 Mb
[1753990484] -- 31/07/2025 15:35:05 * Finished (main,compress)
						This took about 21 seconds, peak mem usage: 33.07 Mb
[1753990521] -- 31/07/2025 15:35:46 * Finished (main,compress)
						This took about 25 seconds, peak mem usage: 33.07 Mb
[1753990565] -- 31/07/2025 15:36:31 * Finished (main,compress)
						This took about 26 seconds, peak mem usage: 33.07 Mb
[1753990613] -- 31/07/2025 15:37:22 * Finished (main,compress)
						This took about 29 seconds, peak mem usage: 33.07 Mb
[1753990668] -- 31/07/2025 15:38:19 * Finished (main,compress)
						This took about 31 seconds, peak mem usage: 33.07 Mb
[1753990731] -- 31/07/2025 15:39:23 * Finished (main,compress)
						This took about 32 seconds, peak mem usage: 33.07 Mb
[1753990793] -- 31/07/2025 15:40:29 * Finished (main,compress)
						This took about 36 seconds, peak mem usage: 33.07 Mb
[1753990857] -- 31/07/2025 15:41:37 * Finished (main,compress)
						This took about 40 seconds, peak mem usage: 33.07 Mb
[1753990943] -- 31/07/2025 15:43:06 * Finished (main,compress)
						This took about 43 seconds, peak mem usage: 33.07 Mb
[1753991029] -- 31/07/2025 15:44:34 * Finished (main,compress)
						This took about 45 seconds, peak mem usage: 33.07 Mb
[1753991120] -- 31/07/2025 15:46:07 * Finished (main,compress)
						This took about 47 seconds, peak mem usage: 33.07 Mb
[1753991218] -- 31/07/2025 15:47:45 * Finished (main,compress)
						This took about 47 seconds, peak mem usage: 33.07 Mb
[1753991327] -- 31/07/2025 15:48:47 * Finished (main,compress)
						This took about 0 seconds, peak mem usage: 12.45 Mb
[1753991329] -- 31/07/2025 15:48:49 * Finished (main,compress)
						This took about 0 seconds, peak mem usage: 13.19 Mb
[1753991332] -- 31/07/2025 15:48:52 * Finished (main,compress)
						This took about 0 seconds, peak mem usage: 13.19 Mb
[1753991336] -- 31/07/2025 15:48:57 * Finished (main,compress)
						This took about 1 seconds, peak mem usage: 13.19 Mb
[1753991342] -- 31/07/2025 15:49:02 * Finished (main,compress)
						This took about 0 seconds, peak mem usage: 13.19 Mb
[1753991350] -- 31/07/2025 15:49:10 * Finished (main,compress)
						This took about 0 seconds, peak mem usage: 13.19 Mb
[1753991359] -- 31/07/2025 15:49:19 * Finished (main,compress)
						This took about 0 seconds, peak mem usage: 13.19 Mb
[1753991369] -- 31/07/2025 15:49:29 * Finished (main,compress)
						This took about 0 seconds, peak mem usage: 13.19 Mb
[1753991382] -- 31/07/2025 15:49:42 * Finished (main,compress)
						This took about 0 seconds, peak mem usage: 13.19 Mb
[1753991396] -- 31/07/2025 15:49:56 * Finished (main,compress)
						This took about 0 seconds, peak mem usage: 13.19 Mb
[1753991411] -- 31/07/2025 15:50:11 * Finished (main,compress)
						This took about 0 seconds, peak mem usage: 13.19 Mb
[1753991428] -- 31/07/2025 15:50:28 * Finished (main,compress)
						This took about 0 seconds, peak mem usage: 13.19 Mb
[1753991446] -- 31/07/2025 15:50:46 * Finished (main,compress)
						This took about 0 seconds, peak mem usage: 13.19 Mb
[1753991467] -- 31/07/2025 15:51:07 * Finished (main,compress)
						This took about 0 seconds, peak mem usage: 13.93 Mb
[1753991487] -- 31/07/2025 15:51:27 * Finished (main,compress)
						This took about 0 seconds, peak mem usage: 13.93 Mb
[1753991507] -- 31/07/2025 15:51:47 * Finished (main,compress)
						This took about 0 seconds, peak mem usage: 13.93 Mb
[1753991528] -- 31/07/2025 15:52:08 * Finished (main,compress)
						This took about 0 seconds, peak mem usage: 13.93 Mb
[1753991550] -- 31/07/2025 15:52:30 * Finished (main,compress)
						This took about 0 seconds, peak mem usage: 13.93 Mb
[1753991574] -- 31/07/2025 15:52:54 * Finished (main,compress)
						This took about 0 seconds, peak mem usage: 13.93 Mb
[1753991601] -- 31/07/2025 15:53:21 * Finished (main,compress)
						This took about 0 seconds, peak mem usage: 13.93 Mb
[1753991626] -- 31/07/2025 15:53:46 * Finished (main,compress)
						This took about 0 seconds, peak mem usage: 15.05 Mb
[1753991653] -- 31/07/2025 15:54:14 * Finished (main,compress)
						This took about 1 seconds, peak mem usage: 15.05 Mb
[1753991682] -- 31/07/2025 15:54:42 * Finished (main,compress)
						This took about 0 seconds, peak mem usage: 15.05 Mb
[1753991711] -- 31/07/2025 15:55:12 * Finished (main,compress)
						This took about 1 seconds, peak mem usage: 20.62 Mb
[1753991742] -- 31/07/2025 15:55:42 * Finished (main,compress)
						This took about 0 seconds, peak mem usage: 20.62 Mb
[1753991778] -- 31/07/2025 15:56:20 * Finished (main,compress)
						This took about 2 seconds, peak mem usage: 496.23 Mb
[1753991801] -- 31/07/2025 15:56:44 * Finished (main,compress)
						This took about 3 seconds, peak mem usage: 510.64 Mb
[1753991839] -- 31/07/2025 15:57:24 * Finished (main,compress)
						This took about 5 seconds, peak mem usage: 510.64 Mb
[1753991896] -- 31/07/2025 15:58:21 * Finished (main,compress)
						This took about 5 seconds, peak mem usage: 532.26 Mb
[1753991968] -- 31/07/2025 15:59:36 * Finished (main,compress)
						This took about 8 seconds, peak mem usage: 532.26 Mb
[1753992060] -- 31/07/2025 16:01:09 * Finished (main,compress)
						This took about 9 seconds, peak mem usage: 532.26 Mb
[1753992172] -- 31/07/2025 16:03:01 * Finished (main,compress)
						This took about 9 seconds, peak mem usage: 532.26 Mb
[1753992299] -- 31/07/2025 16:05:08 * Finished (main,compress)
						This took about 9 seconds, peak mem usage: 532.26 Mb
[1753992444] -- 31/07/2025 16:07:35 * Finished (main,compress)
						This took about 11 seconds, peak mem usage: 532.26 Mb
[1753992611] -- 31/07/2025 16:10:21 * Finished (main,compress)
						This took about 10 seconds, peak mem usage: 532.26 Mb
[1753992799] -- 31/07/2025 16:13:32 * Finished (main,compress)
						This took about 13 seconds, peak mem usage: 532.26 Mb
[1753993014] -- 31/07/2025 16:17:07 * Finished (main,compress)
						This took about 13 seconds, peak mem usage: 532.26 Mb
[1753993257] -- 31/07/2025 16:21:12 * Finished (main,compress)
						This took about 15 seconds, peak mem usage: 532.26 Mb
[1753993525] -- 31/07/2025 16:25:41 * Finished (main,compress)
						This took about 16 seconds, peak mem usage: 532.26 Mb
[1753993812] -- 31/07/2025 16:30:28 * Finished (main,compress)
						This took about 16 seconds, peak mem usage: 532.26 Mb
[1753994124] -- 31/07/2025 16:35:40 * Finished (main,compress)
						This took about 16 seconds, peak mem usage: 539.68 Mb
[1753994465] -- 31/07/2025 16:41:23 * Finished (main,compress)
						This took about 18 seconds, peak mem usage: 539.68 Mb
[1753994826] -- 31/07/2025 16:47:23 * Finished (main,compress)
						This took about 17 seconds, peak mem usage: 539.68 Mb
[1753995210] -- 31/07/2025 16:53:48 * Finished (main,compress)
						This took about 18 seconds, peak mem usage: 539.48 Mb
[1753995624] -- 31/07/2025 17:00:43 * Finished (main,compress)
						This took about 19 seconds, peak mem usage: 539.48 Mb
[1753996058] -- 31/07/2025 17:07:57 * Finished (main,compress)
						This took about 19 seconds, peak mem usage: 539.68 Mb
[1753996518] -- 31/07/2025 17:15:38 * Finished (main,compress)
						This took about 20 seconds, peak mem usage: 539.68 Mb
[1753996998] -- 31/07/2025 17:23:38 * Finished (main,compress)
						This took about 20 seconds, peak mem usage: 539.48 Mb
[1753997489] -- 31/07/2025 17:31:51 * Finished (main,compress)
						This took about 22 seconds, peak mem usage: 539.68 Mb
[1753998028] -- 31/07/2025 17:40:50 * Finished (main,compress)
						This took about 22 seconds, peak mem usage: 553.89 Mb
[1753998568] -- 31/07/2025 17:49:31 * Finished (main,compress)
						This took about 3 seconds, peak mem usage: 228.88 Mb
[1753998588] -- 31/07/2025 17:49:53 * Finished (main,compress)
						This took about 5 seconds, peak mem usage: 238.88 Mb
[1753998624] -- 31/07/2025 17:50:28 * Finished (main,compress)
						This took about 4 seconds, peak mem usage: 238.88 Mb
[1753998673] -- 31/07/2025 17:51:19 * Finished (main,compress)
						This took about 6 seconds, peak mem usage: 248.89 Mb
[1753998741] -- 31/07/2025 17:52:28 * Finished (main,compress)
						This took about 7 seconds, peak mem usage: 248.89 Mb
[1753998831] -- 31/07/2025 17:54:00 * Finished (main,compress)
						This took about 9 seconds, peak mem usage: 248.89 Mb
[1753998955] -- 31/07/2025 17:56:06 * Finished (main,compress)
						This took about 11 seconds, peak mem usage: 248.89 Mb
[1753999125] -- 31/07/2025 17:58:55 * Finished (main,compress)
						This took about 10 seconds, peak mem usage: 248.89 Mb
[1753999379] -- 31/07/2025 18:03:12 * Finished (main,compress)
						This took about 13 seconds, peak mem usage: 248.89 Mb
[1753999800] -- 31/07/2025 18:10:11 * Finished (main,compress)
						This took about 11 seconds, peak mem usage: 259.02 Mb
[1754000200] -- 31/07/2025 18:16:53 * Finished (main,compress)
						This took about 13 seconds, peak mem usage: 259.02 Mb
[1754000768] -- 31/07/2025 18:26:21 * Finished (main,compress)
						This took about 13 seconds, peak mem usage: 259.02 Mb
[1754001353] -- 31/07/2025 18:36:06 * Finished (main,compress)
						This took about 13 seconds, peak mem usage: 259.02 Mb
[1754001678] -- 31/07/2025 18:41:33 * Finished (main,compress)
						This took about 15 seconds, peak mem usage: 259.02 Mb
[1754002525] -- 31/07/2025 18:55:41 * Finished (main,compress)
						This took about 16 seconds, peak mem usage: 259.02 Mb
[1754002918] -- 31/07/2025 19:02:16 * Finished (main,compress)
						This took about 18 seconds, peak mem usage: 259.02 Mb
[1754003757] -- 31/07/2025 19:16:16 * Finished (main,compress)
						This took about 19 seconds, peak mem usage: 259.02 Mb
[1754004206] -- 31/07/2025 19:23:43 * Finished (main,compress)
						This took about 17 seconds, peak mem usage: 259.02 Mb
[1754005189] -- 31/07/2025 19:40:08 * Finished (main,compress)
						This took about 19 seconds, peak mem usage: 259.02 Mb
[1754006349] -- 31/07/2025 19:59:31 * Finished (main,compress)
						This took about 22 seconds, peak mem usage: 259.02 Mb
[1754007726] -- 31/07/2025 20:22:27 * Finished (main,compress)
						This took about 21 seconds, peak mem usage: 269.03 Mb
[1754009030] -- 31/07/2025 20:44:11 * Finished (main,compress)
						This took about 21 seconds, peak mem usage: 269.03 Mb
[1754009743] -- 31/07/2025 20:56:04 * Finished (main,compress)
						This took about 21 seconds, peak mem usage: 269.03 Mb
[1754011307] -- 31/07/2025 21:22:07 * Finished (main,compress)
						This took about 20 seconds, peak mem usage: 269.03 Mb
[1754013312] -- 31/07/2025 21:55:32 * Finished (main,compress)
						This took about 20 seconds, peak mem usage: 269.03 Mb
[1754015598] -- 31/07/2025 22:33:23 * Finished (main,compress)
						This took about 5 seconds, peak mem usage: 265.06 Mb
[1754015631] -- 31/07/2025 22:34:01 * Finished (main,compress)
						This took about 10 seconds, peak mem usage: 265.06 Mb
[1754015683] -- 31/07/2025 22:35:00 * Finished (main,compress)
						This took about 17 seconds, peak mem usage: 265.06 Mb
[1754015761] -- 31/07/2025 22:36:23 * Finished (main,compress)
						This took about 22 seconds, peak mem usage: 265.06 Mb
[1754015856] -- 31/07/2025 22:38:05 * Finished (main,compress)
						This took about 29 seconds, peak mem usage: 265.06 Mb
[1754015978] -- 31/07/2025 22:40:17 * Finished (main,compress)
						This took about 39 seconds, peak mem usage: 265.06 Mb
[1754016124] -- 31/07/2025 22:42:56 * Finished (main,compress)
						This took about 52 seconds, peak mem usage: 265.06 Mb
[1754016303] -- 31/07/2025 22:45:55 * Finished (main,compress)
						This took about 52 seconds, peak mem usage: 265.06 Mb
[1754016496] -- 31/07/2025 22:49:22 * Finished (main,compress)
						This took about 66 seconds, peak mem usage: 270.99 Mb
[1754016721] -- 31/07/2025 22:53:11 * Finished (main,compress)
						This took about 70 seconds, peak mem usage: 276.92 Mb
[1754016971] -- 31/07/2025 22:57:31 * Finished (main,compress)
						This took about 80 seconds, peak mem usage: 265.06 Mb
[1754017248] -- 31/07/2025 23:02:16 * Finished (main,compress)
						This took about 88 seconds, peak mem usage: 265.06 Mb
[1754017553] -- 31/07/2025 23:07:25 * Finished (main,compress)
						This took about 92 seconds, peak mem usage: 265.06 Mb
[1754017878] -- 31/07/2025 23:13:03 * Finished (main,compress)
						This took about 105 seconds, peak mem usage: 265.06 Mb
[1754018237] -- 31/07/2025 23:19:04 * Finished (main,compress)
						This took about 107 seconds, peak mem usage: 265.06 Mb
[1754018620] -- 31/07/2025 23:25:34 * Finished (main,compress)
						This took about 114 seconds, peak mem usage: 265.06 Mb
[1754019031] -- 31/07/2025 23:32:28 * Finished (main,compress)
						This took about 117 seconds, peak mem usage: 265.06 Mb
[1754019462] -- 31/07/2025 23:39:40 * Finished (main,compress)
						This took about 118 seconds, peak mem usage: 265.06 Mb
[1754019912] -- 31/07/2025 23:47:17 * Finished (main,compress)
						This took about 125 seconds, peak mem usage: 265.06 Mb
[1754020393] -- 31/07/2025 23:55:23 * Finished (main,compress)
						This took about 130 seconds, peak mem usage: 265.06 Mb
[1754020913] -- 01/08/2025 00:04:09 * Finished (main,compress)
						This took about 136 seconds, peak mem usage: 265.06 Mb
[1754021450] -- 01/08/2025 00:13:13 * Finished (main,compress)
						This took about 143 seconds, peak mem usage: 265.06 Mb
[1754022018] -- 01/08/2025 00:22:51 * Finished (main,compress)
						This took about 153 seconds, peak mem usage: 265.06 Mb
[1754022607] -- 01/08/2025 00:32:42 * Finished (main,compress)
						This took about 155 seconds, peak mem usage: 265.06 Mb
[1754023222] -- 01/08/2025 00:43:01 * Finished (main,compress)
						This took about 159 seconds, peak mem usage: 265.06 Mb
[1754023820] -- 01/08/2025 00:50:20 * Finished (main,compress)
						This took about 0 seconds, peak mem usage: 70.25 Mb
[1754023848] -- 01/08/2025 00:50:49 * Finished (main,compress)
						This took about 1 seconds, peak mem usage: 70.25 Mb
[1754023899] -- 01/08/2025 00:51:41 * Finished (main,compress)
						This took about 2 seconds, peak mem usage: 70.25 Mb
[1754023974] -- 01/08/2025 00:52:56 * Finished (main,compress)
						This took about 2 seconds, peak mem usage: 70.25 Mb
[1754024072] -- 01/08/2025 00:54:35 * Finished (main,compress)
						This took about 3 seconds, peak mem usage: 74.35 Mb
[1754024194] -- 01/08/2025 00:56:39 * Finished (main,compress)
						This took about 5 seconds, peak mem usage: 74.35 Mb
[1754024345] -- 01/08/2025 00:59:09 * Finished (main,compress)
						This took about 4 seconds, peak mem usage: 82.54 Mb
[1754024525] -- 01/08/2025 01:02:09 * Finished (main,compress)
						This took about 4 seconds, peak mem usage: 82.54 Mb
[1754024737] -- 01/08/2025 01:05:43 * Finished (main,compress)
						This took about 6 seconds, peak mem usage: 82.54 Mb
[1754024987] -- 01/08/2025 01:09:54 * Finished (main,compress)
						This took about 7 seconds, peak mem usage: 82.54 Mb
[1754025276] -- 01/08/2025 01:14:44 * Finished (main,compress)
						This took about 8 seconds, peak mem usage: 82.54 Mb
[1754025608] -- 01/08/2025 01:20:19 * Finished (main,compress)
						This took about 11 seconds, peak mem usage: 82.54 Mb
[1754025990] -- 01/08/2025 01:26:42 * Finished (main,compress)
						This took about 12 seconds, peak mem usage: 86.64 Mb
[1754026396] -- 01/08/2025 01:33:29 * Finished (main,compress)
						This took about 13 seconds, peak mem usage: 82.54 Mb
[1754026853] -- 01/08/2025 01:41:06 * Finished (main,compress)
						This took about 13 seconds, peak mem usage: 82.54 Mb
[1754027360] -- 01/08/2025 01:49:35 * Finished (main,compress)
						This took about 15 seconds, peak mem usage: 82.54 Mb
[1754028492] -- 01/08/2025 02:08:27 * Finished (main,compress)
						This took about 15 seconds, peak mem usage: 82.54 Mb
[1754029638] -- 01/08/2025 02:27:33 * Finished (main,compress)
						This took about 15 seconds, peak mem usage: 82.54 Mb
[1754030906] -- 01/08/2025 02:48:42 * Finished (main,compress)
						This took about 16 seconds, peak mem usage: 82.54 Mb
[1754032652] -- 01/08/2025 03:17:50 * Finished (main,compress)
						This took about 18 seconds, peak mem usage: 82.54 Mb
[1754035351] -- 01/08/2025 04:02:50 * Finished (main,compress)
						This took about 19 seconds, peak mem usage: 82.54 Mb
[1754036743] -- 01/08/2025 04:26:02 * Finished (main,compress)
						This took about 19 seconds, peak mem usage: 82.54 Mb
[1754039255] -- 01/08/2025 05:07:56 * Finished (main,compress)
						This took about 21 seconds, peak mem usage: 82.54 Mb
[1754042569] -- 01/08/2025 06:03:09 * Finished (main,compress)
						This took about 20 seconds, peak mem usage: 82.54 Mb
[1754045155] -- 01/08/2025 06:46:17 * Finished (main,compress)
						This took about 22 seconds, peak mem usage: 82.54 Mb
[1754050007] -- 01/08/2025 08:06:49 * Finished (main,compress)
						This took about 2 seconds, peak mem usage: 425.98 Mb
[1754050025] -- 01/08/2025 08:07:09 * Finished (main,compress)
						This took about 4 seconds, peak mem usage: 533.03 Mb
[1754050061] -- 01/08/2025 08:07:45 * Finished (main,compress)
						This took about 4 seconds, peak mem usage: 533.03 Mb
[1754050110] -- 01/08/2025 08:08:34 * Finished (main,compress)
						This took about 4 seconds, peak mem usage: 533.03 Mb
[1754050174] -- 01/08/2025 08:09:39 * Finished (main,compress)
						This took about 5 seconds, peak mem usage: 533.03 Mb
[1754050255] -- 01/08/2025 08:11:01 * Finished (main,compress)
						This took about 6 seconds, peak mem usage: 533.03 Mb
[1754050352] -- 01/08/2025 08:12:40 * Finished (main,compress)
						This took about 8 seconds, peak mem usage: 571.16 Mb
[1754050468] -- 01/08/2025 08:14:36 * Finished (main,compress)
						This took about 8 seconds, peak mem usage: 571.16 Mb
[1754050599] -- 01/08/2025 08:16:48 * Finished (main,compress)
						This took about 9 seconds, peak mem usage: 571.16 Mb
[1754050749] -- 01/08/2025 08:19:20 * Finished (main,compress)
						This took about 11 seconds, peak mem usage: 571.16 Mb
[1754050930] -- 01/08/2025 08:22:21 * Finished (main,compress)
						This took about 11 seconds, peak mem usage: 617.03 Mb
[1754051127] -- 01/08/2025 08:25:40 * Finished (main,compress)
						This took about 13 seconds, peak mem usage: 617.03 Mb
[1754051355] -- 01/08/2025 08:29:26 * Finished (main,compress)
						This took about 11 seconds, peak mem usage: 617.03 Mb
[1754051604] -- 01/08/2025 08:33:36 * Finished (main,compress)
						This took about 12 seconds, peak mem usage: 617.03 Mb
[1754051891] -- 01/08/2025 08:38:24 * Finished (main,compress)
						This took about 13 seconds, peak mem usage: 617.03 Mb
[1754052204] -- 01/08/2025 08:43:38 * Finished (main,compress)
						This took about 14 seconds, peak mem usage: 617.03 Mb
[1754052522] -- 01/08/2025 08:48:57 * Finished (main,compress)
						This took about 15 seconds, peak mem usage: 617.03 Mb
[1754052871] -- 01/08/2025 08:54:46 * Finished (main,compress)
						This took about 15 seconds, peak mem usage: 617.03 Mb
[1754053220] -- 01/08/2025 09:00:35 * Finished (main,compress)
						This took about 15 seconds, peak mem usage: 617.03 Mb
[1754053629] -- 01/08/2025 09:07:26 * Finished (main,compress)
						This took about 17 seconds, peak mem usage: 617.03 Mb
[1754054070] -- 01/08/2025 09:14:46 * Finished (main,compress)
						This took about 16 seconds, peak mem usage: 617.03 Mb
[1754054498] -- 01/08/2025 09:21:55 * Finished (main,compress)
						This took about 17 seconds, peak mem usage: 617.03 Mb
[1754054993] -- 01/08/2025 09:30:12 * Finished (main,compress)
						This took about 19 seconds, peak mem usage: 617.03 Mb
[1754055502] -- 01/08/2025 09:38:42 * Finished (main,compress)
						This took about 20 seconds, peak mem usage: 617.03 Mb
[1754056071] -- 01/08/2025 09:48:11 * Finished (main,compress)
						This took about 20 seconds, peak mem usage: 617.03 Mb
[1754058059] -- 01/08/2025 10:20:59 * Finished (main,compress)
						This took about 0 seconds, peak mem usage: 8.30 Mb
[1754058060] -- 01/08/2025 10:21:00 * Finished (main,compress)
						This took about 0 seconds, peak mem usage: 8.30 Mb
[1754058060] -- 01/08/2025 10:21:00 * Finished (main,compress)
						This took about 0 seconds, peak mem usage: 8.30 Mb
[1754058061] -- 01/08/2025 10:21:01 * Finished (main,compress)
						This took about 0 seconds, peak mem usage: 8.30 Mb
[1754058061] -- 01/08/2025 10:21:01 * Finished (main,compress)
						This took about 0 seconds, peak mem usage: 8.30 Mb
[1754058061] -- 01/08/2025 10:21:01 * Finished (main,compress)
						This took about 0 seconds, peak mem usage: 8.30 Mb
[1754058062] -- 01/08/2025 10:21:02 * Finished (main,compress)
						This took about 0 seconds, peak mem usage: 8.30 Mb
[1754058062] -- 01/08/2025 10:21:02 * Finished (main,compress)
						This took about 0 seconds, peak mem usage: 8.30 Mb
[1754058063] -- 01/08/2025 10:21:03 * Finished (main,compress)
						This took about 0 seconds, peak mem usage: 8.30 Mb
[1754058063] -- 01/08/2025 10:21:03 * Finished (main,compress)
						This took about 0 seconds, peak mem usage: 8.30 Mb
[1754058063] -- 01/08/2025 10:21:03 * Finished (main,compress)
						This took about 0 seconds, peak mem usage: 8.30 Mb
[1754058064] -- 01/08/2025 10:21:04 * Finished (main,compress)
						This took about 0 seconds, peak mem usage: 8.30 Mb
[1754058064] -- 01/08/2025 10:21:04 * Finished (main,compress)
						This took about 0 seconds, peak mem usage: 8.30 Mb
[1754058065] -- 01/08/2025 10:21:05 * Finished (main,compress)
						This took about 0 seconds, peak mem usage: 8.30 Mb
[1754058065] -- 01/08/2025 10:21:05 * Finished (main,compress)
						This took about 0 seconds, peak mem usage: 8.30 Mb
[1754058066] -- 01/08/2025 10:21:06 * Finished (main,compress)
						This took about 0 seconds, peak mem usage: 8.30 Mb
[1754058067] -- 01/08/2025 10:21:07 * Finished (main,compress)
						This took about 0 seconds, peak mem usage: 8.30 Mb
[1754058067] -- 01/08/2025 10:21:07 * Finished (main,compress)
						This took about 0 seconds, peak mem usage: 8.30 Mb
[1754058068] -- 01/08/2025 10:21:08 * Finished (main,compress)
						This took about 0 seconds, peak mem usage: 8.30 Mb
[1754058069] -- 01/08/2025 10:21:09 * Finished (main,compress)
						This took about 0 seconds, peak mem usage: 8.30 Mb
[1754058069] -- 01/08/2025 10:21:09 * Finished (main,compress)
						This took about 0 seconds, peak mem usage: 8.30 Mb
[1754058070] -- 01/08/2025 10:21:10 * Finished (main,compress)
						This took about 0 seconds, peak mem usage: 8.30 Mb
[1754058071] -- 01/08/2025 10:21:11 * Finished (main,compress)
						This took about 0 seconds, peak mem usage: 8.30 Mb
[1754058071] -- 01/08/2025 10:21:11 * Finished (main,compress)
						This took about 0 seconds, peak mem usage: 8.30 Mb
[1754058072] -- 01/08/2025 10:21:12 * Finished (main,compress)
						This took about 0 seconds, peak mem usage: 8.30 Mb
[1754058074] -- 01/08/2025 10:21:14 * Finished (main,compress)
						This took about 0 seconds, peak mem usage: 11.02 Mb
[1754058075] -- 01/08/2025 10:21:15 * Finished (main,compress)
						This took about 0 seconds, peak mem usage: 11.01 Mb
[1754058075] -- 01/08/2025 10:21:15 * Finished (main,compress)
						This took about 0 seconds, peak mem usage: 11.02 Mb
[1754058076] -- 01/08/2025 10:21:17 * Finished (main,compress)
						This took about 1 seconds, peak mem usage: 10.87 Mb
[1754058078] -- 01/08/2025 10:21:18 * Finished (main,compress)
						This took about 0 seconds, peak mem usage: 11.02 Mb
[1754058079] -- 01/08/2025 10:21:19 * Finished (main,compress)
						This took about 0 seconds, peak mem usage: 11.02 Mb
[1754058080] -- 01/08/2025 10:21:21 * Finished (main,compress)
						This took about 1 seconds, peak mem usage: 10.87 Mb
[1754058082] -- 01/08/2025 10:21:22 * Finished (main,compress)
						This took about 0 seconds, peak mem usage: 11.02 Mb
[1754058084] -- 01/08/2025 10:21:24 * Finished (main,compress)
						This took about 0 seconds, peak mem usage: 11.02 Mb
[1754058086] -- 01/08/2025 10:21:26 * Finished (main,compress)
						This took about 0 seconds, peak mem usage: 10.87 Mb
[1754058088] -- 01/08/2025 10:21:28 * Finished (main,compress)
						This took about 0 seconds, peak mem usage: 10.87 Mb
[1754058090] -- 01/08/2025 10:21:30 * Finished (main,compress)
						This took about 0 seconds, peak mem usage: 11.02 Mb
[1754058093] -- 01/08/2025 10:21:33 * Finished (main,compress)
						This took about 0 seconds, peak mem usage: 10.88 Mb
[1754058095] -- 01/08/2025 10:21:35 * Finished (main,compress)
						This took about 0 seconds, peak mem usage: 10.88 Mb
[1754058098] -- 01/08/2025 10:21:38 * Finished (main,compress)
						This took about 0 seconds, peak mem usage: 11.02 Mb
[1754058101] -- 01/08/2025 10:21:41 * Finished (main,compress)
						This took about 0 seconds, peak mem usage: 11.02 Mb
[1754058104] -- 01/08/2025 10:21:44 * Finished (main,compress)
						This took about 0 seconds, peak mem usage: 10.87 Mb
[1754058107] -- 01/08/2025 10:21:47 * Finished (main,compress)
						This took about 0 seconds, peak mem usage: 10.88 Mb
[1754058110] -- 01/08/2025 10:21:50 * Finished (main,compress)
						This took about 0 seconds, peak mem usage: 11.02 Mb
[1754058114] -- 01/08/2025 10:21:54 * Finished (main,compress)
						This took about 0 seconds, peak mem usage: 10.87 Mb
[1754058117] -- 01/08/2025 10:21:57 * Finished (main,compress)
						This took about 0 seconds, peak mem usage: 10.87 Mb
[1754058121] -- 01/08/2025 10:22:01 * Finished (main,compress)
						This took about 0 seconds, peak mem usage: 10.87 Mb
[1754058125] -- 01/08/2025 10:22:05 * Finished (main,compress)
						This took about 0 seconds, peak mem usage: 10.87 Mb
[1754058129] -- 01/08/2025 10:22:09 * Finished (main,compress)
						This took about 0 seconds, peak mem usage: 10.87 Mb
[1754058134] -- 01/08/2025 10:22:14 * Finished (main,compress)
						This took about 0 seconds, peak mem usage: 10.88 Mb
[1754058139] -- 01/08/2025 10:22:19 * Finished (main,compress)
						This took about 0 seconds, peak mem usage: 12.78 Mb
[1754058140] -- 01/08/2025 10:22:20 * Finished (main,compress)
						This took about 0 seconds, peak mem usage: 13.03 Mb
[1754058142] -- 01/08/2025 10:22:22 * Finished (main,compress)
						This took about 0 seconds, peak mem usage: 13.03 Mb
[1754058143] -- 01/08/2025 10:22:23 * Finished (main,compress)
						This took about 0 seconds, peak mem usage: 13.03 Mb
[1754058145] -- 01/08/2025 10:22:26 * Finished (main,compress)
						This took about 1 seconds, peak mem usage: 13.03 Mb
[1754058148] -- 01/08/2025 10:22:28 * Finished (main,compress)
						This took about 0 seconds, peak mem usage: 13.03 Mb
[1754058151] -- 01/08/2025 10:22:31 * Finished (main,compress)
						This took about 0 seconds, peak mem usage: 13.03 Mb
[1754058154] -- 01/08/2025 10:22:34 * Finished (main,compress)
						This took about 0 seconds, peak mem usage: 13.03 Mb
[1754058157] -- 01/08/2025 10:22:37 * Finished (main,compress)
						This took about 0 seconds, peak mem usage: 13.03 Mb
[1754058160] -- 01/08/2025 10:22:40 * Finished (main,compress)
						This took about 0 seconds, peak mem usage: 13.03 Mb
[1754058164] -- 01/08/2025 10:22:44 * Finished (main,compress)
						This took about 0 seconds, peak mem usage: 13.03 Mb
[1754058168] -- 01/08/2025 10:22:48 * Finished (main,compress)
						This took about 0 seconds, peak mem usage: 13.03 Mb
[1754058172] -- 01/08/2025 10:22:52 * Finished (main,compress)
						This took about 0 seconds, peak mem usage: 13.03 Mb
[1754058177] -- 01/08/2025 10:22:57 * Finished (main,compress)
						This took about 0 seconds, peak mem usage: 13.03 Mb
[1754058182] -- 01/08/2025 10:23:02 * Finished (main,compress)
						This took about 0 seconds, peak mem usage: 13.03 Mb
[1754058187] -- 01/08/2025 10:23:07 * Finished (main,compress)
						This took about 0 seconds, peak mem usage: 13.03 Mb
[1754058192] -- 01/08/2025 10:23:12 * Finished (main,compress)
						This took about 0 seconds, peak mem usage: 13.03 Mb
[1754058198] -- 01/08/2025 10:23:18 * Finished (main,compress)
						This took about 0 seconds, peak mem usage: 13.03 Mb
[1754058203] -- 01/08/2025 10:23:23 * Finished (main,compress)
						This took about 0 seconds, peak mem usage: 12.91 Mb
[1754058210] -- 01/08/2025 10:23:30 * Finished (main,compress)
						This took about 0 seconds, peak mem usage: 12.91 Mb
[1754058216] -- 01/08/2025 10:23:36 * Finished (main,compress)
						This took about 0 seconds, peak mem usage: 12.91 Mb
[1754058223] -- 01/08/2025 10:23:43 * Finished (main,compress)
						This took about 0 seconds, peak mem usage: 12.91 Mb
[1754058230] -- 01/08/2025 10:23:50 * Finished (main,compress)
						This took about 0 seconds, peak mem usage: 12.91 Mb
[1754058237] -- 01/08/2025 10:23:57 * Finished (main,compress)
						This took about 0 seconds, peak mem usage: 12.91 Mb
[1754058245] -- 01/08/2025 10:24:05 * Finished (main,compress)
						This took about 0 seconds, peak mem usage: 12.91 Mb
[1754058253] -- 01/08/2025 10:24:13 * Finished (main,compress)
						This took about 0 seconds, peak mem usage: 33.66 Mb
[1754058258] -- 01/08/2025 10:24:18 * Finished (main,compress)
						This took about 0 seconds, peak mem usage: 35.89 Mb
[1754058266] -- 01/08/2025 10:24:26 * Finished (main,compress)
						This took about 0 seconds, peak mem usage: 35.89 Mb
[1754058276] -- 01/08/2025 10:24:36 * Finished (main,compress)
						This took about 0 seconds, peak mem usage: 35.89 Mb
[1754058285] -- 01/08/2025 10:24:45 * Finished (main,compress)
						This took about 0 seconds, peak mem usage: 35.89 Mb
[1754058298] -- 01/08/2025 10:24:59 * Finished (main,compress)
						This took about 1 seconds, peak mem usage: 35.89 Mb
[1754058315] -- 01/08/2025 10:25:15 * Finished (main,compress)
						This took about 0 seconds, peak mem usage: 35.89 Mb
[1754058335] -- 01/08/2025 10:25:35 * Finished (main,compress)
						This took about 0 seconds, peak mem usage: 35.89 Mb
[1754058358] -- 01/08/2025 10:25:58 * Finished (main,compress)
						This took about 0 seconds, peak mem usage: 35.89 Mb
[1754058382] -- 01/08/2025 10:26:22 * Finished (main,compress)
						This took about 0 seconds, peak mem usage: 35.89 Mb
[1754058408] -- 01/08/2025 10:26:48 * Finished (main,compress)
						This took about 0 seconds, peak mem usage: 35.89 Mb
[1754058438] -- 01/08/2025 10:27:18 * Finished (main,compress)
						This took about 0 seconds, peak mem usage: 38.13 Mb
[1754058470] -- 01/08/2025 10:27:50 * Finished (main,compress)
						This took about 0 seconds, peak mem usage: 38.13 Mb
[1754058503] -- 01/08/2025 10:28:24 * Finished (main,compress)
						This took about 1 seconds, peak mem usage: 38.13 Mb
[1754058538] -- 01/08/2025 10:28:58 * Finished (main,compress)
						This took about 0 seconds, peak mem usage: 38.13 Mb
[1754058573] -- 01/08/2025 10:29:33 * Finished (main,compress)
						This took about 0 seconds, peak mem usage: 38.13 Mb
[1754058609] -- 01/08/2025 10:30:09 * Finished (main,compress)
						This took about 0 seconds, peak mem usage: 38.13 Mb
[1754058645] -- 01/08/2025 10:30:46 * Finished (main,compress)
						This took about 1 seconds, peak mem usage: 38.13 Mb
[1754058686] -- 01/08/2025 10:31:26 * Finished (main,compress)
						This took about 0 seconds, peak mem usage: 38.13 Mb
[1754058730] -- 01/08/2025 10:32:10 * Finished (main,compress)
						This took about 0 seconds, peak mem usage: 38.13 Mb
[1754058775] -- 01/08/2025 10:32:55 * Finished (main,compress)
						This took about 0 seconds, peak mem usage: 38.13 Mb
[1754058822] -- 01/08/2025 10:33:42 * Finished (main,compress)
						This took about 0 seconds, peak mem usage: 38.13 Mb
[1754058869] -- 01/08/2025 10:34:29 * Finished (main,compress)
						This took about 0 seconds, peak mem usage: 38.13 Mb
[1754058918] -- 01/08/2025 10:35:18 * Finished (main,compress)
						This took about 0 seconds, peak mem usage: 38.13 Mb
[1754058969] -- 01/08/2025 10:36:09 * Finished (main,compress)
						This took about 0 seconds, peak mem usage: 38.13 Mb
[1754059020] -- 01/08/2025 10:37:01 * Finished (main,compress)
						This took about 1 seconds, peak mem usage: 18.37 Mb
[1754059022] -- 01/08/2025 10:37:02 * Finished (main,compress)
						This took about 0 seconds, peak mem usage: 19.52 Mb
[1754059023] -- 01/08/2025 10:37:05 * Finished (main,compress)
						This took about 2 seconds, peak mem usage: 20.67 Mb
[1754059026] -- 01/08/2025 10:37:08 * Finished (main,compress)
						This took about 2 seconds, peak mem usage: 18.75 Mb
[1754059029] -- 01/08/2025 10:37:12 * Finished (main,compress)
						This took about 3 seconds, peak mem usage: 32.94 Mb
[1754059034] -- 01/08/2025 10:37:18 * Finished (main,compress)
						This took about 4 seconds, peak mem usage: 32.94 Mb
[1754059039] -- 01/08/2025 10:37:25 * Finished (main,compress)
						This took about 6 seconds, peak mem usage: 32.94 Mb
[1754059047] -- 01/08/2025 10:37:33 * Finished (main,compress)
						This took about 6 seconds, peak mem usage: 32.94 Mb
[1754059055] -- 01/08/2025 10:37:44 * Finished (main,compress)
						This took about 9 seconds, peak mem usage: 32.94 Mb
[1754059067] -- 01/08/2025 10:37:58 * Finished (main,compress)
						This took about 11 seconds, peak mem usage: 32.94 Mb
[1754059080] -- 01/08/2025 10:38:14 * Finished (main,compress)
						This took about 14 seconds, peak mem usage: 33.07 Mb
[1754059097] -- 01/08/2025 10:38:33 * Finished (main,compress)
						This took about 16 seconds, peak mem usage: 33.07 Mb
[1754059116] -- 01/08/2025 10:38:55 * Finished (main,compress)
						This took about 19 seconds, peak mem usage: 33.07 Mb
[1754059138] -- 01/08/2025 10:39:19 * Finished (main,compress)
						This took about 21 seconds, peak mem usage: 33.07 Mb
[1754059163] -- 01/08/2025 10:39:48 * Finished (main,compress)
						This took about 25 seconds, peak mem usage: 33.07 Mb
[1754059192] -- 01/08/2025 10:40:17 * Finished (main,compress)
						This took about 25 seconds, peak mem usage: 33.07 Mb
[1754059221] -- 01/08/2025 10:40:49 * Finished (main,compress)
						This took about 28 seconds, peak mem usage: 33.07 Mb
[1754059254] -- 01/08/2025 10:41:26 * Finished (main,compress)
						This took about 32 seconds, peak mem usage: 33.07 Mb
[1754059291] -- 01/08/2025 10:42:04 * Finished (main,compress)
						This took about 33 seconds, peak mem usage: 33.07 Mb
[1754059329] -- 01/08/2025 10:42:47 * Finished (main,compress)
						This took about 38 seconds, peak mem usage: 33.07 Mb
[1754059373] -- 01/08/2025 10:43:35 * Finished (main,compress)
						This took about 42 seconds, peak mem usage: 33.07 Mb
[1754059421] -- 01/08/2025 10:44:28 * Finished (main,compress)
						This took about 47 seconds, peak mem usage: 33.07 Mb
[1754059474] -- 01/08/2025 10:45:21 * Finished (main,compress)
						This took about 47 seconds, peak mem usage: 33.07 Mb
[1754059528] -- 01/08/2025 10:46:18 * Finished (main,compress)
						This took about 50 seconds, peak mem usage: 33.07 Mb
[1754059584] -- 01/08/2025 10:47:16 * Finished (main,compress)
						This took about 52 seconds, peak mem usage: 33.07 Mb
[1754059642] -- 01/08/2025 10:47:22 * Finished (main,compress)
						This took about 0 seconds, peak mem usage: 12.45 Mb
[1754059644] -- 01/08/2025 10:47:24 * Finished (main,compress)
						This took about 0 seconds, peak mem usage: 13.19 Mb
[1754059645] -- 01/08/2025 10:47:25 * Finished (main,compress)
						This took about 0 seconds, peak mem usage: 13.19 Mb
[1754059647] -- 01/08/2025 10:47:27 * Finished (main,compress)
						This took about 0 seconds, peak mem usage: 13.19 Mb
[1754059649] -- 01/08/2025 10:47:29 * Finished (main,compress)
						This took about 0 seconds, peak mem usage: 13.19 Mb
[1754059651] -- 01/08/2025 10:47:31 * Finished (main,compress)
						This took about 0 seconds, peak mem usage: 13.19 Mb
[1754059654] -- 01/08/2025 10:47:34 * Finished (main,compress)
						This took about 0 seconds, peak mem usage: 13.19 Mb
[1754059657] -- 01/08/2025 10:47:37 * Finished (main,compress)
						This took about 0 seconds, peak mem usage: 13.19 Mb
[1754059660] -- 01/08/2025 10:47:40 * Finished (main,compress)
						This took about 0 seconds, peak mem usage: 13.19 Mb
[1754059664] -- 01/08/2025 10:47:44 * Finished (main,compress)
						This took about 0 seconds, peak mem usage: 13.19 Mb
[1754059668] -- 01/08/2025 10:47:48 * Finished (main,compress)
						This took about 0 seconds, peak mem usage: 13.19 Mb
[1754059672] -- 01/08/2025 10:47:52 * Finished (main,compress)
						This took about 0 seconds, peak mem usage: 13.19 Mb
[1754059677] -- 01/08/2025 10:47:57 * Finished (main,compress)
						This took about 0 seconds, peak mem usage: 13.19 Mb
[1754059682] -- 01/08/2025 10:48:02 * Finished (main,compress)
						This took about 0 seconds, peak mem usage: 13.93 Mb
[1754059687] -- 01/08/2025 10:48:07 * Finished (main,compress)
						This took about 0 seconds, peak mem usage: 13.93 Mb
[1754059693] -- 01/08/2025 10:48:13 * Finished (main,compress)
						This took about 0 seconds, peak mem usage: 13.93 Mb
[1754059699] -- 01/08/2025 10:48:19 * Finished (main,compress)
						This took about 0 seconds, peak mem usage: 13.93 Mb
[1754059706] -- 01/08/2025 10:48:26 * Finished (main,compress)
						This took about 0 seconds, peak mem usage: 13.93 Mb
[1754059713] -- 01/08/2025 10:48:33 * Finished (main,compress)
						This took about 0 seconds, peak mem usage: 13.93 Mb
[1754059720] -- 01/08/2025 10:48:40 * Finished (main,compress)
						This took about 0 seconds, peak mem usage: 13.93 Mb
[1754059728] -- 01/08/2025 10:48:48 * Finished (main,compress)
						This took about 0 seconds, peak mem usage: 15.05 Mb
[1754059736] -- 01/08/2025 10:48:56 * Finished (main,compress)
						This took about 0 seconds, peak mem usage: 15.05 Mb
[1754059745] -- 01/08/2025 10:49:05 * Finished (main,compress)
						This took about 0 seconds, peak mem usage: 15.05 Mb
[1754059754] -- 01/08/2025 10:49:14 * Finished (main,compress)
						This took about 0 seconds, peak mem usage: 20.62 Mb
[1754059764] -- 01/08/2025 10:49:24 * Finished (main,compress)
						This took about 0 seconds, peak mem usage: 20.62 Mb
[1754059778] -- 01/08/2025 10:49:40 * Finished (main,compress)
						This took about 2 seconds, peak mem usage: 496.23 Mb
[1754059793] -- 01/08/2025 10:49:56 * Finished (main,compress)
						This took about 3 seconds, peak mem usage: 510.64 Mb
[1754059815] -- 01/08/2025 10:50:19 * Finished (main,compress)
						This took about 4 seconds, peak mem usage: 510.64 Mb
[1754059845] -- 01/08/2025 10:50:50 * Finished (main,compress)
						This took about 5 seconds, peak mem usage: 532.26 Mb
[1754059882] -- 01/08/2025 10:51:29 * Finished (main,compress)
						This took about 7 seconds, peak mem usage: 532.26 Mb
[1754059927] -- 01/08/2025 10:52:16 * Finished (main,compress)
						This took about 9 seconds, peak mem usage: 532.26 Mb
[1754059981] -- 01/08/2025 10:53:11 * Finished (main,compress)
						This took about 10 seconds, peak mem usage: 532.26 Mb
[1754060037] -- 01/08/2025 10:54:06 * Finished (main,compress)
						This took about 9 seconds, peak mem usage: 532.26 Mb
[1754060100] -- 01/08/2025 10:55:11 * Finished (main,compress)
						This took about 11 seconds, peak mem usage: 532.26 Mb
[1754060170] -- 01/08/2025 10:56:21 * Finished (main,compress)
						This took about 11 seconds, peak mem usage: 532.26 Mb
[1754060247] -- 01/08/2025 10:57:40 * Finished (main,compress)
						This took about 13 seconds, peak mem usage: 532.26 Mb
[1754060332] -- 01/08/2025 10:59:05 * Finished (main,compress)
						This took about 13 seconds, peak mem usage: 532.26 Mb
[1754060422] -- 01/08/2025 11:00:37 * Finished (main,compress)
						This took about 15 seconds, peak mem usage: 532.26 Mb
[1754060521] -- 01/08/2025 11:02:17 * Finished (main,compress)
						This took about 16 seconds, peak mem usage: 532.26 Mb
[1754060623] -- 01/08/2025 11:04:00 * Finished (main,compress)
						This took about 17 seconds, peak mem usage: 532.26 Mb
[1754060730] -- 01/08/2025 11:05:47 * Finished (main,compress)
						This took about 17 seconds, peak mem usage: 539.68 Mb
[1754060846] -- 01/08/2025 11:07:44 * Finished (main,compress)
						This took about 18 seconds, peak mem usage: 539.68 Mb
[1754060967] -- 01/08/2025 11:09:45 * Finished (main,compress)
						This took about 18 seconds, peak mem usage: 539.68 Mb
[1754061093] -- 01/08/2025 11:11:54 * Finished (main,compress)
						This took about 21 seconds, peak mem usage: 539.48 Mb
[1754061263] -- 01/08/2025 11:14:45 * Finished (main,compress)
						This took about 22 seconds, peak mem usage: 539.48 Mb
[1754061413] -- 01/08/2025 11:17:16 * Finished (main,compress)
						This took about 23 seconds, peak mem usage: 539.68 Mb
[1754061575] -- 01/08/2025 11:19:57 * Finished (main,compress)
						This took about 22 seconds, peak mem usage: 539.68 Mb
[1754061732] -- 01/08/2025 11:22:34 * Finished (main,compress)
						This took about 22 seconds, peak mem usage: 539.48 Mb
[1754061889] -- 01/08/2025 11:25:10 * Finished (main,compress)
						This took about 21 seconds, peak mem usage: 539.68 Mb
[1754062052] -- 01/08/2025 11:27:54 * Finished (main,compress)
						This took about 22 seconds, peak mem usage: 553.89 Mb
[1754062220] -- 01/08/2025 11:30:25 * Finished (main,compress)
						This took about 5 seconds, peak mem usage: 228.88 Mb
[1754062246] -- 01/08/2025 11:30:56 * Finished (main,compress)
						This took about 10 seconds, peak mem usage: 238.88 Mb
[1754062285] -- 01/08/2025 11:31:36 * Finished (main,compress)
						This took about 11 seconds, peak mem usage: 238.88 Mb
[1754062336] -- 01/08/2025 11:32:29 * Finished (main,compress)
						This took about 13 seconds, peak mem usage: 248.89 Mb
[1754062402] -- 01/08/2025 11:33:38 * Finished (main,compress)
						This took about 16 seconds, peak mem usage: 248.89 Mb
[1754062478] -- 01/08/2025 11:34:57 * Finished (main,compress)
						This took about 19 seconds, peak mem usage: 248.89 Mb
[1754062568] -- 01/08/2025 11:36:32 * Finished (main,compress)
						This took about 24 seconds, peak mem usage: 248.89 Mb
[1754062674] -- 01/08/2025 11:38:05 * Finished (main,compress)
						This took about 11 seconds, peak mem usage: 248.89 Mb
[1754062726] -- 01/08/2025 11:38:58 * Finished (main,compress)
						This took about 12 seconds, peak mem usage: 248.89 Mb
[1754062785] -- 01/08/2025 11:39:56 * Finished (main,compress)
						This took about 11 seconds, peak mem usage: 259.02 Mb
[1754062847] -- 01/08/2025 11:40:59 * Finished (main,compress)
						This took about 12 seconds, peak mem usage: 259.02 Mb
[1754062914] -- 01/08/2025 11:42:08 * Finished (main,compress)
						This took about 14 seconds, peak mem usage: 259.02 Mb
[1754062988] -- 01/08/2025 11:43:22 * Finished (main,compress)
						This took about 14 seconds, peak mem usage: 259.02 Mb
[1754063067] -- 01/08/2025 11:44:41 * Finished (main,compress)
						This took about 14 seconds, peak mem usage: 259.02 Mb
[1754063152] -- 01/08/2025 11:46:08 * Finished (main,compress)
						This took about 16 seconds, peak mem usage: 259.02 Mb
[1754063242] -- 01/08/2025 11:47:39 * Finished (main,compress)
						This took about 17 seconds, peak mem usage: 259.02 Mb
[1754063342] -- 01/08/2025 11:49:21 * Finished (main,compress)
						This took about 19 seconds, peak mem usage: 259.02 Mb
[1754063449] -- 01/08/2025 11:51:06 * Finished (main,compress)
						This took about 17 seconds, peak mem usage: 259.02 Mb
[1754063560] -- 01/08/2025 11:52:59 * Finished (main,compress)
						This took about 19 seconds, peak mem usage: 259.02 Mb
[1754063681] -- 01/08/2025 11:55:03 * Finished (main,compress)
						This took about 22 seconds, peak mem usage: 259.02 Mb
[1754063812] -- 01/08/2025 11:57:14 * Finished (main,compress)
						This took about 22 seconds, peak mem usage: 269.03 Mb
[1754063949] -- 01/08/2025 11:59:31 * Finished (main,compress)
						This took about 22 seconds, peak mem usage: 269.03 Mb
[1754064093] -- 01/08/2025 12:01:54 * Finished (main,compress)
						This took about 21 seconds, peak mem usage: 269.03 Mb
[1754064235] -- 01/08/2025 12:04:16 * Finished (main,compress)
						This took about 21 seconds, peak mem usage: 269.03 Mb
[1754064387] -- 01/08/2025 12:06:47 * Finished (main,compress)
						This took about 20 seconds, peak mem usage: 269.03 Mb
[1754064528] -- 01/08/2025 12:08:52 * Finished (main,compress)
						This took about 4 seconds, peak mem usage: 265.06 Mb
[1754064551] -- 01/08/2025 12:09:21 * Finished (main,compress)
						This took about 10 seconds, peak mem usage: 265.06 Mb
[1754064585] -- 01/08/2025 12:10:02 * Finished (main,compress)
						This took about 17 seconds, peak mem usage: 265.06 Mb
[1754064636] -- 01/08/2025 12:10:57 * Finished (main,compress)
						This took about 21 seconds, peak mem usage: 265.06 Mb
[1754064694] -- 01/08/2025 12:12:03 * Finished (main,compress)
						This took about 29 seconds, peak mem usage: 265.06 Mb
[1754064769] -- 01/08/2025 12:13:28 * Finished (main,compress)
						This took about 39 seconds, peak mem usage: 265.06 Mb
[1754064856] -- 01/08/2025 12:15:09 * Finished (main,compress)
						This took about 53 seconds, peak mem usage: 265.06 Mb
[1754064967] -- 01/08/2025 12:16:59 * Finished (main,compress)
						This took about 52 seconds, peak mem usage: 265.06 Mb
[1754065080] -- 01/08/2025 12:19:05 * Finished (main,compress)
						This took about 65 seconds, peak mem usage: 270.99 Mb
[1754065212] -- 01/08/2025 12:21:23 * Finished (main,compress)
						This took about 71 seconds, peak mem usage: 276.92 Mb
[1754065359] -- 01/08/2025 12:24:01 * Finished (main,compress)
						This took about 82 seconds, peak mem usage: 265.06 Mb
[1754065524] -- 01/08/2025 12:26:53 * Finished (main,compress)
						This took about 89 seconds, peak mem usage: 265.06 Mb
[1754065695] -- 01/08/2025 12:29:48 * Finished (main,compress)
						This took about 93 seconds, peak mem usage: 265.06 Mb
[1754065875] -- 01/08/2025 12:33:01 * Finished (main,compress)
						This took about 106 seconds, peak mem usage: 265.06 Mb
[1754066073] -- 01/08/2025 12:36:22 * Finished (main,compress)
						This took about 109 seconds, peak mem usage: 265.06 Mb
[1754066279] -- 01/08/2025 12:39:54 * Finished (main,compress)
						This took about 115 seconds, peak mem usage: 265.06 Mb
[1754066497] -- 01/08/2025 12:43:36 * Finished (main,compress)
						This took about 119 seconds, peak mem usage: 265.06 Mb
[1754066726] -- 01/08/2025 12:47:26 * Finished (main,compress)
						This took about 120 seconds, peak mem usage: 265.06 Mb
[1754066957] -- 01/08/2025 12:51:23 * Finished (main,compress)
						This took about 126 seconds, peak mem usage: 265.06 Mb
[1754067200] -- 01/08/2025 12:55:32 * Finished (main,compress)
						This took about 132 seconds, peak mem usage: 265.06 Mb
[1754067457] -- 01/08/2025 12:59:55 * Finished (main,compress)
						This took about 138 seconds, peak mem usage: 265.06 Mb
[1754067726] -- 01/08/2025 13:04:32 * Finished (main,compress)
						This took about 146 seconds, peak mem usage: 265.06 Mb
[1754068010] -- 01/08/2025 13:09:26 * Finished (main,compress)
						This took about 156 seconds, peak mem usage: 265.06 Mb
[1754068304] -- 01/08/2025 13:14:22 * Finished (main,compress)
						This took about 158 seconds, peak mem usage: 265.06 Mb
[1754068604] -- 01/08/2025 13:19:24 * Finished (main,compress)
						This took about 160 seconds, peak mem usage: 265.06 Mb
[1754068862] -- 01/08/2025 13:21:03 * Finished (main,compress)
						This took about 1 seconds, peak mem usage: 70.25 Mb
[1754068874] -- 01/08/2025 13:21:16 * Finished (main,compress)
						This took about 2 seconds, peak mem usage: 70.25 Mb
[1754068894] -- 01/08/2025 13:21:35 * Finished (main,compress)
						This took about 1 seconds, peak mem usage: 70.25 Mb
[1754068920] -- 01/08/2025 13:22:03 * Finished (main,compress)
						This took about 3 seconds, peak mem usage: 70.25 Mb
[1754068954] -- 01/08/2025 13:22:38 * Finished (main,compress)
						This took about 4 seconds, peak mem usage: 74.35 Mb
[1754068995] -- 01/08/2025 13:23:19 * Finished (main,compress)
						This took about 4 seconds, peak mem usage: 74.35 Mb
[1754069043] -- 01/08/2025 13:24:07 * Finished (main,compress)
						This took about 4 seconds, peak mem usage: 82.54 Mb
[1754069098] -- 01/08/2025 13:25:02 * Finished (main,compress)
						This took about 4 seconds, peak mem usage: 82.54 Mb
[1754069161] -- 01/08/2025 13:26:07 * Finished (main,compress)
						This took about 6 seconds, peak mem usage: 82.54 Mb
[1754069234] -- 01/08/2025 13:27:21 * Finished (main,compress)
						This took about 7 seconds, peak mem usage: 82.54 Mb
[1754069315] -- 01/08/2025 13:28:43 * Finished (main,compress)
						This took about 8 seconds, peak mem usage: 82.54 Mb
[1754069405] -- 01/08/2025 13:30:16 * Finished (main,compress)
						This took about 11 seconds, peak mem usage: 82.54 Mb
[1754069505] -- 01/08/2025 13:31:58 * Finished (main,compress)
						This took about 13 seconds, peak mem usage: 86.64 Mb
[1754069614] -- 01/08/2025 13:33:47 * Finished (main,compress)
						This took about 13 seconds, peak mem usage: 82.54 Mb
[1754069732] -- 01/08/2025 13:35:45 * Finished (main,compress)
						This took about 13 seconds, peak mem usage: 82.54 Mb
[1754069858] -- 01/08/2025 13:37:53 * Finished (main,compress)
						This took about 15 seconds, peak mem usage: 82.54 Mb
[1754069993] -- 01/08/2025 13:40:08 * Finished (main,compress)
						This took about 15 seconds, peak mem usage: 82.54 Mb
[1754070138] -- 01/08/2025 13:42:33 * Finished (main,compress)
						This took about 15 seconds, peak mem usage: 82.54 Mb
[1754070294] -- 01/08/2025 13:45:10 * Finished (main,compress)
						This took about 16 seconds, peak mem usage: 82.54 Mb
[1754070462] -- 01/08/2025 13:47:59 * Finished (main,compress)
						This took about 17 seconds, peak mem usage: 82.54 Mb
[1754070643] -- 01/08/2025 13:51:03 * Finished (main,compress)
						This took about 20 seconds, peak mem usage: 82.54 Mb
[1754070837] -- 01/08/2025 13:54:17 * Finished (main,compress)
						This took about 20 seconds, peak mem usage: 82.54 Mb
[1754071041] -- 01/08/2025 13:57:42 * Finished (main,compress)
						This took about 21 seconds, peak mem usage: 82.54 Mb
[1754071263] -- 01/08/2025 14:01:24 * Finished (main,compress)
						This took about 21 seconds, peak mem usage: 82.54 Mb
[1754071495] -- 01/08/2025 14:05:16 * Finished (main,compress)
						This took about 21 seconds, peak mem usage: 82.54 Mb
[1754071726] -- 01/08/2025 14:08:48 * Finished (main,compress)
						This took about 2 seconds, peak mem usage: 425.98 Mb
[1754071736] -- 01/08/2025 14:09:00 * Finished (main,compress)
						This took about 4 seconds, peak mem usage: 533.03 Mb
[1754071757] -- 01/08/2025 14:09:21 * Finished (main,compress)
						This took about 4 seconds, peak mem usage: 533.03 Mb
[1754071781] -- 01/08/2025 14:09:46 * Finished (main,compress)
						This took about 5 seconds, peak mem usage: 533.03 Mb
[1754071811] -- 01/08/2025 14:10:17 * Finished (main,compress)
						This took about 6 seconds, peak mem usage: 533.03 Mb
[1754071848] -- 01/08/2025 14:10:55 * Finished (main,compress)
						This took about 7 seconds, peak mem usage: 533.03 Mb
[1754071890] -- 01/08/2025 14:11:37 * Finished (main,compress)
						This took about 7 seconds, peak mem usage: 571.16 Mb
[1754071936] -- 01/08/2025 14:12:25 * Finished (main,compress)
						This took about 9 seconds, peak mem usage: 571.16 Mb
[1754071987] -- 01/08/2025 14:13:16 * Finished (main,compress)
						This took about 9 seconds, peak mem usage: 571.16 Mb
[1754072043] -- 01/08/2025 14:14:14 * Finished (main,compress)
						This took about 11 seconds, peak mem usage: 571.16 Mb
[1754072109] -- 01/08/2025 14:15:21 * Finished (main,compress)
						This took about 12 seconds, peak mem usage: 617.03 Mb
[1754072180] -- 01/08/2025 14:16:33 * Finished (main,compress)
						This took about 13 seconds, peak mem usage: 617.03 Mb
[1754072256] -- 01/08/2025 14:17:47 * Finished (main,compress)
						This took about 11 seconds, peak mem usage: 617.03 Mb
[1754072331] -- 01/08/2025 14:19:02 * Finished (main,compress)
						This took about 11 seconds, peak mem usage: 617.03 Mb
[1754072410] -- 01/08/2025 14:20:23 * Finished (main,compress)
						This took about 13 seconds, peak mem usage: 617.03 Mb
[1754072495] -- 01/08/2025 14:21:50 * Finished (main,compress)
						This took about 15 seconds, peak mem usage: 617.03 Mb
[1754072586] -- 01/08/2025 14:23:22 * Finished (main,compress)
						This took about 16 seconds, peak mem usage: 617.03 Mb
[1754072686] -- 01/08/2025 14:25:02 * Finished (main,compress)
						This took about 16 seconds, peak mem usage: 617.03 Mb
[1754072791] -- 01/08/2025 14:26:48 * Finished (main,compress)
						This took about 17 seconds, peak mem usage: 617.03 Mb
[1754072902] -- 01/08/2025 14:28:40 * Finished (main,compress)
						This took about 18 seconds, peak mem usage: 617.03 Mb
[1754073018] -- 01/08/2025 14:30:36 * Finished (main,compress)
						This took about 18 seconds, peak mem usage: 617.03 Mb
[1754073138] -- 01/08/2025 14:32:37 * Finished (main,compress)
						This took about 19 seconds, peak mem usage: 617.03 Mb
[1754073271] -- 01/08/2025 14:34:52 * Finished (main,compress)
						This took about 21 seconds, peak mem usage: 617.03 Mb
[1754073405] -- 01/08/2025 14:37:07 * Finished (main,compress)
						This took about 22 seconds, peak mem usage: 617.03 Mb
[1754073546] -- 01/08/2025 14:39:27 * Finished (main,compress)
						This took about 21 seconds, peak mem usage: 617.03 Mb
[1754077344] -- 01/08/2025 15:42:24 * Finished (main,compress)
						This took about 0 seconds, peak mem usage: 8.30 Mb
[1754077345] -- 01/08/2025 15:42:25 * Finished (main,compress)
						This took about 0 seconds, peak mem usage: 8.30 Mb
[1754077345] -- 01/08/2025 15:42:25 * Finished (main,compress)
						This took about 0 seconds, peak mem usage: 8.30 Mb
[1754077345] -- 01/08/2025 15:42:25 * Finished (main,compress)
						This took about 0 seconds, peak mem usage: 8.30 Mb
[1754077346] -- 01/08/2025 15:42:26 * Finished (main,compress)
						This took about 0 seconds, peak mem usage: 8.30 Mb
[1754077346] -- 01/08/2025 15:42:26 * Finished (main,compress)
						This took about 0 seconds, peak mem usage: 8.30 Mb
[1754077346] -- 01/08/2025 15:42:26 * Finished (main,compress)
						This took about 0 seconds, peak mem usage: 8.30 Mb
[1754077347] -- 01/08/2025 15:42:27 * Finished (main,compress)
						This took about 0 seconds, peak mem usage: 8.30 Mb
[1754077347] -- 01/08/2025 15:42:27 * Finished (main,compress)
						This took about 0 seconds, peak mem usage: 8.30 Mb
[1754077348] -- 01/08/2025 15:42:28 * Finished (main,compress)
						This took about 0 seconds, peak mem usage: 8.30 Mb
[1754077348] -- 01/08/2025 15:42:28 * Finished (main,compress)
						This took about 0 seconds, peak mem usage: 8.30 Mb
[1754077348] -- 01/08/2025 15:42:28 * Finished (main,compress)
						This took about 0 seconds, peak mem usage: 8.30 Mb
[1754077349] -- 01/08/2025 15:42:29 * Finished (main,compress)
						This took about 0 seconds, peak mem usage: 8.30 Mb
[1754077349] -- 01/08/2025 15:42:29 * Finished (main,compress)
						This took about 0 seconds, peak mem usage: 8.30 Mb
[1754077350] -- 01/08/2025 15:42:30 * Finished (main,compress)
						This took about 0 seconds, peak mem usage: 8.30 Mb
[1754077351] -- 01/08/2025 15:42:31 * Finished (main,compress)
						This took about 0 seconds, peak mem usage: 8.30 Mb
[1754077351] -- 01/08/2025 15:42:31 * Finished (main,compress)
						This took about 0 seconds, peak mem usage: 8.30 Mb
[1754077352] -- 01/08/2025 15:42:32 * Finished (main,compress)
						This took about 0 seconds, peak mem usage: 8.30 Mb
[1754077352] -- 01/08/2025 15:42:32 * Finished (main,compress)
						This took about 0 seconds, peak mem usage: 8.30 Mb
[1754077353] -- 01/08/2025 15:42:33 * Finished (main,compress)
						This took about 0 seconds, peak mem usage: 8.30 Mb
[1754077354] -- 01/08/2025 15:42:34 * Finished (main,compress)
						This took about 0 seconds, peak mem usage: 8.30 Mb
[1754077354] -- 01/08/2025 15:42:34 * Finished (main,compress)
						This took about 0 seconds, peak mem usage: 8.30 Mb
[1754077355] -- 01/08/2025 15:42:35 * Finished (main,compress)
						This took about 0 seconds, peak mem usage: 8.30 Mb
[1754077356] -- 01/08/2025 15:42:36 * Finished (main,compress)
						This took about 0 seconds, peak mem usage: 8.30 Mb
[1754077356] -- 01/08/2025 15:42:36 * Finished (main,compress)
						This took about 0 seconds, peak mem usage: 8.30 Mb
[1754077358] -- 01/08/2025 15:42:38 * Finished (main,compress)
						This took about 0 seconds, peak mem usage: 11.02 Mb
[1754077359] -- 01/08/2025 15:42:39 * Finished (main,compress)
						This took about 0 seconds, peak mem usage: 11.02 Mb
[1754077360] -- 01/08/2025 15:42:40 * Finished (main,compress)
						This took about 0 seconds, peak mem usage: 10.86 Mb
[1754077361] -- 01/08/2025 15:42:41 * Finished (main,compress)
						This took about 0 seconds, peak mem usage: 11.02 Mb
[1754077362] -- 01/08/2025 15:42:42 * Finished (main,compress)
						This took about 0 seconds, peak mem usage: 11.01 Mb
[1754077363] -- 01/08/2025 15:42:43 * Finished (main,compress)
						This took about 0 seconds, peak mem usage: 11.02 Mb
[1754077365] -- 01/08/2025 15:42:45 * Finished (main,compress)
						This took about 0 seconds, peak mem usage: 11.02 Mb
[1754077366] -- 01/08/2025 15:42:46 * Finished (main,compress)
						This took about 0 seconds, peak mem usage: 11.02 Mb
[1754077368] -- 01/08/2025 15:42:48 * Finished (main,compress)
						This took about 0 seconds, peak mem usage: 10.87 Mb
[1754077369] -- 01/08/2025 15:42:49 * Finished (main,compress)
						This took about 0 seconds, peak mem usage: 11.02 Mb
[1754077371] -- 01/08/2025 15:42:51 * Finished (main,compress)
						This took about 0 seconds, peak mem usage: 10.88 Mb
[1754077373] -- 01/08/2025 15:42:53 * Finished (main,compress)
						This took about 0 seconds, peak mem usage: 11.02 Mb
[1754077375] -- 01/08/2025 15:42:55 * Finished (main,compress)
						This took about 0 seconds, peak mem usage: 11.03 Mb
[1754077377] -- 01/08/2025 15:42:57 * Finished (main,compress)
						This took about 0 seconds, peak mem usage: 10.87 Mb
[1754077379] -- 01/08/2025 15:43:00 * Finished (main,compress)
						This took about 1 seconds, peak mem usage: 10.88 Mb
[1754077382] -- 01/08/2025 15:43:02 * Finished (main,compress)
						This took about 0 seconds, peak mem usage: 10.87 Mb
[1754077384] -- 01/08/2025 15:43:04 * Finished (main,compress)
						This took about 0 seconds, peak mem usage: 10.87 Mb
[1754077387] -- 01/08/2025 15:43:07 * Finished (main,compress)
						This took about 0 seconds, peak mem usage: 10.88 Mb
[1754077390] -- 01/08/2025 15:43:10 * Finished (main,compress)
						This took about 0 seconds, peak mem usage: 11.03 Mb
[1754077392] -- 01/08/2025 15:43:13 * Finished (main,compress)
						This took about 1 seconds, peak mem usage: 11.03 Mb
[1754077395] -- 01/08/2025 15:43:15 * Finished (main,compress)
						This took about 0 seconds, peak mem usage: 10.88 Mb
[1754077398] -- 01/08/2025 15:43:19 * Finished (main,compress)
						This took about 1 seconds, peak mem usage: 10.87 Mb
[1754077402] -- 01/08/2025 15:43:22 * Finished (main,compress)
						This took about 0 seconds, peak mem usage: 10.87 Mb
[1754077405] -- 01/08/2025 15:43:25 * Finished (main,compress)
						This took about 0 seconds, peak mem usage: 10.87 Mb
[1754077408] -- 01/08/2025 15:43:29 * Finished (main,compress)
						This took about 1 seconds, peak mem usage: 10.88 Mb
[1754077412] -- 01/08/2025 15:43:32 * Finished (main,compress)
						This took about 0 seconds, peak mem usage: 12.78 Mb
[1754077413] -- 01/08/2025 15:43:33 * Finished (main,compress)
						This took about 0 seconds, peak mem usage: 13.03 Mb
[1754077415] -- 01/08/2025 15:43:35 * Finished (main,compress)
						This took about 0 seconds, peak mem usage: 12.91 Mb
[1754077416] -- 01/08/2025 15:43:36 * Finished (main,compress)
						This took about 0 seconds, peak mem usage: 12.78 Mb
[1754077418] -- 01/08/2025 15:43:38 * Finished (main,compress)
						This took about 0 seconds, peak mem usage: 12.78 Mb
[1754077420] -- 01/08/2025 15:43:40 * Finished (main,compress)
						This took about 0 seconds, peak mem usage: 12.91 Mb
[1754077422] -- 01/08/2025 15:43:42 * Finished (main,compress)
						This took about 0 seconds, peak mem usage: 12.91 Mb
[1754077425] -- 01/08/2025 15:43:45 * Finished (main,compress)
						This took about 0 seconds, peak mem usage: 12.91 Mb
[1754077428] -- 01/08/2025 15:43:48 * Finished (main,compress)
						This took about 0 seconds, peak mem usage: 13.03 Mb
[1754077431] -- 01/08/2025 15:43:51 * Finished (main,compress)
						This took about 0 seconds, peak mem usage: 12.91 Mb
[1754077434] -- 01/08/2025 15:43:54 * Finished (main,compress)
						This took about 0 seconds, peak mem usage: 12.91 Mb
[1754077438] -- 01/08/2025 15:43:58 * Finished (main,compress)
						This took about 0 seconds, peak mem usage: 12.91 Mb
[1754077441] -- 01/08/2025 15:44:01 * Finished (main,compress)
						This took about 0 seconds, peak mem usage: 12.91 Mb
[1754077446] -- 01/08/2025 15:44:06 * Finished (main,compress)
						This took about 0 seconds, peak mem usage: 12.91 Mb
[1754077450] -- 01/08/2025 15:44:10 * Finished (main,compress)
						This took about 0 seconds, peak mem usage: 12.91 Mb
[1754077454] -- 01/08/2025 15:44:15 * Finished (main,compress)
						This took about 1 seconds, peak mem usage: 12.91 Mb
[1754077459] -- 01/08/2025 15:44:20 * Finished (main,compress)
						This took about 1 seconds, peak mem usage: 12.91 Mb
[1754077465] -- 01/08/2025 15:44:25 * Finished (main,compress)
						This took about 0 seconds, peak mem usage: 12.91 Mb
[1754077470] -- 01/08/2025 15:44:30 * Finished (main,compress)
						This took about 0 seconds, peak mem usage: 13.03 Mb
[1754077476] -- 01/08/2025 15:44:36 * Finished (main,compress)
						This took about 0 seconds, peak mem usage: 12.91 Mb
[1754077482] -- 01/08/2025 15:44:42 * Finished (main,compress)
						This took about 0 seconds, peak mem usage: 12.91 Mb
[1754077489] -- 01/08/2025 15:44:49 * Finished (main,compress)
						This took about 0 seconds, peak mem usage: 12.91 Mb
[1754077496] -- 01/08/2025 15:44:56 * Finished (main,compress)
						This took about 0 seconds, peak mem usage: 12.91 Mb
[1754077503] -- 01/08/2025 15:45:03 * Finished (main,compress)
						This took about 0 seconds, peak mem usage: 12.91 Mb
[1754077510] -- 01/08/2025 15:45:10 * Finished (main,compress)
						This took about 0 seconds, peak mem usage: 12.91 Mb
[1754077518] -- 01/08/2025 15:45:18 * Finished (main,compress)
						This took about 0 seconds, peak mem usage: 33.66 Mb
[1754077519] -- 01/08/2025 15:45:20 * Finished (main,compress)
						This took about 1 seconds, peak mem usage: 35.89 Mb
[1754077523] -- 01/08/2025 15:45:23 * Finished (main,compress)
						This took about 0 seconds, peak mem usage: 35.89 Mb
[1754077529] -- 01/08/2025 15:45:29 * Finished (main,compress)
						This took about 0 seconds, peak mem usage: 35.89 Mb
[1754077539] -- 01/08/2025 15:45:39 * Finished (main,compress)
						This took about 0 seconds, peak mem usage: 40.37 Mb
[1754077551] -- 01/08/2025 15:45:51 * Finished (main,compress)
						This took about 0 seconds, peak mem usage: 40.37 Mb
[1754077565] -- 01/08/2025 15:46:05 * Finished (main,compress)
						This took about 0 seconds, peak mem usage: 40.37 Mb
[1754077586] -- 01/08/2025 15:46:26 * Finished (main,compress)
						This took about 0 seconds, peak mem usage: 40.37 Mb
[1754077601] -- 01/08/2025 15:46:41 * Finished (main,compress)
						This took about 0 seconds, peak mem usage: 40.37 Mb
[1754077616] -- 01/08/2025 15:46:56 * Finished (main,compress)
						This took about 0 seconds, peak mem usage: 40.37 Mb
[1754077632] -- 01/08/2025 15:47:12 * Finished (main,compress)
						This took about 0 seconds, peak mem usage: 40.37 Mb
[1754077650] -- 01/08/2025 15:47:30 * Finished (main,compress)
						This took about 0 seconds, peak mem usage: 40.37 Mb
[1754077668] -- 01/08/2025 15:47:48 * Finished (main,compress)
						This took about 0 seconds, peak mem usage: 40.37 Mb
[1754077694] -- 01/08/2025 15:48:15 * Finished (main,compress)
						This took about 1 seconds, peak mem usage: 40.37 Mb
[1754077750] -- 01/08/2025 15:49:11 * Finished (main,compress)
						This took about 1 seconds, peak mem usage: 40.37 Mb
[1754077812] -- 01/08/2025 15:50:13 * Finished (main,compress)
						This took about 1 seconds, peak mem usage: 40.37 Mb
[1754077884] -- 01/08/2025 15:51:24 * Finished (main,compress)
						This took about 0 seconds, peak mem usage: 40.37 Mb
[1754077962] -- 01/08/2025 15:52:42 * Finished (main,compress)
						This took about 0 seconds, peak mem usage: 40.37 Mb
[1754078040] -- 01/08/2025 15:54:01 * Finished (main,compress)
						This took about 1 seconds, peak mem usage: 40.37 Mb
[1754078126] -- 01/08/2025 15:55:26 * Finished (main,compress)
						This took about 0 seconds, peak mem usage: 40.37 Mb
[1754078217] -- 01/08/2025 15:56:57 * Finished (main,compress)
						This took about 0 seconds, peak mem usage: 40.37 Mb
[1754078311] -- 01/08/2025 15:58:32 * Finished (main,compress)
						This took about 1 seconds, peak mem usage: 40.37 Mb
[1754078412] -- 01/08/2025 16:00:13 * Finished (main,compress)
						This took about 1 seconds, peak mem usage: 40.37 Mb
[1754078524] -- 01/08/2025 16:02:04 * Finished (main,compress)
						This took about 0 seconds, peak mem usage: 40.37 Mb
[1754078636] -- 01/08/2025 16:03:57 * Finished (main,compress)
						This took about 1 seconds, peak mem usage: 40.37 Mb
[1754078751] -- 01/08/2025 16:05:52 * Finished (main,compress)
						This took about 1 seconds, peak mem usage: 18.37 Mb
[1754078754] -- 01/08/2025 16:05:56 * Finished (main,compress)
						This took about 2 seconds, peak mem usage: 21.05 Mb
[1754078758] -- 01/08/2025 16:06:03 * Finished (main,compress)
						This took about 5 seconds, peak mem usage: 21.05 Mb
[1754078765] -- 01/08/2025 16:06:16 * Finished (main,compress)
						This took about 11 seconds, peak mem usage: 21.05 Mb
[1754078779] -- 01/08/2025 16:06:31 * Finished (main,compress)
						This took about 12 seconds, peak mem usage: 21.05 Mb
[1754078795] -- 01/08/2025 16:06:56 * Finished (main,compress)
						This took about 21 seconds, peak mem usage: 21.05 Mb
[1754078820] -- 01/08/2025 16:07:22 * Finished (main,compress)
						This took about 22 seconds, peak mem usage: 21.05 Mb
[1754078847] -- 01/08/2025 16:07:56 * Finished (main,compress)
						This took about 29 seconds, peak mem usage: 21.05 Mb
[1754078881] -- 01/08/2025 16:08:39 * Finished (main,compress)
						This took about 38 seconds, peak mem usage: 21.18 Mb
[1754078925] -- 01/08/2025 16:09:33 * Finished (main,compress)
						This took about 48 seconds, peak mem usage: 21.18 Mb
[1754078979] -- 01/08/2025 16:10:32 * Finished (main,compress)
						This took about 53 seconds, peak mem usage: 21.18 Mb
[1754079038] -- 01/08/2025 16:11:36 * Finished (main,compress)
						This took about 58 seconds, peak mem usage: 21.18 Mb
[1754079102] -- 01/08/2025 16:12:38 * Finished (main,compress)
						This took about 56 seconds, peak mem usage: 21.18 Mb
[1754079165] -- 01/08/2025 16:13:52 * Finished (main,compress)
						This took about 67 seconds, peak mem usage: 21.18 Mb
[1754079240] -- 01/08/2025 16:15:17 * Finished (main,compress)
						This took about 77 seconds, peak mem usage: 21.18 Mb
[1754079325] -- 01/08/2025 16:16:47 * Finished (main,compress)
						This took about 82 seconds, peak mem usage: 21.18 Mb
[1754079416] -- 01/08/2025 16:18:30 * Finished (main,compress)
						This took about 94 seconds, peak mem usage: 21.18 Mb
[1754079520] -- 01/08/2025 16:20:27 * Finished (main,compress)
						This took about 107 seconds, peak mem usage: 21.18 Mb
[1754079637] -- 01/08/2025 16:22:18 * Finished (main,compress)
						This took about 101 seconds, peak mem usage: 21.18 Mb
[1754079748] -- 01/08/2025 16:24:09 * Finished (main,compress)
						This took about 101 seconds, peak mem usage: 21.18 Mb
[1754079859] -- 01/08/2025 16:26:12 * Finished (main,compress)
						This took about 113 seconds, peak mem usage: 21.18 Mb
[1754079983] -- 01/08/2025 16:28:22 * Finished (main,compress)
						This took about 119 seconds, peak mem usage: 21.18 Mb
[1754080112] -- 01/08/2025 16:30:35 * Finished (main,compress)
						This took about 123 seconds, peak mem usage: 21.18 Mb
[1754080245] -- 01/08/2025 16:32:46 * Finished (main,compress)
						This took about 121 seconds, peak mem usage: 21.18 Mb
[1754080377] -- 01/08/2025 16:35:01 * Finished (main,compress)
						This took about 124 seconds, peak mem usage: 21.18 Mb
[1754080511] -- 01/08/2025 16:35:11 * Finished (main,compress)
						This took about 0 seconds, peak mem usage: 12.45 Mb
[1754080513] -- 01/08/2025 16:35:13 * Finished (main,compress)
						This took about 0 seconds, peak mem usage: 12.45 Mb
[1754080516] -- 01/08/2025 16:35:16 * Finished (main,compress)
						This took about 0 seconds, peak mem usage: 12.45 Mb
[1754080519] -- 01/08/2025 16:35:19 * Finished (main,compress)
						This took about 0 seconds, peak mem usage: 12.45 Mb
[1754080523] -- 01/08/2025 16:35:23 * Finished (main,compress)
						This took about 0 seconds, peak mem usage: 12.45 Mb
[1754080529] -- 01/08/2025 16:35:29 * Finished (main,compress)
						This took about 0 seconds, peak mem usage: 12.45 Mb
[1754080535] -- 01/08/2025 16:35:35 * Finished (main,compress)
						This took about 0 seconds, peak mem usage: 12.45 Mb
[1754080542] -- 01/08/2025 16:35:42 * Finished (main,compress)
						This took about 0 seconds, peak mem usage: 12.45 Mb
[1754080549] -- 01/08/2025 16:35:49 * Finished (main,compress)
						This took about 0 seconds, peak mem usage: 12.26 Mb
[1754080558] -- 01/08/2025 16:35:58 * Finished (main,compress)
						This took about 0 seconds, peak mem usage: 12.26 Mb
[1754080568] -- 01/08/2025 16:36:08 * Finished (main,compress)
						This took about 0 seconds, peak mem usage: 12.26 Mb
[1754080578] -- 01/08/2025 16:36:18 * Finished (main,compress)
						This took about 0 seconds, peak mem usage: 12.26 Mb
[1754080589] -- 01/08/2025 16:36:29 * Finished (main,compress)
						This took about 0 seconds, peak mem usage: 12.26 Mb
[1754080601] -- 01/08/2025 16:36:41 * Finished (main,compress)
						This took about 0 seconds, peak mem usage: 18.02 Mb
[1754080615] -- 01/08/2025 16:36:55 * Finished (main,compress)
						This took about 0 seconds, peak mem usage: 18.02 Mb
[1754080629] -- 01/08/2025 16:37:09 * Finished (main,compress)
						This took about 0 seconds, peak mem usage: 18.02 Mb
[1754080644] -- 01/08/2025 16:37:24 * Finished (main,compress)
						This took about 0 seconds, peak mem usage: 18.02 Mb
[1754080660] -- 01/08/2025 16:37:40 * Finished (main,compress)
						This took about 0 seconds, peak mem usage: 18.02 Mb
[1754080676] -- 01/08/2025 16:37:56 * Finished (main,compress)
						This took about 0 seconds, peak mem usage: 18.02 Mb
[1754080694] -- 01/08/2025 16:38:14 * Finished (main,compress)
						This took about 0 seconds, peak mem usage: 18.02 Mb
[1754080713] -- 01/08/2025 16:38:33 * Finished (main,compress)
						This took about 0 seconds, peak mem usage: 18.02 Mb
[1754080732] -- 01/08/2025 16:38:52 * Finished (main,compress)
						This took about 0 seconds, peak mem usage: 18.02 Mb
[1754080753] -- 01/08/2025 16:39:13 * Finished (main,compress)
						This took about 0 seconds, peak mem usage: 18.02 Mb
[1754080774] -- 01/08/2025 16:39:34 * Finished (main,compress)
						This took about 0 seconds, peak mem usage: 18.02 Mb
[1754080795] -- 01/08/2025 16:39:56 * Finished (main,compress)
						This took about 1 seconds, peak mem usage: 18.02 Mb
[1754080830] -- 01/08/2025 16:40:36 * Finished (main,compress)
						This took about 6 seconds, peak mem usage: 496.23 Mb
[1754080861] -- 01/08/2025 16:41:08 * Finished (main,compress)
						This took about 7 seconds, peak mem usage: 496.23 Mb
[1754080909] -- 01/08/2025 16:42:03 * Finished (main,compress)
						This took about 14 seconds, peak mem usage: 496.23 Mb
[1754080981] -- 01/08/2025 16:43:17 * Finished (main,compress)
						This took about 16 seconds, peak mem usage: 496.23 Mb
[1754081069] -- 01/08/2025 16:44:49 * Finished (main,compress)
						This took about 20 seconds, peak mem usage: 510.64 Mb
[1754081192] -- 01/08/2025 16:46:56 * Finished (main,compress)
						This took about 24 seconds, peak mem usage: 510.64 Mb
[1754081331] -- 01/08/2025 16:49:17 * Finished (main,compress)
						This took about 26 seconds, peak mem usage: 510.64 Mb
[1754081487] -- 01/08/2025 16:51:53 * Finished (main,compress)
						This took about 26 seconds, peak mem usage: 510.64 Mb
[1754081638] -- 01/08/2025 16:54:25 * Finished (main,compress)
						This took about 27 seconds, peak mem usage: 510.64 Mb
[1754081800] -- 01/08/2025 16:57:08 * Finished (main,compress)
						This took about 28 seconds, peak mem usage: 510.64 Mb
[1754081974] -- 01/08/2025 17:00:04 * Finished (main,compress)
						This took about 30 seconds, peak mem usage: 532.26 Mb
[1754082164] -- 01/08/2025 17:03:17 * Finished (main,compress)
						This took about 33 seconds, peak mem usage: 532.26 Mb
[1754082386] -- 01/08/2025 17:06:58 * Finished (main,compress)
						This took about 32 seconds, peak mem usage: 532.26 Mb
[1754082596] -- 01/08/2025 17:10:29 * Finished (main,compress)
						This took about 33 seconds, peak mem usage: 532.26 Mb
[1754082822] -- 01/08/2025 17:14:16 * Finished (main,compress)
						This took about 34 seconds, peak mem usage: 532.26 Mb
[1754083059] -- 01/08/2025 17:18:17 * Finished (main,compress)
						This took about 38 seconds, peak mem usage: 532.26 Mb
[1754083318] -- 01/08/2025 17:22:36 * Finished (main,compress)
						This took about 38 seconds, peak mem usage: 532.26 Mb
[1754083583] -- 01/08/2025 17:27:02 * Finished (main,compress)
						This took about 39 seconds, peak mem usage: 532.26 Mb
[1754083855] -- 01/08/2025 17:31:36 * Finished (main,compress)
						This took about 41 seconds, peak mem usage: 532.26 Mb
[1754084146] -- 01/08/2025 17:36:30 * Finished (main,compress)
						This took about 44 seconds, peak mem usage: 532.26 Mb
[1754084463] -- 01/08/2025 17:41:44 * Finished (main,compress)
						This took about 41 seconds, peak mem usage: 532.26 Mb
[1754084797] -- 01/08/2025 17:47:21 * Finished (main,compress)
						This took about 44 seconds, peak mem usage: 532.26 Mb
[1754085140] -- 01/08/2025 17:53:05 * Finished (main,compress)
						This took about 45 seconds, peak mem usage: 532.26 Mb
[1754085489] -- 01/08/2025 17:58:58 * Finished (main,compress)
						This took about 49 seconds, peak mem usage: 532.26 Mb
[1754085850] -- 01/08/2025 18:05:03 * Finished (main,compress)
						This took about 53 seconds, peak mem usage: 532.26 Mb
[1754086126] -- 01/08/2025 18:08:53 * Finished (main,compress)
						This took about 7 seconds, peak mem usage: 228.88 Mb
[1754086148] -- 01/08/2025 18:09:19 * Finished (main,compress)
						This took about 11 seconds, peak mem usage: 228.88 Mb
[1754086188] -- 01/08/2025 18:10:02 * Finished (main,compress)
						This took about 14 seconds, peak mem usage: 228.88 Mb
[1754086242] -- 01/08/2025 18:11:01 * Finished (main,compress)
						This took about 19 seconds, peak mem usage: 238.88 Mb
[1754086312] -- 01/08/2025 18:12:12 * Finished (main,compress)
						This took about 20 seconds, peak mem usage: 253.89 Mb
[1754086397] -- 01/08/2025 18:13:40 * Finished (main,compress)
						This took about 23 seconds, peak mem usage: 253.89 Mb
[1754086493] -- 01/08/2025 18:15:16 * Finished (main,compress)
						This took about 23 seconds, peak mem usage: 253.89 Mb
[1754086598] -- 01/08/2025 18:17:08 * Finished (main,compress)
						This took about 30 seconds, peak mem usage: 253.89 Mb
[1754086725] -- 01/08/2025 18:19:17 * Finished (main,compress)
						This took about 32 seconds, peak mem usage: 253.89 Mb
[1754086862] -- 01/08/2025 18:21:33 * Finished (main,compress)
						This took about 31 seconds, peak mem usage: 253.89 Mb
[1754087011] -- 01/08/2025 18:24:03 * Finished (main,compress)
						This took about 32 seconds, peak mem usage: 253.89 Mb
[1754087172] -- 01/08/2025 18:26:43 * Finished (main,compress)
						This took about 31 seconds, peak mem usage: 253.89 Mb
[1754087339] -- 01/08/2025 18:29:36 * Finished (main,compress)
						This took about 37 seconds, peak mem usage: 253.89 Mb
[1754087525] -- 01/08/2025 18:32:44 * Finished (main,compress)
						This took about 39 seconds, peak mem usage: 253.89 Mb
[1754087739] -- 01/08/2025 18:36:19 * Finished (main,compress)
						This took about 40 seconds, peak mem usage: 253.89 Mb
[1754087964] -- 01/08/2025 18:40:05 * Finished (main,compress)
						This took about 41 seconds, peak mem usage: 253.89 Mb
[1754088200] -- 01/08/2025 18:44:01 * Finished (main,compress)
						This took about 41 seconds, peak mem usage: 253.89 Mb
[1754088446] -- 01/08/2025 18:48:16 * Finished (main,compress)
						This took about 50 seconds, peak mem usage: 253.89 Mb
[1754088719] -- 01/08/2025 18:52:46 * Finished (main,compress)
						This took about 47 seconds, peak mem usage: 253.89 Mb
[1754089005] -- 01/08/2025 18:57:33 * Finished (main,compress)
						This took about 48 seconds, peak mem usage: 253.89 Mb
[1754089287] -- 01/08/2025 19:02:19 * Finished (main,compress)
						This took about 52 seconds, peak mem usage: 253.89 Mb
[1754089593] -- 01/08/2025 19:07:26 * Finished (main,compress)
						This took about 53 seconds, peak mem usage: 253.89 Mb
[1754089907] -- 01/08/2025 19:12:37 * Finished (main,compress)
						This took about 50 seconds, peak mem usage: 253.89 Mb
[1754090234] -- 01/08/2025 19:18:10 * Finished (main,compress)
						This took about 56 seconds, peak mem usage: 253.89 Mb
[1754090580] -- 01/08/2025 19:23:51 * Finished (main,compress)
						This took about 51 seconds, peak mem usage: 253.89 Mb
[1754090890] -- 01/08/2025 19:28:19 * Finished (main,compress)
						This took about 9 seconds, peak mem usage: 265.06 Mb
[1754090931] -- 01/08/2025 19:29:15 * Finished (main,compress)
						This took about 24 seconds, peak mem usage: 265.06 Mb
[1754091003] -- 01/08/2025 19:30:49 * Finished (main,compress)
						This took about 46 seconds, peak mem usage: 276.92 Mb
[1754091129] -- 01/08/2025 19:33:10 * Finished (main,compress)
						This took about 61 seconds, peak mem usage: 265.06 Mb
[1754091284] -- 01/08/2025 19:36:07 * Finished (main,compress)
						This took about 83 seconds, peak mem usage: 265.06 Mb
[1754091486] -- 01/08/2025 19:39:40 * Finished (main,compress)
						This took about 94 seconds, peak mem usage: 265.06 Mb
[1754091691] -- 01/08/2025 19:43:21 * Finished (main,compress)
						This took about 110 seconds, peak mem usage: 265.06 Mb
[1754091925] -- 01/08/2025 19:47:40 * Finished (main,compress)
						This took about 135 seconds, peak mem usage: 265.06 Mb
[1754092205] -- 01/08/2025 19:52:35 * Finished (main,compress)
						This took about 150 seconds, peak mem usage: 265.06 Mb
[1754092510] -- 01/08/2025 19:58:10 * Finished (main,compress)
						This took about 180 seconds, peak mem usage: 265.06 Mb
[1754092878] -- 01/08/2025 20:04:41 * Finished (main,compress)
						This took about 203 seconds, peak mem usage: 265.06 Mb
[1754093288] -- 01/08/2025 20:11:45 * Finished (main,compress)
						This took about 217 seconds, peak mem usage: 265.06 Mb
[1754093728] -- 01/08/2025 20:18:51 * Finished (main,compress)
						This took about 203 seconds, peak mem usage: 265.06 Mb
[1754094140] -- 01/08/2025 20:26:30 * Finished (main,compress)
						This took about 250 seconds, peak mem usage: 265.06 Mb
[1754094635] -- 01/08/2025 20:34:53 * Finished (main,compress)
						This took about 258 seconds, peak mem usage: 265.06 Mb
[1754095149] -- 01/08/2025 20:43:11 * Finished (main,compress)
						This took about 242 seconds, peak mem usage: 276.92 Mb
[1754095635] -- 01/08/2025 20:51:38 * Finished (main,compress)
						This took about 263 seconds, peak mem usage: 276.92 Mb
[1754096148] -- 01/08/2025 21:00:25 * Finished (main,compress)
						This took about 277 seconds, peak mem usage: 265.06 Mb
[1754096692] -- 01/08/2025 21:09:43 * Finished (main,compress)
						This took about 291 seconds, peak mem usage: 265.06 Mb
[1754097257] -- 01/08/2025 21:19:09 * Finished (main,compress)
						This took about 292 seconds, peak mem usage: 265.06 Mb
[1754097836] -- 01/08/2025 21:29:19 * Finished (main,compress)
						This took about 323 seconds, peak mem usage: 270.99 Mb
[1754098460] -- 01/08/2025 21:39:55 * Finished (main,compress)
						This took about 335 seconds, peak mem usage: 265.06 Mb
[1754099110] -- 01/08/2025 21:50:56 * Finished (main,compress)
						This took about 346 seconds, peak mem usage: 265.06 Mb
[1754099809] -- 01/08/2025 22:02:46 * Finished (main,compress)
						This took about 357 seconds, peak mem usage: 282.85 Mb
[1754100545] -- 01/08/2025 22:15:50 * Finished (main,compress)
						This took about 405 seconds, peak mem usage: 265.06 Mb
[1754101206] -- 01/08/2025 22:20:08 * Finished (main,compress)
						This took about 2 seconds, peak mem usage: 70.25 Mb
[1754101228] -- 01/08/2025 22:20:30 * Finished (main,compress)
						This took about 2 seconds, peak mem usage: 74.35 Mb
[1754101268] -- 01/08/2025 22:21:12 * Finished (main,compress)
						This took about 4 seconds, peak mem usage: 74.35 Mb
[1754101323] -- 01/08/2025 22:22:09 * Finished (main,compress)
						This took about 6 seconds, peak mem usage: 74.35 Mb
[1754101399] -- 01/08/2025 22:23:27 * Finished (main,compress)
						This took about 8 seconds, peak mem usage: 74.35 Mb
[1754101501] -- 01/08/2025 22:25:10 * Finished (main,compress)
						This took about 9 seconds, peak mem usage: 74.35 Mb
[1754101612] -- 01/08/2025 22:27:01 * Finished (main,compress)
						This took about 9 seconds, peak mem usage: 82.54 Mb
[1754101742] -- 01/08/2025 22:29:14 * Finished (main,compress)
						This took about 12 seconds, peak mem usage: 78.45 Mb
[1754101901] -- 01/08/2025 22:31:57 * Finished (main,compress)
						This took about 16 seconds, peak mem usage: 78.45 Mb
[1754102080] -- 01/08/2025 22:34:58 * Finished (main,compress)
						This took about 18 seconds, peak mem usage: 78.45 Mb
[1754102258] -- 01/08/2025 22:37:47 * Finished (main,compress)
						This took about 9 seconds, peak mem usage: 82.54 Mb
[1754102345] -- 01/08/2025 22:39:16 * Finished (main,compress)
						This took about 11 seconds, peak mem usage: 82.54 Mb
[1754102441] -- 01/08/2025 22:40:53 * Finished (main,compress)
						This took about 12 seconds, peak mem usage: 82.54 Mb
[1754102545] -- 01/08/2025 22:42:40 * Finished (main,compress)
						This took about 15 seconds, peak mem usage: 82.54 Mb
[1754102660] -- 01/08/2025 22:44:33 * Finished (main,compress)
						This took about 13 seconds, peak mem usage: 82.54 Mb
[1754102779] -- 01/08/2025 22:46:33 * Finished (main,compress)
						This took about 14 seconds, peak mem usage: 78.45 Mb
[1754102909] -- 01/08/2025 22:48:45 * Finished (main,compress)
						This took about 16 seconds, peak mem usage: 78.45 Mb
[1754103047] -- 01/08/2025 22:51:07 * Finished (main,compress)
						This took about 20 seconds, peak mem usage: 78.45 Mb
[1754103200] -- 01/08/2025 22:53:40 * Finished (main,compress)
						This took about 20 seconds, peak mem usage: 78.45 Mb
[1754103360] -- 01/08/2025 22:56:20 * Finished (main,compress)
						This took about 20 seconds, peak mem usage: 78.45 Mb
[1754103525] -- 01/08/2025 22:59:03 * Finished (main,compress)
						This took about 18 seconds, peak mem usage: 78.45 Mb
[1754103697] -- 01/08/2025 23:01:54 * Finished (main,compress)
						This took about 17 seconds, peak mem usage: 82.54 Mb
[1754103877] -- 01/08/2025 23:04:56 * Finished (main,compress)
						This took about 19 seconds, peak mem usage: 82.54 Mb
[1754104067] -- 01/08/2025 23:08:06 * Finished (main,compress)
						This took about 19 seconds, peak mem usage: 82.54 Mb
[1754104263] -- 01/08/2025 23:11:22 * Finished (main,compress)
						This took about 19 seconds, peak mem usage: 82.54 Mb
[1754104460] -- 01/08/2025 23:14:22 * Finished (main,compress)
						This took about 2 seconds, peak mem usage: 425.98 Mb
[1754104468] -- 01/08/2025 23:14:30 * Finished (main,compress)
						This took about 2 seconds, peak mem usage: 594.08 Mb
[1754104482] -- 01/08/2025 23:14:45 * Finished (main,compress)
						This took about 3 seconds, peak mem usage: 594.08 Mb
[1754104502] -- 01/08/2025 23:15:07 * Finished (main,compress)
						This took about 5 seconds, peak mem usage: 594.08 Mb
[1754104527] -- 01/08/2025 23:15:32 * Finished (main,compress)
						This took about 5 seconds, peak mem usage: 594.08 Mb
[1754104557] -- 01/08/2025 23:16:03 * Finished (main,compress)
						This took about 6 seconds, peak mem usage: 601.61 Mb
[1754104596] -- 01/08/2025 23:16:42 * Finished (main,compress)
						This took about 6 seconds, peak mem usage: 601.61 Mb
[1754104640] -- 01/08/2025 23:17:26 * Finished (main,compress)
						This took about 6 seconds, peak mem usage: 601.61 Mb
[1754104688] -- 01/08/2025 23:18:14 * Finished (main,compress)
						This took about 6 seconds, peak mem usage: 601.61 Mb
[1754104740] -- 01/08/2025 23:19:07 * Finished (main,compress)
						This took about 7 seconds, peak mem usage: 601.61 Mb
[1754104797] -- 01/08/2025 23:20:04 * Finished (main,compress)
						This took about 7 seconds, peak mem usage: 601.61 Mb
[1754104858] -- 01/08/2025 23:21:06 * Finished (main,compress)
						This took about 8 seconds, peak mem usage: 601.78 Mb
[1754104923] -- 01/08/2025 23:22:11 * Finished (main,compress)
						This took about 8 seconds, peak mem usage: 632.27 Mb
[1754104993] -- 01/08/2025 23:23:22 * Finished (main,compress)
						This took about 9 seconds, peak mem usage: 632.27 Mb
[1754105067] -- 01/08/2025 23:24:36 * Finished (main,compress)
						This took about 9 seconds, peak mem usage: 632.27 Mb
[1754105147] -- 01/08/2025 23:25:58 * Finished (main,compress)
						This took about 11 seconds, peak mem usage: 632.27 Mb
[1754105232] -- 01/08/2025 23:27:23 * Finished (main,compress)
						This took about 11 seconds, peak mem usage: 632.27 Mb
[1754105321] -- 01/08/2025 23:28:53 * Finished (main,compress)
						This took about 12 seconds, peak mem usage: 632.27 Mb
[1754105414] -- 01/08/2025 23:30:26 * Finished (main,compress)
						This took about 12 seconds, peak mem usage: 632.27 Mb
[1754105512] -- 01/08/2025 23:32:05 * Finished (main,compress)
						This took about 13 seconds, peak mem usage: 632.27 Mb
[1754105615] -- 01/08/2025 23:33:48 * Finished (main,compress)
						This took about 13 seconds, peak mem usage: 632.27 Mb
[1754105721] -- 01/08/2025 23:35:35 * Finished (main,compress)
						This took about 14 seconds, peak mem usage: 632.26 Mb
[1754105831] -- 01/08/2025 23:37:25 * Finished (main,compress)
						This took about 14 seconds, peak mem usage: 632.25 Mb
[1754105934] -- 01/08/2025 23:39:08 * Finished (main,compress)
						This took about 14 seconds, peak mem usage: 632.26 Mb
[1754106042] -- 01/08/2025 23:40:55 * Finished (main,compress)
						This took about 13 seconds, peak mem usage: 632.25 Mb
[1754106378] -- 01/08/2025 23:46:18 * Finished (main,compress)
						This took about 0 seconds, peak mem usage: 8.30 Mb
[1754106378] -- 01/08/2025 23:46:18 * Finished (main,compress)
						This took about 0 seconds, peak mem usage: 8.30 Mb
[1754106379] -- 01/08/2025 23:46:19 * Finished (main,compress)
						This took about 0 seconds, peak mem usage: 8.30 Mb
[1754106379] -- 01/08/2025 23:46:19 * Finished (main,compress)
						This took about 0 seconds, peak mem usage: 8.30 Mb
[1754106379] -- 01/08/2025 23:46:19 * Finished (main,compress)
						This took about 0 seconds, peak mem usage: 8.30 Mb
[1754106380] -- 01/08/2025 23:46:20 * Finished (main,compress)
						This took about 0 seconds, peak mem usage: 8.30 Mb
[1754106380] -- 01/08/2025 23:46:20 * Finished (main,compress)
						This took about 0 seconds, peak mem usage: 8.30 Mb
[1754106380] -- 01/08/2025 23:46:20 * Finished (main,compress)
						This took about 0 seconds, peak mem usage: 8.30 Mb
[1754106380] -- 01/08/2025 23:46:20 * Finished (main,compress)
						This took about 0 seconds, peak mem usage: 8.30 Mb
[1754106381] -- 01/08/2025 23:46:21 * Finished (main,compress)
						This took about 0 seconds, peak mem usage: 8.30 Mb
[1754106381] -- 01/08/2025 23:46:21 * Finished (main,compress)
						This took about 0 seconds, peak mem usage: 8.30 Mb
[1754106381] -- 01/08/2025 23:46:21 * Finished (main,compress)
						This took about 0 seconds, peak mem usage: 8.30 Mb
[1754106382] -- 01/08/2025 23:46:22 * Finished (main,compress)
						This took about 0 seconds, peak mem usage: 8.30 Mb
[1754106382] -- 01/08/2025 23:46:22 * Finished (main,compress)
						This took about 0 seconds, peak mem usage: 8.30 Mb
[1754106382] -- 01/08/2025 23:46:22 * Finished (main,compress)
						This took about 0 seconds, peak mem usage: 8.30 Mb
[1754106383] -- 01/08/2025 23:46:23 * Finished (main,compress)
						This took about 0 seconds, peak mem usage: 8.30 Mb
[1754106383] -- 01/08/2025 23:46:23 * Finished (main,compress)
						This took about 0 seconds, peak mem usage: 8.30 Mb
[1754106383] -- 01/08/2025 23:46:23 * Finished (main,compress)
						This took about 0 seconds, peak mem usage: 8.30 Mb
[1754106384] -- 01/08/2025 23:46:24 * Finished (main,compress)
						This took about 0 seconds, peak mem usage: 8.30 Mb
[1754106384] -- 01/08/2025 23:46:24 * Finished (main,compress)
						This took about 0 seconds, peak mem usage: 8.30 Mb
[1754106385] -- 01/08/2025 23:46:25 * Finished (main,compress)
						This took about 0 seconds, peak mem usage: 8.30 Mb
[1754106385] -- 01/08/2025 23:46:25 * Finished (main,compress)
						This took about 0 seconds, peak mem usage: 8.30 Mb
[1754106385] -- 01/08/2025 23:46:25 * Finished (main,compress)
						This took about 0 seconds, peak mem usage: 8.30 Mb
[1754106386] -- 01/08/2025 23:46:26 * Finished (main,compress)
						This took about 0 seconds, peak mem usage: 8.30 Mb
[1754106386] -- 01/08/2025 23:46:26 * Finished (main,compress)
						This took about 0 seconds, peak mem usage: 8.30 Mb
[1754106387] -- 01/08/2025 23:46:27 * Finished (main,compress)
						This took about 0 seconds, peak mem usage: 11.02 Mb
[1754106388] -- 01/08/2025 23:46:28 * Finished (main,compress)
						This took about 0 seconds, peak mem usage: 11.02 Mb
[1754106389] -- 01/08/2025 23:46:29 * Finished (main,compress)
						This took about 0 seconds, peak mem usage: 11.02 Mb
[1754106390] -- 01/08/2025 23:46:30 * Finished (main,compress)
						This took about 0 seconds, peak mem usage: 11.02 Mb
[1754106391] -- 01/08/2025 23:46:31 * Finished (main,compress)
						This took about 0 seconds, peak mem usage: 11.02 Mb
[1754106392] -- 01/08/2025 23:46:32 * Finished (main,compress)
						This took about 0 seconds, peak mem usage: 11.02 Mb
[1754106393] -- 01/08/2025 23:46:33 * Finished (main,compress)
						This took about 0 seconds, peak mem usage: 11.01 Mb
[1754106394] -- 01/08/2025 23:46:34 * Finished (main,compress)
						This took about 0 seconds, peak mem usage: 11.02 Mb
[1754106395] -- 01/08/2025 23:46:36 * Finished (main,compress)
						This took about 1 seconds, peak mem usage: 11.02 Mb
[1754106397] -- 01/08/2025 23:46:37 * Finished (main,compress)
						This took about 0 seconds, peak mem usage: 10.87 Mb
[1754106398] -- 01/08/2025 23:46:38 * Finished (main,compress)
						This took about 0 seconds, peak mem usage: 10.87 Mb
[1754106399] -- 01/08/2025 23:46:39 * Finished (main,compress)
						This took about 0 seconds, peak mem usage: 10.88 Mb
[1754106401] -- 01/08/2025 23:46:41 * Finished (main,compress)
						This took about 0 seconds, peak mem usage: 11.02 Mb
[1754106402] -- 01/08/2025 23:46:42 * Finished (main,compress)
						This took about 0 seconds, peak mem usage: 11.03 Mb
[1754106404] -- 01/08/2025 23:46:44 * Finished (main,compress)
						This took about 0 seconds, peak mem usage: 10.88 Mb
[1754106405] -- 01/08/2025 23:46:45 * Finished (main,compress)
						This took about 0 seconds, peak mem usage: 10.87 Mb
[1754106407] -- 01/08/2025 23:46:47 * Finished (main,compress)
						This took about 0 seconds, peak mem usage: 10.87 Mb
[1754106408] -- 01/08/2025 23:46:48 * Finished (main,compress)
						This took about 0 seconds, peak mem usage: 10.87 Mb
[1754106410] -- 01/08/2025 23:46:50 * Finished (main,compress)
						This took about 0 seconds, peak mem usage: 11.02 Mb
[1754106412] -- 01/08/2025 23:46:52 * Finished (main,compress)
						This took about 0 seconds, peak mem usage: 11.02 Mb
[1754106413] -- 01/08/2025 23:46:53 * Finished (main,compress)
						This took about 0 seconds, peak mem usage: 10.87 Mb
[1754106415] -- 01/08/2025 23:46:55 * Finished (main,compress)
						This took about 0 seconds, peak mem usage: 10.87 Mb
[1754106417] -- 01/08/2025 23:46:57 * Finished (main,compress)
						This took about 0 seconds, peak mem usage: 10.87 Mb
[1754106419] -- 01/08/2025 23:46:59 * Finished (main,compress)
						This took about 0 seconds, peak mem usage: 10.87 Mb
[1754106421] -- 01/08/2025 23:47:01 * Finished (main,compress)
						This took about 0 seconds, peak mem usage: 10.87 Mb
[1754106423] -- 01/08/2025 23:47:03 * Finished (main,compress)
						This took about 0 seconds, peak mem usage: 12.78 Mb
[1754106424] -- 01/08/2025 23:47:04 * Finished (main,compress)
						This took about 0 seconds, peak mem usage: 13.03 Mb
[1754106425] -- 01/08/2025 23:47:05 * Finished (main,compress)
						This took about 0 seconds, peak mem usage: 12.78 Mb
[1754106426] -- 01/08/2025 23:47:06 * Finished (main,compress)
						This took about 0 seconds, peak mem usage: 12.78 Mb
[1754106427] -- 01/08/2025 23:47:07 * Finished (main,compress)
						This took about 0 seconds, peak mem usage: 12.91 Mb
[1754106429] -- 01/08/2025 23:47:09 * Finished (main,compress)
						This took about 0 seconds, peak mem usage: 12.91 Mb
[1754106430] -- 01/08/2025 23:47:10 * Finished (main,compress)
						This took about 0 seconds, peak mem usage: 12.91 Mb
[1754106432] -- 01/08/2025 23:47:12 * Finished (main,compress)
						This took about 0 seconds, peak mem usage: 12.91 Mb
[1754106434] -- 01/08/2025 23:47:14 * Finished (main,compress)
						This took about 0 seconds, peak mem usage: 12.91 Mb
[1754106435] -- 01/08/2025 23:47:15 * Finished (main,compress)
						This took about 0 seconds, peak mem usage: 13.03 Mb
[1754106437] -- 01/08/2025 23:47:17 * Finished (main,compress)
						This took about 0 seconds, peak mem usage: 12.91 Mb
[1754106440] -- 01/08/2025 23:47:20 * Finished (main,compress)
						This took about 0 seconds, peak mem usage: 12.91 Mb
[1754106442] -- 01/08/2025 23:47:22 * Finished (main,compress)
						This took about 0 seconds, peak mem usage: 12.91 Mb
[1754106445] -- 01/08/2025 23:47:25 * Finished (main,compress)
						This took about 0 seconds, peak mem usage: 12.91 Mb
[1754106447] -- 01/08/2025 23:47:27 * Finished (main,compress)
						This took about 0 seconds, peak mem usage: 12.91 Mb
[1754106450] -- 01/08/2025 23:47:30 * Finished (main,compress)
						This took about 0 seconds, peak mem usage: 12.91 Mb
[1754106453] -- 01/08/2025 23:47:33 * Finished (main,compress)
						This took about 0 seconds, peak mem usage: 13.03 Mb
[1754106456] -- 01/08/2025 23:47:36 * Finished (main,compress)
						This took about 0 seconds, peak mem usage: 12.91 Mb
[1754106459] -- 01/08/2025 23:47:39 * Finished (main,compress)
						This took about 0 seconds, peak mem usage: 13.03 Mb
[1754106462] -- 01/08/2025 23:47:42 * Finished (main,compress)
						This took about 0 seconds, peak mem usage: 13.03 Mb
[1754106465] -- 01/08/2025 23:47:45 * Finished (main,compress)
						This took about 0 seconds, peak mem usage: 12.91 Mb
[1754106468] -- 01/08/2025 23:47:49 * Finished (main,compress)
						This took about 1 seconds, peak mem usage: 12.91 Mb
[1754106472] -- 01/08/2025 23:47:52 * Finished (main,compress)
						This took about 0 seconds, peak mem usage: 12.91 Mb
[1754106476] -- 01/08/2025 23:47:56 * Finished (main,compress)
						This took about 0 seconds, peak mem usage: 12.91 Mb
[1754106479] -- 01/08/2025 23:47:59 * Finished (main,compress)
						This took about 0 seconds, peak mem usage: 12.91 Mb
[1754106484] -- 01/08/2025 23:48:04 * Finished (main,compress)
						This took about 0 seconds, peak mem usage: 33.66 Mb
[1754106485] -- 01/08/2025 23:48:06 * Finished (main,compress)
						This took about 1 seconds, peak mem usage: 35.89 Mb
[1754106488] -- 01/08/2025 23:48:08 * Finished (main,compress)
						This took about 0 seconds, peak mem usage: 35.89 Mb
[1754106491] -- 01/08/2025 23:48:11 * Finished (main,compress)
						This took about 0 seconds, peak mem usage: 42.62 Mb
[1754106495] -- 01/08/2025 23:48:15 * Finished (main,compress)
						This took about 0 seconds, peak mem usage: 38.13 Mb
[1754106500] -- 01/08/2025 23:48:20 * Finished (main,compress)
						This took about 0 seconds, peak mem usage: 38.13 Mb
[1754106507] -- 01/08/2025 23:48:27 * Finished (main,compress)
						This took about 0 seconds, peak mem usage: 38.13 Mb
[1754106514] -- 01/08/2025 23:48:34 * Finished (main,compress)
						This took about 0 seconds, peak mem usage: 38.13 Mb
[1754106522] -- 01/08/2025 23:48:43 * Finished (main,compress)
						This took about 1 seconds, peak mem usage: 38.13 Mb
[1754106531] -- 01/08/2025 23:48:52 * Finished (main,compress)
						This took about 1 seconds, peak mem usage: 38.13 Mb
[1754106541] -- 01/08/2025 23:49:02 * Finished (main,compress)
						This took about 1 seconds, peak mem usage: 38.13 Mb
[1754106553] -- 01/08/2025 23:49:13 * Finished (main,compress)
						This took about 0 seconds, peak mem usage: 38.13 Mb
[1754106565] -- 01/08/2025 23:49:25 * Finished (main,compress)
						This took about 0 seconds, peak mem usage: 38.13 Mb
[1754106577] -- 01/08/2025 23:49:37 * Finished (main,compress)
						This took about 0 seconds, peak mem usage: 38.13 Mb
[1754106591] -- 01/08/2025 23:49:51 * Finished (main,compress)
						This took about 0 seconds, peak mem usage: 38.13 Mb
[1754106604] -- 01/08/2025 23:50:04 * Finished (main,compress)
						This took about 0 seconds, peak mem usage: 38.13 Mb
[1754106618] -- 01/08/2025 23:50:18 * Finished (main,compress)
						This took about 0 seconds, peak mem usage: 38.13 Mb
[1754106633] -- 01/08/2025 23:50:33 * Finished (main,compress)
						This took about 0 seconds, peak mem usage: 38.13 Mb
[1754106648] -- 01/08/2025 23:50:48 * Finished (main,compress)
						This took about 0 seconds, peak mem usage: 38.13 Mb
[1754106663] -- 01/08/2025 23:51:04 * Finished (main,compress)
						This took about 1 seconds, peak mem usage: 38.13 Mb
[1754106680] -- 01/08/2025 23:51:21 * Finished (main,compress)
						This took about 1 seconds, peak mem usage: 38.13 Mb
[1754106699] -- 01/08/2025 23:51:39 * Finished (main,compress)
						This took about 0 seconds, peak mem usage: 38.13 Mb
[1754106718] -- 01/08/2025 23:51:58 * Finished (main,compress)
						This took about 0 seconds, peak mem usage: 38.13 Mb
[1754106738] -- 01/08/2025 23:52:18 * Finished (main,compress)
						This took about 0 seconds, peak mem usage: 38.13 Mb
[1754106759] -- 01/08/2025 23:52:39 * Finished (main,compress)
						This took about 0 seconds, peak mem usage: 38.13 Mb
[1754106781] -- 01/08/2025 23:53:01 * Finished (main,compress)
						This took about 0 seconds, peak mem usage: 18.37 Mb
[1754106782] -- 01/08/2025 23:53:03 * Finished (main,compress)
						This took about 1 seconds, peak mem usage: 19.52 Mb
[1754106783] -- 01/08/2025 23:53:05 * Finished (main,compress)
						This took about 2 seconds, peak mem usage: 19.52 Mb
[1754106786] -- 01/08/2025 23:53:09 * Finished (main,compress)
						This took about 3 seconds, peak mem usage: 19.52 Mb
[1754106790] -- 01/08/2025 23:53:16 * Finished (main,compress)
						This took about 6 seconds, peak mem usage: 19.52 Mb
[1754106797] -- 01/08/2025 23:53:23 * Finished (main,compress)
						This took about 6 seconds, peak mem usage: 19.90 Mb
[1754106804] -- 01/08/2025 23:53:33 * Finished (main,compress)
						This took about 9 seconds, peak mem usage: 19.90 Mb
[1754106814] -- 01/08/2025 23:53:46 * Finished (main,compress)
						This took about 12 seconds, peak mem usage: 19.90 Mb
[1754106827] -- 01/08/2025 23:54:00 * Finished (main,compress)
						This took about 13 seconds, peak mem usage: 20.03 Mb
[1754106841] -- 01/08/2025 23:54:17 * Finished (main,compress)
						This took about 16 seconds, peak mem usage: 20.03 Mb
[1754106859] -- 01/08/2025 23:54:39 * Finished (main,compress)
						This took about 20 seconds, peak mem usage: 20.03 Mb
[1754106880] -- 01/08/2025 23:55:03 * Finished (main,compress)
						This took about 23 seconds, peak mem usage: 20.03 Mb
[1754106905] -- 01/08/2025 23:55:32 * Finished (main,compress)
						This took about 27 seconds, peak mem usage: 20.03 Mb
[1754106934] -- 01/08/2025 23:56:04 * Finished (main,compress)
						This took about 30 seconds, peak mem usage: 20.03 Mb
[1754106966] -- 01/08/2025 23:56:40 * Finished (main,compress)
						This took about 34 seconds, peak mem usage: 20.03 Mb
[1754107002] -- 01/08/2025 23:57:18 * Finished (main,compress)
						This took about 36 seconds, peak mem usage: 20.03 Mb
[1754107041] -- 01/08/2025 23:58:04 * Finished (main,compress)
						This took about 43 seconds, peak mem usage: 20.03 Mb
[1754107086] -- 01/08/2025 23:58:49 * Finished (main,compress)
						This took about 43 seconds, peak mem usage: 20.03 Mb
[1754107131] -- 01/08/2025 23:59:34 * Finished (main,compress)
						This took about 43 seconds, peak mem usage: 21.18 Mb
[1754107176] -- 02/08/2025 00:00:25 * Finished (main,compress)
						This took about 49 seconds, peak mem usage: 21.18 Mb
[1754107227] -- 02/08/2025 00:01:19 * Finished (main,compress)
						This took about 52 seconds, peak mem usage: 21.18 Mb
[1754107281] -- 02/08/2025 00:02:13 * Finished (main,compress)
						This took about 52 seconds, peak mem usage: 21.19 Mb
[1754107335] -- 02/08/2025 00:03:09 * Finished (main,compress)
						This took about 54 seconds, peak mem usage: 21.18 Mb
[1754107391] -- 02/08/2025 00:04:04 * Finished (main,compress)
						This took about 53 seconds, peak mem usage: 21.18 Mb
[1754107447] -- 02/08/2025 00:05:01 * Finished (main,compress)
						This took about 54 seconds, peak mem usage: 21.18 Mb
[1754107504] -- 02/08/2025 00:05:04 * Finished (main,compress)
						This took about 0 seconds, peak mem usage: 12.45 Mb
[1754107504] -- 02/08/2025 00:05:04 * Finished (main,compress)
						This took about 0 seconds, peak mem usage: 12.45 Mb
[1754107505] -- 02/08/2025 00:05:05 * Finished (main,compress)
						This took about 0 seconds, peak mem usage: 12.45 Mb
[1754107506] -- 02/08/2025 00:05:06 * Finished (main,compress)
						This took about 0 seconds, peak mem usage: 12.45 Mb
[1754107506] -- 02/08/2025 00:05:06 * Finished (main,compress)
						This took about 0 seconds, peak mem usage: 12.45 Mb
[1754107507] -- 02/08/2025 00:05:08 * Finished (main,compress)
						This took about 1 seconds, peak mem usage: 12.45 Mb
[1754107509] -- 02/08/2025 00:05:09 * Finished (main,compress)
						This took about 0 seconds, peak mem usage: 12.82 Mb
[1754107510] -- 02/08/2025 00:05:10 * Finished (main,compress)
						This took about 0 seconds, peak mem usage: 12.82 Mb
[1754107511] -- 02/08/2025 00:05:11 * Finished (main,compress)
						This took about 0 seconds, peak mem usage: 12.82 Mb
[1754107513] -- 02/08/2025 00:05:13 * Finished (main,compress)
						This took about 0 seconds, peak mem usage: 12.82 Mb
[1754107514] -- 02/08/2025 00:05:14 * Finished (main,compress)
						This took about 0 seconds, peak mem usage: 12.82 Mb
[1754107516] -- 02/08/2025 00:05:16 * Finished (main,compress)
						This took about 0 seconds, peak mem usage: 12.82 Mb
[1754107518] -- 02/08/2025 00:05:18 * Finished (main,compress)
						This took about 0 seconds, peak mem usage: 13.19 Mb
[1754107520] -- 02/08/2025 00:05:20 * Finished (main,compress)
						This took about 0 seconds, peak mem usage: 13.19 Mb
[1754107522] -- 02/08/2025 00:05:22 * Finished (main,compress)
						This took about 0 seconds, peak mem usage: 13.19 Mb
[1754107525] -- 02/08/2025 00:05:25 * Finished (main,compress)
						This took about 0 seconds, peak mem usage: 13.19 Mb
[1754107527] -- 02/08/2025 00:05:27 * Finished (main,compress)
						This took about 0 seconds, peak mem usage: 13.19 Mb
[1754107530] -- 02/08/2025 00:05:30 * Finished (main,compress)
						This took about 0 seconds, peak mem usage: 13.19 Mb
[1754107532] -- 02/08/2025 00:05:32 * Finished (main,compress)
						This took about 0 seconds, peak mem usage: 13.38 Mb
[1754107535] -- 02/08/2025 00:05:35 * Finished (main,compress)
						This took about 0 seconds, peak mem usage: 13.38 Mb
[1754107538] -- 02/08/2025 00:05:38 * Finished (main,compress)
						This took about 0 seconds, peak mem usage: 13.38 Mb
[1754107542] -- 02/08/2025 00:05:42 * Finished (main,compress)
						This took about 0 seconds, peak mem usage: 13.38 Mb
[1754107545] -- 02/08/2025 00:05:45 * Finished (main,compress)
						This took about 0 seconds, peak mem usage: 13.38 Mb
[1754107548] -- 02/08/2025 00:05:48 * Finished (main,compress)
						This took about 0 seconds, peak mem usage: 13.38 Mb
[1754107552] -- 02/08/2025 00:05:52 * Finished (main,compress)
						This took about 0 seconds, peak mem usage: 13.38 Mb
[1754107560] -- 02/08/2025 00:06:02 * Finished (main,compress)
						This took about 2 seconds, peak mem usage: 496.23 Mb
[1754107571] -- 02/08/2025 00:06:14 * Finished (main,compress)
						This took about 3 seconds, peak mem usage: 496.23 Mb
[1754107589] -- 02/08/2025 00:06:33 * Finished (main,compress)
						This took about 4 seconds, peak mem usage: 517.85 Mb
[1754107610] -- 02/08/2025 00:06:54 * Finished (main,compress)
						This took about 4 seconds, peak mem usage: 539.48 Mb
[1754107636] -- 02/08/2025 00:07:21 * Finished (main,compress)
						This took about 5 seconds, peak mem usage: 546.69 Mb
[1754107668] -- 02/08/2025 00:07:56 * Finished (main,compress)
						This took about 8 seconds, peak mem usage: 539.48 Mb
[1754107707] -- 02/08/2025 00:08:35 * Finished (main,compress)
						This took about 8 seconds, peak mem usage: 539.48 Mb
[1754107748] -- 02/08/2025 00:09:16 * Finished (main,compress)
						This took about 8 seconds, peak mem usage: 539.48 Mb
[1754107792] -- 02/08/2025 00:10:01 * Finished (main,compress)
						This took about 9 seconds, peak mem usage: 539.48 Mb
[1754107841] -- 02/08/2025 00:10:52 * Finished (main,compress)
						This took about 11 seconds, peak mem usage: 539.48 Mb
[1754107897] -- 02/08/2025 00:11:50 * Finished (main,compress)
						This took about 13 seconds, peak mem usage: 539.48 Mb
[1754107957] -- 02/08/2025 00:12:50 * Finished (main,compress)
						This took about 13 seconds, peak mem usage: 539.48 Mb
[1754108021] -- 02/08/2025 00:13:56 * Finished (main,compress)
						This took about 15 seconds, peak mem usage: 539.68 Mb
[1754108091] -- 02/08/2025 00:15:06 * Finished (main,compress)
						This took about 15 seconds, peak mem usage: 539.68 Mb
[1754108161] -- 02/08/2025 00:16:17 * Finished (main,compress)
						This took about 16 seconds, peak mem usage: 539.68 Mb
[1754108237] -- 02/08/2025 00:17:34 * Finished (main,compress)
						This took about 17 seconds, peak mem usage: 539.48 Mb
[1754108318] -- 02/08/2025 00:18:56 * Finished (main,compress)
						This took about 18 seconds, peak mem usage: 539.48 Mb
[1754108400] -- 02/08/2025 00:20:19 * Finished (main,compress)
						This took about 19 seconds, peak mem usage: 539.48 Mb
[1754108486] -- 02/08/2025 00:21:44 * Finished (main,compress)
						This took about 18 seconds, peak mem usage: 539.48 Mb
[1754108573] -- 02/08/2025 00:23:11 * Finished (main,compress)
						This took about 18 seconds, peak mem usage: 539.48 Mb
[1754108663] -- 02/08/2025 00:24:41 * Finished (main,compress)
						This took about 18 seconds, peak mem usage: 539.48 Mb
[1754108756] -- 02/08/2025 00:26:15 * Finished (main,compress)
						This took about 19 seconds, peak mem usage: 539.48 Mb
[1754108852] -- 02/08/2025 00:27:52 * Finished (main,compress)
						This took about 20 seconds, peak mem usage: 539.48 Mb
[1754108949] -- 02/08/2025 00:29:29 * Finished (main,compress)
						This took about 20 seconds, peak mem usage: 539.48 Mb
[1754109049] -- 02/08/2025 00:31:10 * Finished (main,compress)
						This took about 21 seconds, peak mem usage: 539.48 Mb
[1754109108] -- 02/08/2025 00:31:51 * Finished (main,compress)
						This took about 3 seconds, peak mem usage: 228.88 Mb
[1754109115] -- 02/08/2025 00:32:00 * Finished (main,compress)
						This took about 5 seconds, peak mem usage: 228.88 Mb
[1754109128] -- 02/08/2025 00:32:15 * Finished (main,compress)
						This took about 7 seconds, peak mem usage: 243.89 Mb
[1754109145] -- 02/08/2025 00:32:33 * Finished (main,compress)
						This took about 8 seconds, peak mem usage: 243.89 Mb
[1754109167] -- 02/08/2025 00:32:56 * Finished (main,compress)
						This took about 9 seconds, peak mem usage: 243.89 Mb
[1754109192] -- 02/08/2025 00:33:22 * Finished (main,compress)
						This took about 10 seconds, peak mem usage: 243.89 Mb
[1754109218] -- 02/08/2025 00:33:48 * Finished (main,compress)
						This took about 10 seconds, peak mem usage: 243.89 Mb
[1754109247] -- 02/08/2025 00:34:19 * Finished (main,compress)
						This took about 12 seconds, peak mem usage: 259.02 Mb
[1754109281] -- 02/08/2025 00:34:54 * Finished (main,compress)
						This took about 13 seconds, peak mem usage: 259.02 Mb
[1754109319] -- 02/08/2025 00:35:35 * Finished (main,compress)
						This took about 16 seconds, peak mem usage: 259.02 Mb
[1754109363] -- 02/08/2025 00:36:19 * Finished (main,compress)
						This took about 16 seconds, peak mem usage: 259.02 Mb
[1754109408] -- 02/08/2025 00:37:04 * Finished (main,compress)
						This took about 16 seconds, peak mem usage: 259.02 Mb
[1754109456] -- 02/08/2025 00:37:52 * Finished (main,compress)
						This took about 16 seconds, peak mem usage: 259.02 Mb
[1754109506] -- 02/08/2025 00:38:44 * Finished (main,compress)
						This took about 18 seconds, peak mem usage: 259.02 Mb
[1754109560] -- 02/08/2025 00:39:36 * Finished (main,compress)
						This took about 16 seconds, peak mem usage: 259.02 Mb
[1754109615] -- 02/08/2025 00:40:32 * Finished (main,compress)
						This took about 17 seconds, peak mem usage: 264.03 Mb
[1754109672] -- 02/08/2025 00:41:28 * Finished (main,compress)
						This took about 16 seconds, peak mem usage: 264.03 Mb
[1754109729] -- 02/08/2025 00:42:24 * Finished (main,compress)
						This took about 15 seconds, peak mem usage: 264.03 Mb
[1754109788] -- 02/08/2025 00:43:23 * Finished (main,compress)
						This took about 15 seconds, peak mem usage: 264.03 Mb
[1754109849] -- 02/08/2025 00:44:24 * Finished (main,compress)
						This took about 15 seconds, peak mem usage: 264.03 Mb
[1754109913] -- 02/08/2025 00:45:29 * Finished (main,compress)
						This took about 16 seconds, peak mem usage: 264.03 Mb
[1754109979] -- 02/08/2025 00:46:35 * Finished (main,compress)
						This took about 16 seconds, peak mem usage: 264.03 Mb
[1754110046] -- 02/08/2025 00:47:42 * Finished (main,compress)
						This took about 16 seconds, peak mem usage: 264.03 Mb
[1754110114] -- 02/08/2025 00:48:50 * Finished (main,compress)
						This took about 16 seconds, peak mem usage: 264.03 Mb
[1754110184] -- 02/08/2025 00:49:59 * Finished (main,compress)
						This took about 15 seconds, peak mem usage: 264.03 Mb
[1754110243] -- 02/08/2025 00:50:48 * Finished (main,compress)
						This took about 5 seconds, peak mem usage: 265.06 Mb
[1754110260] -- 02/08/2025 00:51:11 * Finished (main,compress)
						This took about 11 seconds, peak mem usage: 265.06 Mb
[1754110291] -- 02/08/2025 00:51:54 * Finished (main,compress)
						This took about 23 seconds, peak mem usage: 265.06 Mb
[1754110336] -- 02/08/2025 00:52:48 * Finished (main,compress)
						This took about 32 seconds, peak mem usage: 270.99 Mb
[1754110397] -- 02/08/2025 00:53:51 * Finished (main,compress)
						This took about 34 seconds, peak mem usage: 265.06 Mb
[1754110461] -- 02/08/2025 00:55:06 * Finished (main,compress)
						This took about 45 seconds, peak mem usage: 265.06 Mb
[1754110545] -- 02/08/2025 00:56:33 * Finished (main,compress)
						This took about 48 seconds, peak mem usage: 265.06 Mb
[1754110633] -- 02/08/2025 00:58:11 * Finished (main,compress)
						This took about 58 seconds, peak mem usage: 270.99 Mb
[1754110735] -- 02/08/2025 00:59:59 * Finished (main,compress)
						This took about 64 seconds, peak mem usage: 265.06 Mb
[1754110847] -- 02/08/2025 01:02:00 * Finished (main,compress)
						This took about 73 seconds, peak mem usage: 270.99 Mb
[1754110972] -- 02/08/2025 01:04:07 * Finished (main,compress)
						This took about 75 seconds, peak mem usage: 265.06 Mb
[1754111101] -- 02/08/2025 01:06:24 * Finished (main,compress)
						This took about 83 seconds, peak mem usage: 265.06 Mb
[1754111241] -- 02/08/2025 01:08:48 * Finished (main,compress)
						This took about 87 seconds, peak mem usage: 270.99 Mb
[1754111386] -- 02/08/2025 01:11:23 * Finished (main,compress)
						This took about 97 seconds, peak mem usage: 282.85 Mb
[1754111546] -- 02/08/2025 01:14:02 * Finished (main,compress)
						This took about 96 seconds, peak mem usage: 265.06 Mb
[1754111707] -- 02/08/2025 01:16:55 * Finished (main,compress)
						This took about 108 seconds, peak mem usage: 270.99 Mb
[1754111883] -- 02/08/2025 01:19:55 * Finished (main,compress)
						This took about 112 seconds, peak mem usage: 265.06 Mb
[1754112065] -- 02/08/2025 01:23:03 * Finished (main,compress)
						This took about 118 seconds, peak mem usage: 265.06 Mb
[1754112257] -- 02/08/2025 01:26:25 * Finished (main,compress)
						This took about 128 seconds, peak mem usage: 265.06 Mb
[1754112463] -- 02/08/2025 01:29:55 * Finished (main,compress)
						This took about 132 seconds, peak mem usage: 265.06 Mb
[1754112673] -- 02/08/2025 01:33:29 * Finished (main,compress)
						This took about 136 seconds, peak mem usage: 265.06 Mb
[1754112891] -- 02/08/2025 01:37:10 * Finished (main,compress)
						This took about 139 seconds, peak mem usage: 265.06 Mb
[1754113113] -- 02/08/2025 01:40:57 * Finished (main,compress)
						This took about 144 seconds, peak mem usage: 265.06 Mb
[1754113343] -- 02/08/2025 01:44:51 * Finished (main,compress)
						This took about 148 seconds, peak mem usage: 265.06 Mb
[1754113578] -- 02/08/2025 01:48:49 * Finished (main,compress)
						This took about 151 seconds, peak mem usage: 265.06 Mb
[1754113772] -- 02/08/2025 01:49:32 * Finished (main,compress)
						This took about 0 seconds, peak mem usage: 70.25 Mb
[1754113777] -- 02/08/2025 01:49:39 * Finished (main,compress)
						This took about 2 seconds, peak mem usage: 74.35 Mb
[1754113787] -- 02/08/2025 01:49:49 * Finished (main,compress)
						This took about 2 seconds, peak mem usage: 74.35 Mb
[1754113800] -- 02/08/2025 01:50:02 * Finished (main,compress)
						This took about 2 seconds, peak mem usage: 78.45 Mb
[1754113815] -- 02/08/2025 01:50:18 * Finished (main,compress)
						This took about 3 seconds, peak mem usage: 78.45 Mb
[1754113835] -- 02/08/2025 01:50:38 * Finished (main,compress)
						This took about 3 seconds, peak mem usage: 78.45 Mb
[1754113857] -- 02/08/2025 01:51:00 * Finished (main,compress)
						This took about 3 seconds, peak mem usage: 78.45 Mb
[1754113882] -- 02/08/2025 01:51:25 * Finished (main,compress)
						This took about 3 seconds, peak mem usage: 78.45 Mb
[1754113911] -- 02/08/2025 01:51:54 * Finished (main,compress)
						This took about 3 seconds, peak mem usage: 78.45 Mb
[1754113943] -- 02/08/2025 01:52:27 * Finished (main,compress)
						This took about 4 seconds, peak mem usage: 78.45 Mb
[1754113976] -- 02/08/2025 01:53:00 * Finished (main,compress)
						This took about 4 seconds, peak mem usage: 78.45 Mb
[1754114012] -- 02/08/2025 01:53:37 * Finished (main,compress)
						This took about 5 seconds, peak mem usage: 78.45 Mb
[1754114054] -- 02/08/2025 01:54:20 * Finished (main,compress)
						This took about 6 seconds, peak mem usage: 78.45 Mb
[1754114100] -- 02/08/2025 01:55:06 * Finished (main,compress)
						This took about 6 seconds, peak mem usage: 78.45 Mb
[1754114148] -- 02/08/2025 01:55:57 * Finished (main,compress)
						This took about 9 seconds, peak mem usage: 78.45 Mb
[1754114201] -- 02/08/2025 01:56:49 * Finished (main,compress)
						This took about 8 seconds, peak mem usage: 82.54 Mb
[1754114254] -- 02/08/2025 01:57:42 * Finished (main,compress)
						This took about 8 seconds, peak mem usage: 78.45 Mb
[1754114308] -- 02/08/2025 01:58:37 * Finished (main,compress)
						This took about 9 seconds, peak mem usage: 78.45 Mb
[1754114367] -- 02/08/2025 01:59:36 * Finished (main,compress)
						This took about 9 seconds, peak mem usage: 78.45 Mb
[1754114428] -- 02/08/2025 02:00:38 * Finished (main,compress)
						This took about 10 seconds, peak mem usage: 78.45 Mb
[1754114493] -- 02/08/2025 02:01:44 * Finished (main,compress)
						This took about 11 seconds, peak mem usage: 78.45 Mb
[1754114561] -- 02/08/2025 02:02:52 * Finished (main,compress)
						This took about 11 seconds, peak mem usage: 78.45 Mb
[1754114631] -- 02/08/2025 02:04:01 * Finished (main,compress)
						This took about 10 seconds, peak mem usage: 78.45 Mb
[1754114703] -- 02/08/2025 02:05:14 * Finished (main,compress)
						This took about 11 seconds, peak mem usage: 78.45 Mb
[1754114780] -- 02/08/2025 02:06:32 * Finished (main,compress)
						This took about 12 seconds, peak mem usage: 78.45 Mb
[1754114851] -- 02/08/2025 02:07:32 * Finished (main,compress)
						This took about 1 seconds, peak mem usage: 425.98 Mb
[1754114857] -- 02/08/2025 02:07:41 * Finished (main,compress)
						This took about 4 seconds, peak mem usage: 624.61 Mb
[1754114869] -- 02/08/2025 02:07:53 * Finished (main,compress)
						This took about 4 seconds, peak mem usage: 624.61 Mb
[1754114883] -- 02/08/2025 02:08:07 * Finished (main,compress)
						This took about 4 seconds, peak mem usage: 624.61 Mb
[1754114898] -- 02/08/2025 02:08:23 * Finished (main,compress)
						This took about 5 seconds, peak mem usage: 624.61 Mb
[1754114915] -- 02/08/2025 02:08:40 * Finished (main,compress)
						This took about 5 seconds, peak mem usage: 624.61 Mb
[1754114934] -- 02/08/2025 02:09:01 * Finished (main,compress)
						This took about 7 seconds, peak mem usage: 624.61 Mb
[1754114958] -- 02/08/2025 02:09:25 * Finished (main,compress)
						This took about 7 seconds, peak mem usage: 624.61 Mb
[1754114984] -- 02/08/2025 02:09:52 * Finished (main,compress)
						This took about 8 seconds, peak mem usage: 624.61 Mb
[1754115014] -- 02/08/2025 02:10:22 * Finished (main,compress)
						This took about 8 seconds, peak mem usage: 624.61 Mb
[1754115046] -- 02/08/2025 02:10:54 * Finished (main,compress)
						This took about 8 seconds, peak mem usage: 624.61 Mb
[1754115080] -- 02/08/2025 02:11:28 * Finished (main,compress)
						This took about 8 seconds, peak mem usage: 624.61 Mb
[1754115116] -- 02/08/2025 02:12:05 * Finished (main,compress)
						This took about 9 seconds, peak mem usage: 624.61 Mb
[1754115155] -- 02/08/2025 02:12:44 * Finished (main,compress)
						This took about 9 seconds, peak mem usage: 624.61 Mb
[1754115196] -- 02/08/2025 02:13:26 * Finished (main,compress)
						This took about 10 seconds, peak mem usage: 624.61 Mb
[1754115240] -- 02/08/2025 02:14:10 * Finished (main,compress)
						This took about 10 seconds, peak mem usage: 624.61 Mb
[1754115286] -- 02/08/2025 02:14:58 * Finished (main,compress)
						This took about 12 seconds, peak mem usage: 624.61 Mb
[1754115338] -- 02/08/2025 02:15:49 * Finished (main,compress)
						This took about 11 seconds, peak mem usage: 624.61 Mb
[1754115390] -- 02/08/2025 02:16:41 * Finished (main,compress)
						This took about 11 seconds, peak mem usage: 624.61 Mb
[1754115444] -- 02/08/2025 02:17:37 * Finished (main,compress)
						This took about 13 seconds, peak mem usage: 624.61 Mb
[1754115501] -- 02/08/2025 02:18:34 * Finished (main,compress)
						This took about 13 seconds, peak mem usage: 624.61 Mb
[1754115559] -- 02/08/2025 02:19:32 * Finished (main,compress)
						This took about 13 seconds, peak mem usage: 624.61 Mb
[1754115620] -- 02/08/2025 02:20:33 * Finished (main,compress)
						This took about 13 seconds, peak mem usage: 624.61 Mb
[1754115683] -- 02/08/2025 02:21:36 * Finished (main,compress)
						This took about 13 seconds, peak mem usage: 624.61 Mb
[1754115749] -- 02/08/2025 02:22:42 * Finished (main,compress)
						This took about 13 seconds, peak mem usage: 624.61 Mb
[1754117961] -- 02/08/2025 02:59:21 * Finished (main,compress)
						This took about 0 seconds, peak mem usage: 8.30 Mb
[1754117962] -- 02/08/2025 02:59:22 * Finished (main,compress)
						This took about 0 seconds, peak mem usage: 8.30 Mb
[1754117962] -- 02/08/2025 02:59:22 * Finished (main,compress)
						This took about 0 seconds, peak mem usage: 8.30 Mb
[1754117963] -- 02/08/2025 02:59:23 * Finished (main,compress)
						This took about 0 seconds, peak mem usage: 8.30 Mb
[1754117963] -- 02/08/2025 02:59:23 * Finished (main,compress)
						This took about 0 seconds, peak mem usage: 8.30 Mb
[1754117963] -- 02/08/2025 02:59:23 * Finished (main,compress)
						This took about 0 seconds, peak mem usage: 8.30 Mb
[1754117963] -- 02/08/2025 02:59:23 * Finished (main,compress)
						This took about 0 seconds, peak mem usage: 8.30 Mb
[1754117964] -- 02/08/2025 02:59:24 * Finished (main,compress)
						This took about 0 seconds, peak mem usage: 8.30 Mb
[1754117964] -- 02/08/2025 02:59:24 * Finished (main,compress)
						This took about 0 seconds, peak mem usage: 8.30 Mb
[1754117965] -- 02/08/2025 02:59:25 * Finished (main,compress)
						This took about 0 seconds, peak mem usage: 8.30 Mb
[1754117965] -- 02/08/2025 02:59:25 * Finished (main,compress)
						This took about 0 seconds, peak mem usage: 8.30 Mb
[1754117966] -- 02/08/2025 02:59:26 * Finished (main,compress)
						This took about 0 seconds, peak mem usage: 8.30 Mb
[1754117966] -- 02/08/2025 02:59:26 * Finished (main,compress)
						This took about 0 seconds, peak mem usage: 8.30 Mb
[1754117967] -- 02/08/2025 02:59:27 * Finished (main,compress)
						This took about 0 seconds, peak mem usage: 8.30 Mb
[1754117967] -- 02/08/2025 02:59:27 * Finished (main,compress)
						This took about 0 seconds, peak mem usage: 8.30 Mb
[1754117968] -- 02/08/2025 02:59:28 * Finished (main,compress)
						This took about 0 seconds, peak mem usage: 8.30 Mb
[1754117968] -- 02/08/2025 02:59:28 * Finished (main,compress)
						This took about 0 seconds, peak mem usage: 8.30 Mb
[1754117969] -- 02/08/2025 02:59:29 * Finished (main,compress)
						This took about 0 seconds, peak mem usage: 8.30 Mb
[1754117970] -- 02/08/2025 02:59:30 * Finished (main,compress)
						This took about 0 seconds, peak mem usage: 8.30 Mb
[1754117970] -- 02/08/2025 02:59:30 * Finished (main,compress)
						This took about 0 seconds, peak mem usage: 8.30 Mb
[1754117971] -- 02/08/2025 02:59:31 * Finished (main,compress)
						This took about 0 seconds, peak mem usage: 8.30 Mb
[1754117972] -- 02/08/2025 02:59:32 * Finished (main,compress)
						This took about 0 seconds, peak mem usage: 8.30 Mb
[1754117972] -- 02/08/2025 02:59:32 * Finished (main,compress)
						This took about 0 seconds, peak mem usage: 8.30 Mb
[1754117973] -- 02/08/2025 02:59:33 * Finished (main,compress)
						This took about 0 seconds, peak mem usage: 8.30 Mb
[1754117974] -- 02/08/2025 02:59:34 * Finished (main,compress)
						This took about 0 seconds, peak mem usage: 8.30 Mb
[1754117975] -- 02/08/2025 02:59:35 * Finished (main,compress)
						This took about 0 seconds, peak mem usage: 11.02 Mb
[1754117976] -- 02/08/2025 02:59:36 * Finished (main,compress)
						This took about 0 seconds, peak mem usage: 11.02 Mb
[1754117977] -- 02/08/2025 02:59:37 * Finished (main,compress)
						This took about 0 seconds, peak mem usage: 10.86 Mb
[1754117978] -- 02/08/2025 02:59:38 * Finished (main,compress)
						This took about 0 seconds, peak mem usage: 11.02 Mb
[1754117979] -- 02/08/2025 02:59:39 * Finished (main,compress)
						This took about 0 seconds, peak mem usage: 11.01 Mb
[1754117980] -- 02/08/2025 02:59:40 * Finished (main,compress)
						This took about 0 seconds, peak mem usage: 11.02 Mb
[1754117981] -- 02/08/2025 02:59:41 * Finished (main,compress)
						This took about 0 seconds, peak mem usage: 11.02 Mb
[1754117983] -- 02/08/2025 02:59:43 * Finished (main,compress)
						This took about 0 seconds, peak mem usage: 11.02 Mb
[1754117984] -- 02/08/2025 02:59:45 * Finished (main,compress)
						This took about 1 seconds, peak mem usage: 10.87 Mb
[1754117986] -- 02/08/2025 02:59:46 * Finished (main,compress)
						This took about 0 seconds, peak mem usage: 11.02 Mb
[1754117988] -- 02/08/2025 02:59:48 * Finished (main,compress)
						This took about 0 seconds, peak mem usage: 10.88 Mb
[1754117990] -- 02/08/2025 02:59:50 * Finished (main,compress)
						This took about 0 seconds, peak mem usage: 11.02 Mb
[1754117992] -- 02/08/2025 02:59:52 * Finished (main,compress)
						This took about 0 seconds, peak mem usage: 11.03 Mb
[1754117994] -- 02/08/2025 02:59:54 * Finished (main,compress)
						This took about 0 seconds, peak mem usage: 10.87 Mb
[1754117996] -- 02/08/2025 02:59:56 * Finished (main,compress)
						This took about 0 seconds, peak mem usage: 10.88 Mb
[1754117998] -- 02/08/2025 02:59:59 * Finished (main,compress)
						This took about 1 seconds, peak mem usage: 10.87 Mb
[1754118001] -- 02/08/2025 03:00:01 * Finished (main,compress)
						This took about 0 seconds, peak mem usage: 10.87 Mb
[1754118004] -- 02/08/2025 03:00:04 * Finished (main,compress)
						This took about 0 seconds, peak mem usage: 10.88 Mb
[1754118006] -- 02/08/2025 03:00:06 * Finished (main,compress)
						This took about 0 seconds, peak mem usage: 11.03 Mb
[1754118009] -- 02/08/2025 03:00:09 * Finished (main,compress)
						This took about 0 seconds, peak mem usage: 11.03 Mb
[1754118012] -- 02/08/2025 03:00:12 * Finished (main,compress)
						This took about 0 seconds, peak mem usage: 10.88 Mb
[1754118015] -- 02/08/2025 03:00:15 * Finished (main,compress)
						This took about 0 seconds, peak mem usage: 10.87 Mb
[1754118018] -- 02/08/2025 03:00:18 * Finished (main,compress)
						This took about 0 seconds, peak mem usage: 10.87 Mb
[1754118021] -- 02/08/2025 03:00:22 * Finished (main,compress)
						This took about 1 seconds, peak mem usage: 10.87 Mb
[1754118025] -- 02/08/2025 03:00:25 * Finished (main,compress)
						This took about 0 seconds, peak mem usage: 10.88 Mb
[1754118029] -- 02/08/2025 03:00:29 * Finished (main,compress)
						This took about 0 seconds, peak mem usage: 12.78 Mb
[1754118030] -- 02/08/2025 03:00:30 * Finished (main,compress)
						This took about 0 seconds, peak mem usage: 13.03 Mb
[1754118031] -- 02/08/2025 03:00:31 * Finished (main,compress)
						This took about 0 seconds, peak mem usage: 12.91 Mb
[1754118032] -- 02/08/2025 03:00:32 * Finished (main,compress)
						This took about 0 seconds, peak mem usage: 12.78 Mb
[1754118034] -- 02/08/2025 03:00:34 * Finished (main,compress)
						This took about 0 seconds, peak mem usage: 12.78 Mb
[1754118036] -- 02/08/2025 03:00:36 * Finished (main,compress)
						This took about 0 seconds, peak mem usage: 12.91 Mb
[1754118039] -- 02/08/2025 03:00:39 * Finished (main,compress)
						This took about 0 seconds, peak mem usage: 12.91 Mb
[1754118041] -- 02/08/2025 03:00:41 * Finished (main,compress)
						This took about 0 seconds, peak mem usage: 12.91 Mb
[1754118044] -- 02/08/2025 03:00:44 * Finished (main,compress)
						This took about 0 seconds, peak mem usage: 13.03 Mb
[1754118047] -- 02/08/2025 03:00:47 * Finished (main,compress)
						This took about 0 seconds, peak mem usage: 12.91 Mb
[1754118050] -- 02/08/2025 03:00:50 * Finished (main,compress)
						This took about 0 seconds, peak mem usage: 12.91 Mb
[1754118054] -- 02/08/2025 03:00:54 * Finished (main,compress)
						This took about 0 seconds, peak mem usage: 12.91 Mb
[1754118058] -- 02/08/2025 03:00:58 * Finished (main,compress)
						This took about 0 seconds, peak mem usage: 12.91 Mb
[1754118062] -- 02/08/2025 03:01:02 * Finished (main,compress)
						This took about 0 seconds, peak mem usage: 12.91 Mb
[1754118066] -- 02/08/2025 03:01:06 * Finished (main,compress)
						This took about 0 seconds, peak mem usage: 12.91 Mb
[1754118071] -- 02/08/2025 03:01:11 * Finished (main,compress)
						This took about 0 seconds, peak mem usage: 12.91 Mb
[1754118076] -- 02/08/2025 03:01:16 * Finished (main,compress)
						This took about 0 seconds, peak mem usage: 12.91 Mb
[1754118081] -- 02/08/2025 03:01:21 * Finished (main,compress)
						This took about 0 seconds, peak mem usage: 12.91 Mb
[1754118086] -- 02/08/2025 03:01:26 * Finished (main,compress)
						This took about 0 seconds, peak mem usage: 13.03 Mb
[1754118092] -- 02/08/2025 03:01:32 * Finished (main,compress)
						This took about 0 seconds, peak mem usage: 12.91 Mb
[1754118098] -- 02/08/2025 03:01:38 * Finished (main,compress)
						This took about 0 seconds, peak mem usage: 12.91 Mb
[1754118104] -- 02/08/2025 03:01:44 * Finished (main,compress)
						This took about 0 seconds, peak mem usage: 12.91 Mb
[1754118111] -- 02/08/2025 03:01:51 * Finished (main,compress)
						This took about 0 seconds, peak mem usage: 12.91 Mb
[1754118118] -- 02/08/2025 03:01:58 * Finished (main,compress)
						This took about 0 seconds, peak mem usage: 12.91 Mb
[1754118125] -- 02/08/2025 03:02:05 * Finished (main,compress)
						This took about 0 seconds, peak mem usage: 12.91 Mb
[1754118132] -- 02/08/2025 03:02:12 * Finished (main,compress)
						This took about 0 seconds, peak mem usage: 33.66 Mb
[1754118134] -- 02/08/2025 03:02:14 * Finished (main,compress)
						This took about 0 seconds, peak mem usage: 35.89 Mb
[1754118137] -- 02/08/2025 03:02:17 * Finished (main,compress)
						This took about 0 seconds, peak mem usage: 35.89 Mb
[1754118143] -- 02/08/2025 03:02:23 * Finished (main,compress)
						This took about 0 seconds, peak mem usage: 35.89 Mb
[1754118153] -- 02/08/2025 03:02:33 * Finished (main,compress)
						This took about 0 seconds, peak mem usage: 40.37 Mb
[1754118165] -- 02/08/2025 03:02:45 * Finished (main,compress)
						This took about 0 seconds, peak mem usage: 40.37 Mb
[1754118177] -- 02/08/2025 03:02:57 * Finished (main,compress)
						This took about 0 seconds, peak mem usage: 40.37 Mb
[1754118189] -- 02/08/2025 03:03:09 * Finished (main,compress)
						This took about 0 seconds, peak mem usage: 40.37 Mb
[1754118204] -- 02/08/2025 03:03:24 * Finished (main,compress)
						This took about 0 seconds, peak mem usage: 40.37 Mb
[1754118219] -- 02/08/2025 03:03:39 * Finished (main,compress)
						This took about 0 seconds, peak mem usage: 40.37 Mb
[1754118234] -- 02/08/2025 03:03:54 * Finished (main,compress)
						This took about 0 seconds, peak mem usage: 40.37 Mb
[1754118252] -- 02/08/2025 03:04:12 * Finished (main,compress)
						This took about 0 seconds, peak mem usage: 40.37 Mb
[1754118270] -- 02/08/2025 03:04:30 * Finished (main,compress)
						This took about 0 seconds, peak mem usage: 40.37 Mb
[1754118291] -- 02/08/2025 03:04:52 * Finished (main,compress)
						This took about 1 seconds, peak mem usage: 40.37 Mb
[1754118314] -- 02/08/2025 03:05:14 * Finished (main,compress)
						This took about 0 seconds, peak mem usage: 40.37 Mb
[1754118337] -- 02/08/2025 03:05:37 * Finished (main,compress)
						This took about 0 seconds, peak mem usage: 40.37 Mb
[1754118364] -- 02/08/2025 03:06:04 * Finished (main,compress)
						This took about 0 seconds, peak mem usage: 40.37 Mb
[1754118393] -- 02/08/2025 03:06:33 * Finished (main,compress)
						This took about 0 seconds, peak mem usage: 40.37 Mb
[1754118423] -- 02/08/2025 03:07:03 * Finished (main,compress)
						This took about 0 seconds, peak mem usage: 40.37 Mb
[1754118455] -- 02/08/2025 03:07:35 * Finished (main,compress)
						This took about 0 seconds, peak mem usage: 40.37 Mb
[1754118489] -- 02/08/2025 03:08:10 * Finished (main,compress)
						This took about 1 seconds, peak mem usage: 40.37 Mb
[1754118525] -- 02/08/2025 03:08:45 * Finished (main,compress)
						This took about 0 seconds, peak mem usage: 40.37 Mb
[1754118563] -- 02/08/2025 03:09:24 * Finished (main,compress)
						This took about 1 seconds, peak mem usage: 40.37 Mb
[1754118606] -- 02/08/2025 03:10:06 * Finished (main,compress)
						This took about 0 seconds, peak mem usage: 40.37 Mb
[1754118648] -- 02/08/2025 03:10:49 * Finished (main,compress)
						This took about 1 seconds, peak mem usage: 40.37 Mb
[1754118693] -- 02/08/2025 03:11:33 * Finished (main,compress)
						This took about 0 seconds, peak mem usage: 18.37 Mb
[1754118694] -- 02/08/2025 03:11:35 * Finished (main,compress)
						This took about 1 seconds, peak mem usage: 21.05 Mb
[1754118696] -- 02/08/2025 03:11:38 * Finished (main,compress)
						This took about 2 seconds, peak mem usage: 21.05 Mb
[1754118699] -- 02/08/2025 03:11:43 * Finished (main,compress)
						This took about 4 seconds, peak mem usage: 21.05 Mb
[1754118704] -- 02/08/2025 03:11:50 * Finished (main,compress)
						This took about 6 seconds, peak mem usage: 21.05 Mb
[1754118711] -- 02/08/2025 03:12:00 * Finished (main,compress)
						This took about 9 seconds, peak mem usage: 21.05 Mb
[1754118722] -- 02/08/2025 03:12:11 * Finished (main,compress)
						This took about 9 seconds, peak mem usage: 21.05 Mb
[1754118733] -- 02/08/2025 03:12:25 * Finished (main,compress)
						This took about 12 seconds, peak mem usage: 21.05 Mb
[1754118747] -- 02/08/2025 03:12:43 * Finished (main,compress)
						This took about 16 seconds, peak mem usage: 21.18 Mb
[1754118765] -- 02/08/2025 03:13:06 * Finished (main,compress)
						This took about 21 seconds, peak mem usage: 21.18 Mb
[1754118788] -- 02/08/2025 03:13:30 * Finished (main,compress)
						This took about 22 seconds, peak mem usage: 21.18 Mb
[1754118813] -- 02/08/2025 03:13:58 * Finished (main,compress)
						This took about 25 seconds, peak mem usage: 21.18 Mb
[1754118840] -- 02/08/2025 03:14:24 * Finished (main,compress)
						This took about 24 seconds, peak mem usage: 21.18 Mb
[1754118867] -- 02/08/2025 03:14:55 * Finished (main,compress)
						This took about 28 seconds, peak mem usage: 21.18 Mb
[1754118898] -- 02/08/2025 03:15:31 * Finished (main,compress)
						This took about 33 seconds, peak mem usage: 21.18 Mb
[1754118934] -- 02/08/2025 03:16:09 * Finished (main,compress)
						This took about 35 seconds, peak mem usage: 21.18 Mb
[1754118972] -- 02/08/2025 03:16:51 * Finished (main,compress)
						This took about 39 seconds, peak mem usage: 21.18 Mb
[1754119015] -- 02/08/2025 03:17:37 * Finished (main,compress)
						This took about 42 seconds, peak mem usage: 21.18 Mb
[1754119060] -- 02/08/2025 03:18:25 * Finished (main,compress)
						This took about 45 seconds, peak mem usage: 21.18 Mb
[1754119108] -- 02/08/2025 03:19:11 * Finished (main,compress)
						This took about 43 seconds, peak mem usage: 21.18 Mb
[1754119154] -- 02/08/2025 03:20:03 * Finished (main,compress)
						This took about 49 seconds, peak mem usage: 21.18 Mb
[1754119207] -- 02/08/2025 03:20:58 * Finished (main,compress)
						This took about 51 seconds, peak mem usage: 21.18 Mb
[1754119262] -- 02/08/2025 03:21:55 * Finished (main,compress)
						This took about 53 seconds, peak mem usage: 21.18 Mb
[1754119319] -- 02/08/2025 03:22:51 * Finished (main,compress)
						This took about 52 seconds, peak mem usage: 21.18 Mb
[1754119375] -- 02/08/2025 03:23:49 * Finished (main,compress)
						This took about 54 seconds, peak mem usage: 21.18 Mb
[1754119433] -- 02/08/2025 03:23:53 * Finished (main,compress)
						This took about 0 seconds, peak mem usage: 12.45 Mb
[1754119434] -- 02/08/2025 03:23:54 * Finished (main,compress)
						This took about 0 seconds, peak mem usage: 12.45 Mb
[1754119435] -- 02/08/2025 03:23:55 * Finished (main,compress)
						This took about 0 seconds, peak mem usage: 12.45 Mb
[1754119436] -- 02/08/2025 03:23:56 * Finished (main,compress)
						This took about 0 seconds, peak mem usage: 12.45 Mb
[1754119438] -- 02/08/2025 03:23:58 * Finished (main,compress)
						This took about 0 seconds, peak mem usage: 12.45 Mb
[1754119440] -- 02/08/2025 03:24:00 * Finished (main,compress)
						This took about 0 seconds, peak mem usage: 12.45 Mb
[1754119442] -- 02/08/2025 03:24:02 * Finished (main,compress)
						This took about 0 seconds, peak mem usage: 12.45 Mb
[1754119445] -- 02/08/2025 03:24:05 * Finished (main,compress)
						This took about 0 seconds, peak mem usage: 12.45 Mb
[1754119447] -- 02/08/2025 03:24:07 * Finished (main,compress)
						This took about 0 seconds, peak mem usage: 12.26 Mb
[1754119450] -- 02/08/2025 03:24:11 * Finished (main,compress)
						This took about 1 seconds, peak mem usage: 12.26 Mb
[1754119454] -- 02/08/2025 03:24:14 * Finished (main,compress)
						This took about 0 seconds, peak mem usage: 12.26 Mb
[1754119458] -- 02/08/2025 03:24:18 * Finished (main,compress)
						This took about 0 seconds, peak mem usage: 12.26 Mb
[1754119462] -- 02/08/2025 03:24:22 * Finished (main,compress)
						This took about 0 seconds, peak mem usage: 12.26 Mb
[1754119466] -- 02/08/2025 03:24:26 * Finished (main,compress)
						This took about 0 seconds, peak mem usage: 18.02 Mb
[1754119471] -- 02/08/2025 03:24:31 * Finished (main,compress)
						This took about 0 seconds, peak mem usage: 18.02 Mb
[1754119476] -- 02/08/2025 03:24:36 * Finished (main,compress)
						This took about 0 seconds, peak mem usage: 18.02 Mb
[1754119481] -- 02/08/2025 03:24:41 * Finished (main,compress)
						This took about 0 seconds, peak mem usage: 18.02 Mb
[1754119487] -- 02/08/2025 03:24:47 * Finished (main,compress)
						This took about 0 seconds, peak mem usage: 18.02 Mb
[1754119493] -- 02/08/2025 03:24:53 * Finished (main,compress)
						This took about 0 seconds, peak mem usage: 18.02 Mb
[1754119499] -- 02/08/2025 03:24:59 * Finished (main,compress)
						This took about 0 seconds, peak mem usage: 18.02 Mb
[1754119506] -- 02/08/2025 03:25:06 * Finished (main,compress)
						This took about 0 seconds, peak mem usage: 18.02 Mb
[1754119513] -- 02/08/2025 03:25:13 * Finished (main,compress)
						This took about 0 seconds, peak mem usage: 18.02 Mb
[1754119520] -- 02/08/2025 03:25:20 * Finished (main,compress)
						This took about 0 seconds, peak mem usage: 18.02 Mb
[1754119527] -- 02/08/2025 03:25:28 * Finished (main,compress)
						This took about 1 seconds, peak mem usage: 18.02 Mb
[1754119535] -- 02/08/2025 03:25:35 * Finished (main,compress)
						This took about 0 seconds, peak mem usage: 18.02 Mb
[1754119548] -- 02/08/2025 03:25:50 * Finished (main,compress)
						This took about 2 seconds, peak mem usage: 496.23 Mb
[1754119561] -- 02/08/2025 03:26:04 * Finished (main,compress)
						This took about 3 seconds, peak mem usage: 496.23 Mb
[1754119583] -- 02/08/2025 03:26:29 * Finished (main,compress)
						This took about 6 seconds, peak mem usage: 496.23 Mb
[1754119615] -- 02/08/2025 03:27:02 * Finished (main,compress)
						This took about 7 seconds, peak mem usage: 496.23 Mb
[1754119653] -- 02/08/2025 03:27:41 * Finished (main,compress)
						This took about 8 seconds, peak mem usage: 510.64 Mb
[1754119701] -- 02/08/2025 03:28:30 * Finished (main,compress)
						This took about 9 seconds, peak mem usage: 510.64 Mb
[1754119756] -- 02/08/2025 03:29:26 * Finished (main,compress)
						This took about 10 seconds, peak mem usage: 510.64 Mb
[1754119818] -- 02/08/2025 03:30:29 * Finished (main,compress)
						This took about 11 seconds, peak mem usage: 510.64 Mb
[1754119885] -- 02/08/2025 03:31:37 * Finished (main,compress)
						This took about 12 seconds, peak mem usage: 510.64 Mb
[1754119957] -- 02/08/2025 03:32:49 * Finished (main,compress)
						This took about 12 seconds, peak mem usage: 510.64 Mb
[1754120035] -- 02/08/2025 03:34:08 * Finished (main,compress)
						This took about 13 seconds, peak mem usage: 532.26 Mb
[1754120119] -- 02/08/2025 03:35:32 * Finished (main,compress)
						This took about 13 seconds, peak mem usage: 532.26 Mb
[1754120209] -- 02/08/2025 03:37:04 * Finished (main,compress)
						This took about 15 seconds, peak mem usage: 532.26 Mb
[1754120304] -- 02/08/2025 03:38:39 * Finished (main,compress)
						This took about 15 seconds, peak mem usage: 532.26 Mb
[1754120405] -- 02/08/2025 03:40:20 * Finished (main,compress)
						This took about 15 seconds, peak mem usage: 532.26 Mb
[1754120511] -- 02/08/2025 03:42:08 * Finished (main,compress)
						This took about 17 seconds, peak mem usage: 532.26 Mb
[1754120623] -- 02/08/2025 03:44:00 * Finished (main,compress)
						This took about 17 seconds, peak mem usage: 532.26 Mb
[1754120742] -- 02/08/2025 03:45:59 * Finished (main,compress)
						This took about 17 seconds, peak mem usage: 532.26 Mb
[1754120864] -- 02/08/2025 03:48:02 * Finished (main,compress)
						This took about 18 seconds, peak mem usage: 532.26 Mb
[1754120991] -- 02/08/2025 03:50:10 * Finished (main,compress)
						This took about 19 seconds, peak mem usage: 532.26 Mb
[1754121123] -- 02/08/2025 03:52:22 * Finished (main,compress)
						This took about 19 seconds, peak mem usage: 532.26 Mb
[1754121262] -- 02/08/2025 03:54:41 * Finished (main,compress)
						This took about 19 seconds, peak mem usage: 532.26 Mb
[1754121406] -- 02/08/2025 03:57:06 * Finished (main,compress)
						This took about 20 seconds, peak mem usage: 532.26 Mb
[1754121555] -- 02/08/2025 03:59:36 * Finished (main,compress)
						This took about 21 seconds, peak mem usage: 532.26 Mb
[1754121712] -- 02/08/2025 04:02:14 * Finished (main,compress)
						This took about 22 seconds, peak mem usage: 532.26 Mb
[1754121830] -- 02/08/2025 04:03:53 * Finished (main,compress)
						This took about 3 seconds, peak mem usage: 228.88 Mb
[1754121839] -- 02/08/2025 04:04:04 * Finished (main,compress)
						This took about 5 seconds, peak mem usage: 228.88 Mb
[1754121856] -- 02/08/2025 04:04:23 * Finished (main,compress)
						This took about 7 seconds, peak mem usage: 228.88 Mb
[1754121881] -- 02/08/2025 04:04:50 * Finished (main,compress)
						This took about 9 seconds, peak mem usage: 238.88 Mb
[1754121913] -- 02/08/2025 04:05:22 * Finished (main,compress)
						This took about 9 seconds, peak mem usage: 253.89 Mb
[1754121951] -- 02/08/2025 04:06:01 * Finished (main,compress)
						This took about 10 seconds, peak mem usage: 253.89 Mb
[1754121994] -- 02/08/2025 04:06:44 * Finished (main,compress)
						This took about 10 seconds, peak mem usage: 253.89 Mb
[1754122041] -- 02/08/2025 04:07:35 * Finished (main,compress)
						This took about 14 seconds, peak mem usage: 253.89 Mb
[1754122098] -- 02/08/2025 04:08:33 * Finished (main,compress)
						This took about 15 seconds, peak mem usage: 253.89 Mb
[1754122161] -- 02/08/2025 04:09:35 * Finished (main,compress)
						This took about 14 seconds, peak mem usage: 253.89 Mb
[1754122227] -- 02/08/2025 04:10:42 * Finished (main,compress)
						This took about 15 seconds, peak mem usage: 253.89 Mb
[1754122300] -- 02/08/2025 04:11:54 * Finished (main,compress)
						This took about 14 seconds, peak mem usage: 253.89 Mb
[1754122377] -- 02/08/2025 04:13:14 * Finished (main,compress)
						This took about 17 seconds, peak mem usage: 253.89 Mb
[1754122461] -- 02/08/2025 04:14:37 * Finished (main,compress)
						This took about 16 seconds, peak mem usage: 253.89 Mb
[1754122550] -- 02/08/2025 04:16:07 * Finished (main,compress)
						This took about 17 seconds, peak mem usage: 253.89 Mb
[1754122647] -- 02/08/2025 04:17:44 * Finished (main,compress)
						This took about 17 seconds, peak mem usage: 253.89 Mb
[1754122748] -- 02/08/2025 04:19:27 * Finished (main,compress)
						This took about 19 seconds, peak mem usage: 253.89 Mb
[1754122859] -- 02/08/2025 04:21:18 * Finished (main,compress)
						This took about 19 seconds, peak mem usage: 253.89 Mb
[1754122974] -- 02/08/2025 04:23:16 * Finished (main,compress)
						This took about 22 seconds, peak mem usage: 253.89 Mb
[1754123096] -- 02/08/2025 04:25:18 * Finished (main,compress)
						This took about 22 seconds, peak mem usage: 253.89 Mb
[1754123225] -- 02/08/2025 04:27:27 * Finished (main,compress)
						This took about 22 seconds, peak mem usage: 253.89 Mb
[1754123357] -- 02/08/2025 04:29:40 * Finished (main,compress)
						This took about 23 seconds, peak mem usage: 253.89 Mb
[1754123494] -- 02/08/2025 04:31:55 * Finished (main,compress)
						This took about 21 seconds, peak mem usage: 253.89 Mb
[1754123636] -- 02/08/2025 04:34:20 * Finished (main,compress)
						This took about 24 seconds, peak mem usage: 253.89 Mb
[1754123787] -- 02/08/2025 04:36:50 * Finished (main,compress)
						This took about 23 seconds, peak mem usage: 253.89 Mb
[1754123928] -- 02/08/2025 04:38:53 * Finished (main,compress)
						This took about 5 seconds, peak mem usage: 265.06 Mb
[1754123946] -- 02/08/2025 04:39:17 * Finished (main,compress)
						This took about 11 seconds, peak mem usage: 265.06 Mb
[1754123977] -- 02/08/2025 04:39:58 * Finished (main,compress)
						This took about 21 seconds, peak mem usage: 276.92 Mb
[1754124026] -- 02/08/2025 04:40:51 * Finished (main,compress)
						This took about 25 seconds, peak mem usage: 265.06 Mb
[1754124085] -- 02/08/2025 04:41:59 * Finished (main,compress)
						This took about 34 seconds, peak mem usage: 265.06 Mb
[1754124163] -- 02/08/2025 04:43:25 * Finished (main,compress)
						This took about 42 seconds, peak mem usage: 265.06 Mb
[1754124253] -- 02/08/2025 04:45:02 * Finished (main,compress)
						This took about 49 seconds, peak mem usage: 265.06 Mb
[1754124357] -- 02/08/2025 04:46:57 * Finished (main,compress)
						This took about 60 seconds, peak mem usage: 265.06 Mb
[1754124479] -- 02/08/2025 04:49:06 * Finished (main,compress)
						This took about 67 seconds, peak mem usage: 265.06 Mb
[1754124611] -- 02/08/2025 04:51:25 * Finished (main,compress)
						This took about 74 seconds, peak mem usage: 265.06 Mb
[1754124756] -- 02/08/2025 04:53:57 * Finished (main,compress)
						This took about 81 seconds, peak mem usage: 265.06 Mb
[1754124917] -- 02/08/2025 04:56:44 * Finished (main,compress)
						This took about 87 seconds, peak mem usage: 265.06 Mb
[1754125089] -- 02/08/2025 04:59:39 * Finished (main,compress)
						This took about 90 seconds, peak mem usage: 265.06 Mb
[1754125266] -- 02/08/2025 05:02:47 * Finished (main,compress)
						This took about 101 seconds, peak mem usage: 265.06 Mb
[1754125461] -- 02/08/2025 05:06:08 * Finished (main,compress)
						This took about 107 seconds, peak mem usage: 265.06 Mb
[1754125667] -- 02/08/2025 05:09:34 * Finished (main,compress)
						This took about 107 seconds, peak mem usage: 276.92 Mb
[1754125880] -- 02/08/2025 05:13:15 * Finished (main,compress)
						This took about 115 seconds, peak mem usage: 276.92 Mb
[1754126106] -- 02/08/2025 05:17:07 * Finished (main,compress)
						This took about 121 seconds, peak mem usage: 265.06 Mb
[1754126343] -- 02/08/2025 05:21:11 * Finished (main,compress)
						This took about 128 seconds, peak mem usage: 265.06 Mb
[1754126591] -- 02/08/2025 05:25:19 * Finished (main,compress)
						This took about 128 seconds, peak mem usage: 265.06 Mb
[1754126844] -- 02/08/2025 05:29:43 * Finished (main,compress)
						This took about 139 seconds, peak mem usage: 270.99 Mb
[1754127114] -- 02/08/2025 05:34:16 * Finished (main,compress)
						This took about 142 seconds, peak mem usage: 265.06 Mb
[1754127394] -- 02/08/2025 05:38:54 * Finished (main,compress)
						This took about 140 seconds, peak mem usage: 265.06 Mb
[1754127676] -- 02/08/2025 05:43:42 * Finished (main,compress)
						This took about 146 seconds, peak mem usage: 282.85 Mb
[1754127970] -- 02/08/2025 05:48:41 * Finished (main,compress)
						This took about 151 seconds, peak mem usage: 265.06 Mb
[1754128228] -- 02/08/2025 05:50:28 * Finished (main,compress)
						This took about 0 seconds, peak mem usage: 70.25 Mb
[1754128236] -- 02/08/2025 05:50:37 * Finished (main,compress)
						This took about 1 seconds, peak mem usage: 74.35 Mb
[1754128251] -- 02/08/2025 05:50:52 * Finished (main,compress)
						This took about 1 seconds, peak mem usage: 74.35 Mb
[1754128274] -- 02/08/2025 05:51:16 * Finished (main,compress)
						This took about 2 seconds, peak mem usage: 74.35 Mb
[1754128305] -- 02/08/2025 05:51:48 * Finished (main,compress)
						This took about 3 seconds, peak mem usage: 74.35 Mb
[1754128344] -- 02/08/2025 05:52:28 * Finished (main,compress)
						This took about 4 seconds, peak mem usage: 74.35 Mb
[1754128392] -- 02/08/2025 05:53:16 * Finished (main,compress)
						This took about 4 seconds, peak mem usage: 82.54 Mb
[1754128446] -- 02/08/2025 05:54:10 * Finished (main,compress)
						This took about 4 seconds, peak mem usage: 78.45 Mb
[1754128509] -- 02/08/2025 05:55:15 * Finished (main,compress)
						This took about 6 seconds, peak mem usage: 78.45 Mb
[1754128579] -- 02/08/2025 05:56:26 * Finished (main,compress)
						This took about 7 seconds, peak mem usage: 78.45 Mb
[1754128657] -- 02/08/2025 05:57:46 * Finished (main,compress)
						This took about 9 seconds, peak mem usage: 82.54 Mb
[1754128744] -- 02/08/2025 05:59:15 * Finished (main,compress)
						This took about 11 seconds, peak mem usage: 82.54 Mb
[1754128839] -- 02/08/2025 06:00:51 * Finished (main,compress)
						This took about 12 seconds, peak mem usage: 82.54 Mb
[1754128942] -- 02/08/2025 06:02:37 * Finished (main,compress)
						This took about 15 seconds, peak mem usage: 82.54 Mb
[1754129057] -- 02/08/2025 06:04:29 * Finished (main,compress)
						This took about 12 seconds, peak mem usage: 82.54 Mb
[1754129173] -- 02/08/2025 06:06:27 * Finished (main,compress)
						This took about 14 seconds, peak mem usage: 78.45 Mb
[1754129300] -- 02/08/2025 06:08:36 * Finished (main,compress)
						This took about 16 seconds, peak mem usage: 78.45 Mb
[1754129438] -- 02/08/2025 06:10:57 * Finished (main,compress)
						This took about 19 seconds, peak mem usage: 78.45 Mb
[1754129590] -- 02/08/2025 06:13:30 * Finished (main,compress)
						This took about 20 seconds, peak mem usage: 78.45 Mb
[1754129748] -- 02/08/2025 06:16:08 * Finished (main,compress)
						This took about 20 seconds, peak mem usage: 78.45 Mb
[1754129913] -- 02/08/2025 06:18:51 * Finished (main,compress)
						This took about 18 seconds, peak mem usage: 78.45 Mb
[1754130084] -- 02/08/2025 06:21:41 * Finished (main,compress)
						This took about 17 seconds, peak mem usage: 82.54 Mb
[1754130263] -- 02/08/2025 06:24:41 * Finished (main,compress)
						This took about 18 seconds, peak mem usage: 82.54 Mb
[1754130452] -- 02/08/2025 06:27:50 * Finished (main,compress)
						This took about 18 seconds, peak mem usage: 82.54 Mb
[1754130647] -- 02/08/2025 06:31:06 * Finished (main,compress)
						This took about 19 seconds, peak mem usage: 82.54 Mb
[1754130842] -- 02/08/2025 06:34:04 * Finished (main,compress)
						This took about 2 seconds, peak mem usage: 425.98 Mb
[1754130850] -- 02/08/2025 06:34:13 * Finished (main,compress)
						This took about 3 seconds, peak mem usage: 594.08 Mb
[1754130864] -- 02/08/2025 06:34:28 * Finished (main,compress)
						This took about 4 seconds, peak mem usage: 594.08 Mb
[1754130884] -- 02/08/2025 06:34:49 * Finished (main,compress)
						This took about 5 seconds, peak mem usage: 594.08 Mb
[1754130909] -- 02/08/2025 06:35:14 * Finished (main,compress)
						This took about 5 seconds, peak mem usage: 594.08 Mb
[1754130939] -- 02/08/2025 06:35:44 * Finished (main,compress)
						This took about 5 seconds, peak mem usage: 601.61 Mb
[1754130977] -- 02/08/2025 06:36:23 * Finished (main,compress)
						This took about 6 seconds, peak mem usage: 601.61 Mb
[1754131021] -- 02/08/2025 06:37:07 * Finished (main,compress)
						This took about 6 seconds, peak mem usage: 601.61 Mb
[1754131069] -- 02/08/2025 06:37:55 * Finished (main,compress)
						This took about 6 seconds, peak mem usage: 601.61 Mb
[1754131121] -- 02/08/2025 06:38:48 * Finished (main,compress)
						This took about 7 seconds, peak mem usage: 601.61 Mb
[1754131177] -- 02/08/2025 06:39:45 * Finished (main,compress)
						This took about 8 seconds, peak mem usage: 601.61 Mb
[1754131238] -- 02/08/2025 06:40:45 * Finished (main,compress)
						This took about 7 seconds, peak mem usage: 601.78 Mb
[1754131302] -- 02/08/2025 06:41:51 * Finished (main,compress)
						This took about 9 seconds, peak mem usage: 632.27 Mb
[1754131372] -- 02/08/2025 06:43:01 * Finished (main,compress)
						This took about 9 seconds, peak mem usage: 632.27 Mb
[1754131445] -- 02/08/2025 06:44:15 * Finished (main,compress)
						This took about 10 seconds, peak mem usage: 632.27 Mb
[1754131525] -- 02/08/2025 06:45:36 * Finished (main,compress)
						This took about 11 seconds, peak mem usage: 632.27 Mb
[1754131609] -- 02/08/2025 06:47:00 * Finished (main,compress)
						This took about 11 seconds, peak mem usage: 632.27 Mb
[1754131697] -- 02/08/2025 06:48:29 * Finished (main,compress)
						This took about 12 seconds, peak mem usage: 632.27 Mb
[1754131790] -- 02/08/2025 06:50:02 * Finished (main,compress)
						This took about 12 seconds, peak mem usage: 632.27 Mb
[1754131887] -- 02/08/2025 06:51:40 * Finished (main,compress)
						This took about 13 seconds, peak mem usage: 632.27 Mb
[1754131990] -- 02/08/2025 06:53:23 * Finished (main,compress)
						This took about 13 seconds, peak mem usage: 632.27 Mb
[1754132095] -- 02/08/2025 06:55:09 * Finished (main,compress)
						This took about 14 seconds, peak mem usage: 632.26 Mb
[1754132204] -- 02/08/2025 06:56:58 * Finished (main,compress)
						This took about 14 seconds, peak mem usage: 632.25 Mb
[1754132308] -- 02/08/2025 06:58:41 * Finished (main,compress)
						This took about 13 seconds, peak mem usage: 632.26 Mb
[1754132414] -- 02/08/2025 07:00:28 * Finished (main,compress)
						This took about 14 seconds, peak mem usage: 632.25 Mb
[1759932153] -- 08/10/2025 10:02:33 * Finished (main,compress)
						This took about 0 seconds, peak mem usage: 8.30 Mb
[1759932307] -- 08/10/2025 10:05:07 * Finished (main,compress)
						This took about 0 seconds, peak mem usage: 8.30 Mb
[1759932308] -- 08/10/2025 10:05:08 * Finished (main,compress)
						This took about 0 seconds, peak mem usage: 8.30 Mb
[1759932309] -- 08/10/2025 10:05:09 * Finished (main,compress)
						This took about 0 seconds, peak mem usage: 8.30 Mb
[1759932309] -- 08/10/2025 10:05:09 * Finished (main,compress)
						This took about 0 seconds, peak mem usage: 8.30 Mb
[1759932309] -- 08/10/2025 10:05:09 * Finished (main,compress)
						This took about 0 seconds, peak mem usage: 8.30 Mb
[1759932310] -- 08/10/2025 10:05:10 * Finished (main,compress)
						This took about 0 seconds, peak mem usage: 8.30 Mb
[1759932310] -- 08/10/2025 10:05:10 * Finished (main,compress)
						This took about 0 seconds, peak mem usage: 8.30 Mb
[1759932310] -- 08/10/2025 10:05:10 * Finished (main,compress)
						This took about 0 seconds, peak mem usage: 8.30 Mb
[1759932311] -- 08/10/2025 10:05:11 * Finished (main,compress)
						This took about 0 seconds, peak mem usage: 8.30 Mb
[1759932311] -- 08/10/2025 10:05:11 * Finished (main,compress)
						This took about 0 seconds, peak mem usage: 8.30 Mb
[1759932312] -- 08/10/2025 10:05:12 * Finished (main,compress)
						This took about 0 seconds, peak mem usage: 8.30 Mb
[1759932312] -- 08/10/2025 10:05:12 * Finished (main,compress)
						This took about 0 seconds, peak mem usage: 8.30 Mb
[1759932313] -- 08/10/2025 10:05:13 * Finished (main,compress)
						This took about 0 seconds, peak mem usage: 8.30 Mb
[1759932313] -- 08/10/2025 10:05:13 * Finished (main,compress)
						This took about 0 seconds, peak mem usage: 8.30 Mb
[1759932314] -- 08/10/2025 10:05:14 * Finished (main,compress)
						This took about 0 seconds, peak mem usage: 8.30 Mb
[1759932314] -- 08/10/2025 10:05:14 * Finished (main,compress)
						This took about 0 seconds, peak mem usage: 8.30 Mb
[1759932315] -- 08/10/2025 10:05:15 * Finished (main,compress)
						This took about 0 seconds, peak mem usage: 8.30 Mb
[1759932316] -- 08/10/2025 10:05:16 * Finished (main,compress)
						This took about 0 seconds, peak mem usage: 8.30 Mb
[1759932316] -- 08/10/2025 10:05:16 * Finished (main,compress)
						This took about 0 seconds, peak mem usage: 8.30 Mb
[1759932317] -- 08/10/2025 10:05:17 * Finished (main,compress)
						This took about 0 seconds, peak mem usage: 8.30 Mb
[1759932318] -- 08/10/2025 10:05:18 * Finished (main,compress)
						This took about 0 seconds, peak mem usage: 8.30 Mb
[1759932318] -- 08/10/2025 10:05:18 * Finished (main,compress)
						This took about 0 seconds, peak mem usage: 8.30 Mb
[1759932319] -- 08/10/2025 10:05:19 * Finished (main,compress)
						This took about 0 seconds, peak mem usage: 8.30 Mb
[1759932320] -- 08/10/2025 10:05:20 * Finished (main,compress)
						This took about 0 seconds, peak mem usage: 8.30 Mb
[1759932320] -- 08/10/2025 10:05:20 * Finished (main,compress)
						This took about 0 seconds, peak mem usage: 8.30 Mb
